Ash Pines [Free] [Adventure] [Windows],"Thu, 23 Aug 2018 14:21:03 GMT"
I Want Out! [Free] [Adventure] [Windows] [Linux],"Fri, 10 Nov 2017 18:01:39 GMT"
"If On A Winter's Night, Four Travelers [Free] [Adventure] [Windows] [macOS] [Linux]","Sun, 28 Jul 2019 11:06:21 GMT"
Off The Clock [Free] [Adventure] [Windows] [macOS] [Linux],"Sat, 05 Dec 2020 19:06:40 GMT"
Rogue [Free] [Adventure] [Windows] [macOS] [Linux] [Android],"Mon, 18 Nov 2019 03:54:07 GMT"
My Burden to Keep [Free] [Adventure] [Windows],"Sat, 07 Apr 2018 22:00:57 GMT"
A Landlord's Dream [Free] [Adventure] [Windows],"Fri, 03 Nov 2017 14:18:24 GMT"
Waiting for the Loop [$2.00] [Visual Novel] [Windows],"Wed, 18 Oct 2017 03:40:16 GMT"
Neos Aires 2070: Sunday Comes First [Free] [Adventure] [Windows],"Sun, 24 Mar 2019 01:55:47 GMT"
A Tale of Two Kingdoms [$12.00] [Adventure] [Windows] [Linux],"Sat, 15 Aug 2015 10:38:27 GMT"
Outscore [Free] [Adventure] [Windows] [Linux],"Thu, 23 May 2019 09:14:39 GMT"
Breakfast on Trappist-1 [Free] [Adventure] [Windows],"Fri, 28 May 2021 00:24:52 GMT"
A Prelude to an Adventure [Free] [Adventure] [Windows],"Sun, 16 Aug 2020 21:15:49 GMT"
JORRY [Free] [Adventure] [Windows],"Sun, 17 Dec 2017 22:46:49 GMT"
BRUISES [Free] [Adventure] [Windows] [Linux],"Sun, 19 Apr 2020 11:20:58 GMT"
A Room Without You In It [Free] [Adventure] [Windows] [Linux],"Sat, 27 Apr 2019 11:18:27 GMT"
Suli Fallen Harmony [$5.00] [Adventure] [Windows],"Fri, 06 Sep 2019 10:19:21 GMT"
The Knobbly Crook [Free] [Adventure],"Wed, 22 Apr 2015 23:03:34 GMT"
LUCID LUCY [Free] [Adventure] [Windows],"Thu, 28 May 2015 02:40:38 GMT"
The Fickle Hands of Fate [Free] [Adventure] [Windows],"Thu, 08 Jun 2017 14:17:14 GMT"
FANBOTS [Free] [Adventure] [Windows],"Sun, 26 Nov 2017 14:53:15 GMT"
Professor Neely And The Death Ray Of Doom [Free] [Adventure] [Windows],"Fri, 05 Jan 2018 19:00:26 GMT"
Journey Home [Free] [Adventure] [Windows] [Linux],"Sat, 03 Mar 2018 14:12:00 GMT"
Irish Coffee [Free] [Adventure] [Windows],"Sat, 28 Jul 2018 16:09:52 GMT"
Tropic Jim's Sweet Island Adventure [Free] [Puzzle] [Windows] [Linux],"Sun, 14 Jul 2019 05:13:08 GMT"
Chronicle of Innsmouth [$12.99] [Adventure] [Windows],"Fri, 30 Nov 2018 09:13:36 GMT"
IAMJASON [Free] [Adventure] [Windows],"Fri, 20 Mar 2015 21:00:05 GMT"
Ashina: The Red Witch [$1.00] [Adventure] [Windows],"Sat, 30 Apr 2016 08:34:35 GMT"
Starship Light [BETA] [Free] [Role Playing] [Windows] [Linux],"Sun, 07 Mar 2021 22:38:07 GMT"
"Don't Worry, I'll Bring The Beer! [Free] [Adventure] [Windows]","Wed, 16 Aug 2017 20:50:37 GMT"
Quest Fighter 2 [Free] [Action] [Windows],"Fri, 21 Oct 2016 13:21:58 GMT"
Calvin (demo) [Free] [Adventure] [Windows],"Sun, 20 Nov 2016 16:16:47 GMT"
The Funny Boneyard (Demo) [Free] [Adventure] [Windows],"Mon, 25 Jun 2018 10:09:13 GMT"
Adaline and the Moon Picnic [Free] [Adventure] [Windows],"Wed, 06 Feb 2019 17:10:36 GMT"
Clotilde Soffritti in: Never Buy a Used Spaceship [Free] [Adventure] [Windows],"Sat, 02 Nov 2019 16:53:30 GMT"
Mana Match (Alpha) [Free] [Puzzle] [Windows] [Linux],"Thu, 08 Apr 2021 02:04:11 GMT"
Trails and Traces : The Tomb of Thomas Tew [$3.99] [Adventure] [Windows],"Mon, 18 Feb 2019 11:39:04 GMT"
Pong [Free] [Action],"Fri, 26 Feb 2021 18:36:15 GMT"
Nelly Cootalot: Spoonbeaks Ahoy! [2.00€] [Adventure] [Windows] [macOS] [Linux],"Sun, 07 Jun 2020 09:30:39 GMT"
Bear in Venice [Free] [Adventure] [Windows] [Linux],"Tue, 04 Dec 2018 12:28:17 GMT"
Red Bow [$3.99] [Adventure] [Windows],"Mon, 28 Aug 2017 15:37:46 GMT"
Star Wars: Shadows of the Empire - graphic adventure (Tech Demo) [Free] [Adventure] [Windows] [Linux],"Wed, 13 Feb 2019 20:09:28 GMT"
VGA: The Secret of Hutton Church of England Grammar School [$1.00] [Adventure] [Windows],"Wed, 11 Apr 2018 06:02:33 GMT"
Feria d'Arles [$3.99] [Adventure] [Windows] [macOS],"Fri, 06 Apr 2018 01:53:57 GMT"
Almost Blue [Free] [Puzzle],"Sat, 26 Oct 2019 10:04:07 GMT"
Maniac Mansion Mania - Berthold's Return [Free] [Adventure] [Windows],"Sat, 18 Apr 2020 06:09:07 GMT"
Stellar Mess Episode 1 - Playable Demo [Free] [Adventure] [Windows],"Sun, 29 Mar 2020 19:19:04 GMT"
Duty first [Free] [Adventure] [Windows],"Fri, 27 Nov 2020 16:15:41 GMT"
Larry Lotter and the Test of Time [$3.00] [Adventure] [Windows] [Linux],"Sat, 15 Aug 2015 10:28:59 GMT"
La maleta [Free] [Interactive Fiction] [Windows] [macOS] [Linux],"Thu, 20 May 2021 19:13:02 GMT"
The Castle [$5.00] [Adventure] [Windows],"Tue, 27 Aug 2019 16:46:37 GMT"
Black Sect 2: The Cursed Crypt (Remake) [Free] [Adventure] [Windows] [Linux],"Tue, 14 Jan 2020 23:21:31 GMT"
Living Metal [Free] [Other] [Windows],"Sun, 12 Sep 2021 16:25:18 GMT"
META [Free] [Adventure] [Windows] [Linux],"Sat, 15 Aug 2015 10:38:18 GMT"
The Halloween Party [Free] [Adventure] [Windows],"Sat, 26 Sep 2020 20:06:34 GMT"
The Secrets of Jesus [$11.99] [Adventure] [Windows] [Linux],"Mon, 14 Oct 2019 10:51:36 GMT"
Prodigal [Free] [Adventure] [Windows],"Mon, 29 Nov 2021 17:35:18 GMT"
Animal Agency [Free] [Adventure] [Windows] [macOS] [Linux],"Tue, 17 Nov 2020 02:30:36 GMT"
The Cabin [Free] [Adventure] [Windows],"Wed, 02 Dec 2020 02:11:05 GMT"
The Beard in the Mirror [$8.99] [Adventure],"Tue, 20 Sep 2016 19:55:19 GMT"
SPHONX [Free] [Adventure] [Windows] [Linux],"Sat, 27 Nov 2021 15:44:00 GMT"
Imposter Syndrome [Free] [Visual Novel] [Windows],"Sun, 22 Aug 2021 06:32:00 GMT"
Quest for Yrolg [$3.00] [Adventure] [Windows] [Linux],"Sat, 15 Aug 2015 10:39:13 GMT"
Monkeys to the Moon [Free] [Puzzle] [Windows] [Linux],"Thu, 05 Jan 2017 22:04:09 GMT"
Anastronaut: The Moon Hopper [$3.00] [Adventure] [Windows],"Thu, 02 Jul 2015 21:31:40 GMT"
Tea for Two: A Detective Logan's Case [Free] [Adventure] [Windows] [Linux],"Sun, 04 Apr 2021 16:59:48 GMT"
Neos Aires 2070 [Free] [Adventure] [Windows],"Thu, 13 Apr 2017 23:28:00 GMT"
Errand [Free] [Adventure] [Windows] [Linux],"Wed, 11 Mar 2015 22:11:32 GMT"
Commissar's Contrapasso [Free] [Adventure] [Windows] [macOS] [Linux],"Tue, 09 Oct 2018 09:20:35 GMT"
Sniper and spotter climbing a tower [Free] [Adventure] [Windows] [macOS] [Linux],"Sat, 01 Dec 2018 21:52:45 GMT"
I Rented a Boat [Free] [Adventure] [Windows] [Linux],"Sun, 04 Apr 2021 16:41:25 GMT"
Infinite Monkeys [Free] [Adventure] [Windows] [Linux],"Sat, 15 Aug 2015 10:26:35 GMT"
Captain Downes and the Pirate Princess [Free] [Adventure] [Windows] [macOS] [Linux],"Thu, 25 Oct 2018 09:42:27 GMT"
Mysteries of Peak Valley 1: The Lost Sonata [Free] [Adventure] [Windows],"Sat, 09 Jun 2018 02:13:54 GMT"
Paul Romano [Free] [Adventure] [Windows] [Linux] [Android],"Thu, 16 May 2019 14:50:00 GMT"
3 Geeks [8.00€] [Adventure] [Windows],"Fri, 28 Dec 2018 15:45:30 GMT"
Hjarta [Free] [Adventure] [Windows],"Sun, 15 Feb 2015 17:28:59 GMT"
Oceanspirit Danish [Free] [Adventure] [Windows] [Linux],"Sat, 15 Aug 2015 10:32:10 GMT"
Vector Vendetta [Free] [Shooter] [Windows] [Linux],"Sat, 15 Aug 2015 10:39:04 GMT"
The World Is Weird [Free] [Other] [Windows],"Thu, 05 Mar 2020 07:49:27 GMT"
Puddlehooves: A Centaur Fishing Story [Free] [Simulation] [Windows],"Thu, 13 Aug 2020 21:02:03 GMT"
"AGI: The Secret of Hutton Church of England Grammar School: Special, not made in 5 days, Edition [Free] [Adventure] [Windows]","Fri, 06 Apr 2018 01:26:02 GMT"
Got a Light? [Free] [Other] [Windows],"Sat, 08 Jul 2017 06:27:41 GMT"
Santa Claus in A Flight To Remember [Free] [Adventure] [Windows],"Wed, 29 Dec 2021 15:35:04 GMT"
The Dollhouse - Chapter 1 [Free] [Adventure],"Mon, 19 Feb 2018 03:09:19 GMT"
Hopping Homeward [Free] [Adventure] [Windows] [Linux],"Thu, 01 Aug 2019 02:48:54 GMT"
Mysteries of Peak Valley 2: The White Lady [Free] [Adventure] [Windows],"Sat, 09 Jun 2018 04:12:00 GMT"
Desolate (Remake) [Free] [Adventure] [Windows] [Linux],"Sun, 14 Mar 2021 23:23:02 GMT"
"Yago, the Coquerrestrial [Free] [Adventure] [Windows] [Linux]","Tue, 03 Jul 2018 16:14:12 GMT"
Barahir's Adventure: Askar's Castle (Remake) [Free] [Adventure] [Windows] [Linux],"Sun, 22 Nov 2020 18:08:05 GMT"
Gifting Spirit [Free] [Adventure] [Windows],"Sat, 04 Dec 2021 13:14:25 GMT"
La boite [Free] [Adventure] [Windows],"Thu, 21 May 2020 12:33:13 GMT"
Private Detective [Free] [Puzzle] [Windows] [Linux],"Fri, 20 Jul 2018 10:38:34 GMT"
Le Lac [Free] [Interactive Fiction] [Windows],"Mon, 11 Jun 2018 21:11:14 GMT"
Wedding Crashers [Free] [Racing] [Windows],"Sun, 17 May 2020 21:49:10 GMT"
The Candy Forest [Free] [Windows],"Mon, 11 Sep 2017 04:49:49 GMT"
Robbing the Princess [Free] [Adventure] [Windows],"Tue, 12 May 2020 20:21:56 GMT"
Fhaloness [Free] [Adventure] [Windows] [macOS],"Tue, 25 May 2021 01:31:13 GMT"
Fixer (DEMO) [Free] [Adventure] [Windows],"Tue, 07 Apr 2020 16:36:55 GMT"
The DOG Adventure Collection [$1.99] [Adventure] [Windows],"Sun, 23 Aug 2020 21:16:00 GMT"
Futurama - Who Said That ?!? [Free] [Other] [Windows] [Linux],"Sat, 13 Jun 2020 20:32:39 GMT"
The Office (not that one) [Free] [Adventure] [Windows] [Linux],"Sun, 22 Mar 2020 16:31:22 GMT"
Indiana Rodent [Free] [Platformer] [Windows] [Linux],"Sat, 15 Aug 2015 10:38:49 GMT"
Cedric Shooter [Free] [Action] [Windows] [Linux],"Mon, 21 May 2018 19:29:52 GMT"
Wormhole - 1 [Free] [Adventure] [Windows],"Sat, 27 Jun 2020 14:36:14 GMT"
BYO-Hero [Free] [Adventure] [Windows],"Sat, 19 Sep 2020 15:40:50 GMT"
Bob-L [Free] [Puzzle],"Mon, 12 Jul 2021 02:42:28 GMT"
A Murder Mystery In Minnesota [Free] [Adventure] [Windows] [Linux],"Mon, 09 Apr 2018 21:23:23 GMT"
Bake Off Italia - The Graphic Adventure [Free] [Adventure] [Windows] [Linux],"Sun, 09 May 2021 19:07:53 GMT"
Dellamorte Dellamore [Free] [Other] [Windows],"Sat, 23 Jun 2018 19:23:20 GMT"
La Carbonara [Free] [Interactive Fiction] [Linux],"Mon, 26 Apr 2021 15:01:24 GMT"
Opposite Edge of Slumber [Free] [Interactive Fiction],"Sat, 29 Feb 2020 15:49:06 GMT"
Burrow [Free] [Adventure],"Tue, 17 Mar 2020 00:37:32 GMT"
"Kingsley Road, 1980 [Free] [Interactive Fiction] [Windows]","Mon, 28 Sep 2020 00:00:08 GMT"
Beer! [$2.00] [Puzzle] [Windows] [Linux],"Sat, 15 Aug 2015 09:51:35 GMT"
Breakdown [Free] [Adventure] [Windows],"Tue, 12 May 2020 20:04:34 GMT"
The Vacuum [Free] [Adventure] [Windows],"Sun, 19 Jul 2020 07:16:19 GMT"
New City - Spanish Version [Free] [Adventure] [Windows],"Thu, 05 Jul 2018 22:07:45 GMT"
DANCE ON ME [Free] [Survival],"Mon, 02 Aug 2021 11:03:08 GMT"
La Colonia (Tech Demo) [Free] [Adventure] [Windows],"Sat, 18 Dec 2021 16:35:20 GMT"
Mr Tijerakis [Free] [Action] [Windows],"Wed, 01 Sep 2021 15:04:31 GMT"
The Man Who Mistook His Wife For a Hat [Free] [Adventure],"Sun, 27 Sep 2020 14:11:25 GMT"
Flight from the Robots [Free] [Adventure],"Tue, 07 Sep 2021 15:06:46 GMT"
TRAVELERS (Prototype) [Free] [Other] [Windows],"Tue, 30 Apr 2019 16:09:12 GMT"
Desert Miner [Free] [Adventure] [Windows],"Wed, 10 Jul 2019 12:47:35 GMT"
Inconvenience [Free] [Puzzle] [Windows],"Sat, 08 Feb 2020 07:33:20 GMT"
The City That Drowned (DEMO) [Free] [Adventure] [Windows] [macOS],"Fri, 12 Jun 2020 01:35:12 GMT"
Buccaneer [Free] [Adventure] [Windows],"Wed, 26 May 2021 02:09:55 GMT"
Clik [Free] [Other] [Windows],"Wed, 18 Mar 2020 00:04:53 GMT"
Banana Racer [Free] [Action] [Windows],"Thu, 01 Sep 2016 14:59:48 GMT"
The Alien/The Spaceman [Free] [Adventure],"Mon, 14 Jun 2021 16:52:32 GMT"
Trouble on the Corner of Sugar & Spice [Free] [Visual Novel] [Windows],"Mon, 01 Feb 2021 08:37:31 GMT"
Headbanger's Heaven [Free] [Adventure] [Windows],"Sun, 24 May 2020 10:05:25 GMT"
AGS Mastermind [Free] [Other] [Windows],"Sat, 06 Feb 2021 17:09:40 GMT"
AGS Yahtzee 2 [Free] [Other] [Windows],"Sat, 06 Feb 2021 15:57:52 GMT"
Erk: Adventures in Stone Age Real Estate [Free] [Adventure] [Windows],"Tue, 12 May 2020 19:50:22 GMT"
The Search for Oceanspirit Dennis [Free] [Adventure] [Windows],"Tue, 12 May 2020 20:31:07 GMT"
Alan Saves Christmas [Free] [Adventure] [Windows],"Tue, 12 May 2020 19:30:48 GMT"
AGS Magus [Free] [Card Game] [Windows],"Sat, 06 Feb 2021 16:53:30 GMT"
Galactic Pong [Free],"Mon, 11 Jan 2021 22:14:15 GMT"
Goat Adventure [Free] [Adventure],"Thu, 16 Sep 2021 21:54:25 GMT"
Heroine's Quest: The Herald of Ragnarok [Free] [Adventure] [Windows] [Linux],"Thu, 16 Jul 2015 21:27:18 GMT"
Starship Quasar [$3.00] [Adventure] [Windows] [Linux],"Thu, 16 Jul 2015 21:20:13 GMT"
Notebook Detective [Free] [Adventure],"Mon, 08 Jun 2020 00:53:16 GMT"
ABOMINATION OBTAINER [Free] [Adventure] [Windows],"Thu, 07 Jan 2016 04:26:17 GMT"
Der Pudel-Ripper [Free] [Adventure] [Windows] [macOS],"Thu, 24 Nov 2016 18:08:32 GMT"
Kart-Quest [Free] [Adventure] [Windows],"Sun, 18 Dec 2016 08:36:06 GMT"
A Crow Cawled Raven [Free] [Adventure] [Windows] [Linux],"Tue, 22 May 2018 15:35:51 GMT"
Vexation Island The Game [Free] [Adventure] [Windows],"Tue, 31 Jan 2017 03:03:36 GMT"
Herby [Free] [Puzzle] [Windows] [Linux],"Sun, 22 Dec 2019 19:22:27 GMT"
What Linus Bruckman Sees When His Eyes Are Closed [Free] [Puzzle] [Windows],"Sat, 24 Mar 2018 21:35:46 GMT"
Kirjastotäti [Free] [Adventure] [Windows],"Thu, 01 Nov 2018 19:47:26 GMT"
Onironauta [1.99€] [Adventure] [Windows],"Sat, 23 Mar 2019 12:37:52 GMT"
