8 Breed - v2.6 - Rogue lite [$1.00] [Role Playing] [Windows] [Linux],"Thu, 14 Mar 2019 11:04:30 GMT"
Boot Hill Blaster [$1.99] [Action] [Windows] [Linux] [Android],"Wed, 17 Sep 2014 20:54:00 GMT"
Pixelstein 3d - 7.0 [$1.00] [Action] [Windows] [Linux] [Android],"Sun, 26 Aug 2018 08:50:22 GMT"
Pixel grunt - Html5 - Game [Free] [Strategy],"Thu, 15 Aug 2019 18:21:12 GMT"
Xen the Alien (Full Game) [Free] [Shooter] [Windows],"Sun, 30 Dec 2018 22:36:09 GMT"
Heatwave [Free] [Strategy],"Mon, 20 Nov 2017 03:01:16 GMT"
Slice Wise [Free] [Puzzle],"Wed, 24 May 2017 10:46:57 GMT"
Toxic Terror [$1.99] [Action] [Windows] [Linux],"Sun, 31 Jan 2016 23:25:57 GMT"
Fantastic Action Fishing Game - With Fish And Action [Free] [Action] [Windows],"Mon, 15 Jun 2020 22:00:46 GMT"
Stereoscopic World Trip [Free] [Educational] [Windows],"Mon, 13 May 2019 11:03:44 GMT"
Salacot Jack - Complete Edition [$3.99] [Other] [Windows],"Tue, 13 Nov 2018 21:16:27 GMT"
Minezel [Free] [Puzzle] [Windows] [Linux] [Android],"Mon, 02 Sep 2019 08:48:22 GMT"
Snacky Tower [Free] [Puzzle],"Fri, 11 Mar 2022 12:04:10 GMT"
Whammy [Free] [Role Playing],"Mon, 10 Aug 2020 09:54:29 GMT"
Country flags of the world [Free] [Educational] [Android],"Tue, 10 Mar 2020 12:01:16 GMT"
Pixelstein 3d    v7.0    html5 [Free] [Action],"Tue, 17 Sep 2019 11:56:09 GMT"
ORBITER [Free] [Action],"Tue, 22 Jun 2021 00:18:58 GMT"
island survival clicker (android/windows) [Free] [Other] [Windows] [Android],"Sat, 31 Jul 2021 14:10:44 GMT"
Another Cookie Clicker Game [Free] [Other] [Windows] [Android],"Wed, 14 Oct 2020 13:16:13 GMT"
P3 [Free] [Action] [Windows] [Android],"Sat, 15 Aug 2020 20:06:08 GMT"
Greet 'em and Seat 'em [Free] [Action],"Sun, 19 Jan 2020 11:06:32 GMT"
Goblin Dreams [Free] [Platformer],"Fri, 30 Jun 2017 02:28:24 GMT"
ECLIPSE (witn free Demo) [$3.00] [Adventure] [Windows],"Wed, 27 Apr 2022 01:59:26 GMT"
Sneekee [Free] [Platformer],"Sun, 16 Aug 2020 00:29:18 GMT"
The Need For Friction [Free] [Puzzle],"Wed, 30 Mar 2022 12:47:25 GMT"
Kau Strzau [Free] [Shooter] [Windows],"Sun, 07 Aug 2022 21:28:48 GMT"
Mars Keeper [Free] [Simulation] [Windows],"Wed, 22 Jun 2022 23:52:42 GMT"
Drop Fruit [Free] [Puzzle] [Windows],"Sun, 19 Jun 2022 07:00:56 GMT"
Molecools [Free] [Puzzle] [Android],"Tue, 19 Jan 2021 12:44:23 GMT"
Missile Command [Free] [Action],"Sat, 27 Jun 2020 15:05:24 GMT"
Space Is Dangerous [Free] [Strategy] [Windows],"Tue, 16 Aug 2022 19:52:52 GMT"
COVID OPS [Free] [Simulation],"Mon, 30 Mar 2020 07:36:37 GMT"
Knallkrebs [Free] [Action],"Wed, 15 Jun 2022 08:12:04 GMT"
Can It Be Eaten? [Free] [Puzzle],"Sat, 01 Feb 2020 02:06:04 GMT"
FPS Gaming Quiz [Free] [Other],"Mon, 27 Apr 2020 03:49:50 GMT"
Get The Gems [$2.99] [Puzzle],"Fri, 11 Mar 2022 01:48:25 GMT"
Pops the Clown [Free],"Fri, 27 Dec 2019 07:31:55 GMT"
Liberator [Free] [Action] [Windows],"Sat, 16 Apr 2022 02:21:50 GMT"
Notebook Jam [Free] [Puzzle],"Thu, 19 May 2022 03:00:11 GMT"
soko-crate [Free] [Puzzle],"Tue, 09 Aug 2022 21:18:37 GMT"
Xen the Alien (Full Game + Level Editor + Cheat Console) [$5.00] [Shooter] [Windows],"Sun, 30 Dec 2018 22:41:38 GMT"
Trivia Hangman - Tiki Style [Free] [Puzzle],"Mon, 04 Jul 2022 20:49:46 GMT"
clicky clicks dungeon of hand drawn computer graphics [Free] [Interactive Fiction] [Android],"Mon, 24 Sep 2018 13:50:16 GMT"
Great Syphon : Ship builder (pre-alpha) [Free] [Other] [Windows] [Android],"Thu, 16 Nov 2017 08:44:45 GMT"
"Arkeos Chronicle, RPG fantasy [Free] [Role Playing]","Sat, 15 Sep 2018 10:49:36 GMT"
ZooM [Free] [Racing] [Windows],"Tue, 16 Feb 2021 11:44:25 GMT"
Wordgame [Free] [Educational],"Sat, 20 Mar 2021 23:25:56 GMT"
The Hounds of Hell [Free] [Action] [Windows],"Fri, 10 Jun 2022 16:52:08 GMT"
Arcade action frog - Frogger [Free] [Action] [Windows] [macOS] [Linux],"Sun, 29 Sep 2019 14:26:13 GMT"
The return to the motherboard [Free] [Shooter] [Windows] [macOS],"Tue, 06 Aug 2019 07:41:17 GMT"
Tau Flight [Free] [Action] [Windows] [Linux],"Fri, 21 Feb 2020 14:00:48 GMT"
Dungeon Crusher [Free] [Puzzle] [Windows] [Android],"Thu, 24 Aug 2017 04:26:29 GMT"
The Awakening [Free] [Puzzle] [Windows] [Android],"Sat, 16 Sep 2017 20:45:32 GMT"
Elixir [Free] [Shooter] [Windows] [Android],"Wed, 06 Jan 2021 12:27:20 GMT"
Egypt Versus Zombies [Free] [Survival] [Windows] [macOS] [Linux],"Wed, 26 Jan 2022 08:57:18 GMT"
Toweriors [Free] [Strategy] [Windows],"Sat, 29 Jan 2022 23:08:48 GMT"
Janbo's Towerdefense [Free] [Strategy] [Windows] [Android],"Mon, 17 Jan 2022 22:26:19 GMT"
TD Template/Tutorial [AGK] [Free] [Strategy],"Sun, 21 Nov 2021 15:06:15 GMT"
Bookworm Blunder [$2.99] [Action] [Windows],"Tue, 27 Nov 2018 05:33:20 GMT"
That old Fire game [Free] [Action] [Windows] [macOS] [Linux],"Sun, 15 Sep 2019 15:42:38 GMT"
Not another retro pixel game [Free] [Role Playing] [Windows] [Linux],"Tue, 21 Aug 2018 07:16:07 GMT"
TowerOfTwo [Free] [Survival] [Windows] [Android],"Wed, 26 Jan 2022 13:32:32 GMT"
LettersFall 110% [Free] [Puzzle],"Mon, 05 Sep 2022 16:10:03 GMT"
Entomophobia [Free] [Shooter] [Windows],"Sun, 12 Apr 2020 13:12:57 GMT"
DefCon - Safe our Colonies [Free] [Action] [Windows],"Sun, 23 Jan 2022 19:16:25 GMT"
Super Spooky Alley Deluxe [Free] [Action] [Windows],"Fri, 30 Apr 2021 11:08:22 GMT"
Blast Born: Cars N' Guns [Free] [Shooter] [Windows] [Linux],"Thu, 08 Aug 2019 19:52:16 GMT"
Dungeon Swap [Free] [Puzzle] [Windows],"Mon, 20 Jul 2020 09:26:30 GMT"
RetroBrik [Free] [Action] [Windows],"Thu, 14 May 2020 13:28:51 GMT"
BuMazebble [Free] [Puzzle] [Windows],"Sat, 11 Jun 2022 18:46:43 GMT"
matrix defense [Free] [Strategy] [Windows],"Sun, 30 Jan 2022 23:05:49 GMT"
Concentric [Free] [Puzzle],"Sun, 04 Oct 2020 21:04:13 GMT"
Sidney the Super Space Snake [Free] [Action] [Windows] [Linux] [Android],"Sun, 07 Apr 2019 14:32:12 GMT"
Falling Cubes [Free] [Survival] [Windows],"Wed, 02 Jun 2021 08:31:39 GMT"
OBEDISK [Free] [Strategy] [Windows] [Linux],"Sun, 30 Jan 2022 20:57:07 GMT"
Spy Escape - The Office [Free] [Puzzle],"Sat, 09 Oct 2021 07:57:10 GMT"
STAR MAZE [Free] [Puzzle],"Sat, 11 Jun 2022 04:10:37 GMT"
Last Christmas Ever [Free] [Interactive Fiction],"Thu, 02 Dec 2021 01:32:48 GMT"
Eagle Strike P [Free] [Action] [Windows],"Fri, 09 Sep 2022 11:46:59 GMT"
Bird Watch [Free] [Action],"Sat, 05 Feb 2022 13:17:24 GMT"
Interference [Free] [Action],"Wed, 08 Apr 2020 02:33:38 GMT"
Swimmy Whale [Free] [Platformer] [Android],"Fri, 17 Jan 2020 09:42:31 GMT"
War on water (demo) [Free] [Shooter] [Windows],"Wed, 04 Mar 2020 11:55:37 GMT"
KishyMEW [Free] [Adventure] [Windows] [Linux],"Tue, 09 Nov 2021 23:30:31 GMT"
Black Sheep Farm [Free] [Survival] [Android],"Sat, 23 Feb 2019 00:17:17 GMT"
G-Breaker [Free] [Action],"Sat, 24 Aug 2019 02:27:26 GMT"
Death Is Just The Beginning [Free] [Other] [Windows],"Mon, 30 May 2022 14:07:20 GMT"
Space Haze [Free] [Action] [Android],"Wed, 27 Mar 2019 19:55:53 GMT"
BrainFlip [Free] [Puzzle] [Android],"Sun, 26 Jul 2020 09:16:27 GMT"
TableRunner [Free] [Sports],"Sat, 07 Mar 2020 16:55:56 GMT"
Space Cat ( FULL GAME ) [Free] [Adventure] [Windows] [Linux],"Wed, 10 Nov 2021 15:05:14 GMT"
Space Game [Free] [Action] [Windows],"Sun, 11 Apr 2021 17:55:56 GMT"
The Mad Tapper [Free] [Android],"Sun, 06 Jan 2019 17:42:03 GMT"
Side Rocket [Free] [Other] [Windows] [Android],"Mon, 21 Dec 2020 00:19:20 GMT"
Baxalixo [Free] [Puzzle],"Sat, 21 Mar 2020 20:18:03 GMT"
Ruler [Free] [Educational] [Android],"Sat, 29 Dec 2018 14:57:12 GMT"
Rabbit English Quiz [Free] [Educational],"Tue, 02 Feb 2021 05:27:32 GMT"
Coin Cowboy [Free] [Android],"Mon, 10 Dec 2018 00:41:24 GMT"
Infection [Free] [Other],"Mon, 10 Jan 2022 22:44:10 GMT"
SPACE CAT DEMO [Free] [Adventure],"Tue, 09 Nov 2021 00:04:20 GMT"
Bird Balls XL [Free] [Action],"Tue, 06 Aug 2019 07:16:14 GMT"
Black Screen Simulator [Free] [Windows] [Linux] [Android],"Fri, 23 Apr 2021 15:30:02 GMT"
Rock-Paper-Scissors-Tic-Tac-Toe [Free] [Other],"Sat, 08 Aug 2020 12:38:52 GMT"
Sisyphus [Free] [Role Playing],"Sun, 04 Jul 2021 20:59:34 GMT"
Dragon Mind [Free] [Puzzle],"Fri, 08 Feb 2019 20:58:48 GMT"
Never Waste Food [Free] [Other],"Sat, 06 Mar 2021 14:30:15 GMT"
Loco Motion [Free] [Action] [Android],"Mon, 10 Dec 2018 02:57:51 GMT"
Whack Red White [Free] [Strategy] [Windows],"Fri, 05 Nov 2021 21:33:39 GMT"
Karaoke Rapocalypse [Free] [Other],"Tue, 17 Oct 2017 00:24:21 GMT"
Crystal Ball [Free] [Puzzle] [Windows],"Sun, 07 Aug 2022 15:07:55 GMT"
COVID DANGER HTML [Free] [Shooter],"Fri, 15 May 2020 18:47:52 GMT"
RPG Gaming Quiz [Free] [Other],"Wed, 20 May 2020 02:34:07 GMT"
RPGalaxy [Free] [Simulation],"Thu, 30 Jun 2022 21:24:58 GMT"
Power Run [Free] [Action],"Mon, 31 Jul 2017 23:20:40 GMT"
boxmov [Free],"Sun, 08 Sep 2019 22:28:21 GMT"
SnowDice - Winter Belongs to You [Free] [Action],"Sun, 17 Jul 2022 08:20:47 GMT"
Rolling Rolling Rolling [Free] [Other],"Wed, 17 Jun 2020 01:08:11 GMT"
Time Blocker [Free] [Puzzle],"Mon, 19 Apr 2021 06:44:28 GMT"
Final Human vs. Zombie Hordes [Free] [Action],"Sat, 12 Feb 2022 20:16:22 GMT"
Free Fall [Free] [Other] [Windows],"Thu, 29 Apr 2021 10:39:55 GMT"
Superkang [Free] [Action],"Wed, 17 Nov 2021 08:06:03 GMT"
Rogue Robot Rampage [Free] [Action],"Sun, 01 Apr 2018 08:02:07 GMT"
moveboxhtml [Free] [Puzzle],"Sat, 20 Aug 2022 17:35:17 GMT"
olafhtml [Free] [Puzzle],"Sat, 06 Aug 2022 21:10:00 GMT"
Whack! Cookies [Free] [Other],"Sat, 12 Dec 2020 11:57:33 GMT"
Busy Bees [Free] [Other],"Mon, 19 Mar 2018 17:28:38 GMT"
InkSpot Golf [Free] [Sports],"Sat, 30 Nov 2019 06:12:06 GMT"
Guess this picture [Free] [Strategy],"Sun, 16 Sep 2018 05:52:19 GMT"
blocushtml [Free],"Tue, 02 Aug 2022 21:31:00 GMT"
taquinhtml [Free] [Puzzle],"Thu, 28 Jul 2022 17:16:28 GMT"
minisoko [Free] [Puzzle],"Wed, 10 Aug 2022 21:26:03 GMT"
Jim The Frog [Free] [Action],"Sun, 12 Aug 2018 21:39:14 GMT"
radeauhtml [Free] [Puzzle],"Mon, 22 Aug 2022 20:09:18 GMT"
Space Swap 110% [Free] [Puzzle],"Mon, 05 Sep 2022 15:59:10 GMT"
3dwordhtml [Free] [Puzzle],"Sun, 14 Aug 2022 20:25:24 GMT"
Don't drop my pumpkin [Free] [Other],"Mon, 01 Mar 2021 10:43:00 GMT"
blockouthtml [Free] [Puzzle],"Mon, 08 Aug 2022 19:58:08 GMT"
bi-sph√®rehtml [Free] [Puzzle],"Sun, 21 Aug 2022 21:21:09 GMT"
colorixhtml [Free] [Puzzle],"Thu, 04 Aug 2022 19:41:10 GMT"
magiehtml [Free] [Educational],"Sun, 07 Aug 2022 20:30:57 GMT"
taquin-lecerf-html [Free] [Puzzle],"Sat, 13 Aug 2022 20:33:58 GMT"
AlpineRally Windows Edition [$1.00] [Racing] [Windows],"Wed, 12 May 2021 09:36:06 GMT"
Ant Safari Windows Edition [$1.00] [Shooter] [Windows],"Tue, 28 Sep 2021 17:16:38 GMT"
AlpineRally Linux Edition [$1.00] [Racing] [Linux],"Wed, 12 May 2021 09:13:18 GMT"
Ant Safari Android Edition [$1.00] [Android],"Sun, 03 Oct 2021 19:04:52 GMT"
AlpineRally Android Edition [$1.00] [Racing] [Android],"Wed, 12 May 2021 09:47:56 GMT"
Khinkali Save [Free] [Action] [Windows] [macOS] [Android],"Mon, 10 Jun 2019 13:17:07 GMT"
Distant Lands [Free] [Survival] [Windows] [macOS],"Tue, 13 Apr 2021 03:52:14 GMT"
Gift of Life [Free] [Platformer] [Windows] [Android],"Tue, 21 Aug 2018 18:44:58 GMT"
Lone Star Dive: Fears of Mars [Free] [Other] [Windows] [Linux],"Sun, 16 Dec 2018 05:47:15 GMT"
Fire Fighters [Free] [Strategy],"Sat, 24 Dec 2016 22:21:03 GMT"
Accountant The Game [Free] [Simulation],"Mon, 21 Jan 2019 21:59:38 GMT"
SpaceBunny [Free] [Card Game],"Wed, 06 Feb 2019 01:49:59 GMT"
Cowboy Roundup [Free] [Racing],"Wed, 01 Mar 2017 07:02:04 GMT"
Run Onceler! [Free] [Other],"Sat, 28 Jan 2017 17:11:19 GMT"
Hiker Scramble [Free] [Puzzle],"Wed, 27 Sep 2017 05:56:31 GMT"
DKOM [Free] [Action] [Windows],"Sat, 01 Dec 2018 16:21:31 GMT"
Digital Light Friend [Free] [Simulation] [Android],"Mon, 18 Feb 2019 22:20:58 GMT"
Pong [Free] [Action],"Fri, 26 Feb 2021 18:36:15 GMT"
FireRobots [Free] [Action] [Windows] [macOS] [Linux],"Wed, 18 Sep 2019 09:21:51 GMT"
Daisia [$1.99] [Puzzle] [Windows] [Android],"Sat, 18 Jul 2015 07:05:58 GMT"
