Mr.TomatoS [Free] [Educational] [Windows],"Sun, 05 Jul 2020 19:41:46 GMT"
BEEP BOOP [Free] [Platformer] [Windows],"Fri, 29 Jul 2022 23:04:43 GMT"
Plants vs Zombies: It's Versus Time [Free] [Strategy] [Windows],"Tue, 31 May 2022 23:39:42 GMT"
Sonic 3D in 2D [Free] [Platformer] [Windows],"Fri, 22 May 2020 09:03:44 GMT"
Kromer Kollector Neo [Free] [Action] [Windows] [Android],"Sun, 21 Nov 2021 23:58:00 GMT"
FNAF Simulator: Origins [Free] [Simulation] [Windows],"Mon, 17 May 2021 10:28:17 GMT"
Washout Spire [Free] [Platformer] [Windows],"Sat, 11 Sep 2021 17:24:17 GMT"
Clash Force [$4.99] [Shooter] [Windows],"Sat, 28 Oct 2017 07:19:25 GMT"
Necrow Co. [Free] [Platformer] [Windows],"Thu, 23 Sep 2021 22:10:50 GMT"
Xenogunner [$14.99] [Action] [Windows],"Mon, 13 Apr 2020 17:59:54 GMT"
Polyroll [$5.99] [Platformer] [Windows],"Wed, 18 Jul 2018 19:37:16 GMT"
Yokai Moon [Free] [Strategy] [Windows],"Sat, 15 Aug 2020 11:17:01 GMT"
My Pet Ghost [Free] [Simulation] [Windows],"Mon, 22 Oct 2018 13:59:03 GMT"
Ruadine [Beta Demo v1.2] [Free] [Adventure],"Fri, 21 Aug 2020 13:56:42 GMT"
Better to Upload - Full Game [Free] [Role Playing] [Windows],"Mon, 05 Nov 2018 00:09:41 GMT"
Moonlit [Free] [Platformer] [Windows],"Mon, 13 Dec 2021 13:36:46 GMT"
MANOS: The Hands of Fate [Free] [Platformer] [Windows],"Tue, 30 Mar 2021 22:57:58 GMT"
Kapitan Dupa - Minigame [Free] [Simulation] [Windows],"Sat, 24 Oct 2020 14:02:17 GMT"
Lone Fungus [$19.99] [Platformer] [Windows],"Wed, 10 Mar 2021 15:50:51 GMT"
Kalaban [Free] [Adventure] [Windows],"Mon, 29 Aug 2016 12:56:22 GMT"
Lintw - The Simulated Märchen [Free] [Simulation] [Windows] [Android],"Tue, 27 Nov 2018 11:32:07 GMT"
Kitrinos: Inside the Cube [Free] [Adventure] [Windows],"Tue, 19 Jun 2018 18:12:12 GMT"
Mutant Colossus from Outer Space [$4.99] [Platformer] [Windows],"Tue, 10 Feb 2015 16:11:32 GMT"
TEALERLAND (Official) [Free] [Survival],"Sat, 21 Aug 2021 08:17:52 GMT"
Roving in the Dark [$4.99] [Platformer] [Windows],"Thu, 19 Jul 2018 15:11:34 GMT"
Cosmic Boll (Demo) [Free] [Action] [Windows],"Sat, 03 Feb 2018 01:08:00 GMT"
RWBY Fading Light [Free] [Action] [Windows],"Tue, 24 Dec 2019 06:49:02 GMT"
Amphibia Sprite Game [Free] [Action],"Thu, 29 Oct 2020 17:53:24 GMT"
The Return to Freddy's Android version [Free] [Action] [Android],"Sat, 08 Jan 2022 20:35:44 GMT"
Ferrocarril [Free] [Action] [Windows],"Mon, 29 Jun 2020 02:58:57 GMT"
Better to Upload Two Souls [Free] [Role Playing] [Windows],"Thu, 14 Feb 2019 01:48:42 GMT"
Sonic.exe The Bad Time Collection - The Game [Free] [Platformer] [Windows],"Mon, 09 May 2022 11:28:27 GMT"
Sonic.EXE Remastered by Sonic's Gaming Hub [Free] [Action] [Windows],"Mon, 06 Sep 2021 03:30:57 GMT"
Snow game [Free] [Other] [Windows],"Sat, 19 Dec 2020 06:51:03 GMT"
Five Nights At Freddy's: Guard Vs Guard (Online) [Free] [Survival] [Windows],"Tue, 20 Oct 2020 05:55:33 GMT"
Path of Pigment act 1 [Free] [Role Playing] [Windows],"Wed, 28 Jul 2021 18:55:42 GMT"
Murder Crab Island [Free] [Fighting] [Windows],"Tue, 14 Dec 2021 03:21:45 GMT"
Cove [Free] [Puzzle],"Mon, 24 Jan 2022 19:51:37 GMT"
Fairy House [Free] [Adventure],"Tue, 18 Feb 2020 05:50:12 GMT"
Marimoth [$1.80] [Action] [Windows],"Sat, 09 Oct 2021 21:34:01 GMT"
Touhou: TwinRhythm [Free] [Rhythm] [Windows],"Sun, 07 Feb 2021 19:25:56 GMT"
Ordak [25.00€] [Action] [Windows],"Wed, 04 Sep 2019 15:16:38 GMT"
AWESOME Land [Free] [Platformer] [Windows],"Tue, 30 Mar 2021 19:27:47 GMT"
Insect Adventure [$9.99] [Adventure] [Windows],"Thu, 27 May 2021 14:37:18 GMT"
Sora Game [Free] [Platformer] [Windows],"Sat, 28 May 2022 08:52:51 GMT"
Arcane Golf [$2.99] [Puzzle] [Windows],"Sat, 05 Dec 2020 01:38:58 GMT"
25 Days on a Cyberpunk Roadtrip [Free] [Interactive Fiction],"Sun, 26 May 2019 20:15:17 GMT"
WINDOWS 7.EXE [Free] [Other] [Windows],"Tue, 01 Feb 2022 09:33:52 GMT"
The Backrooms [Free] [Survival] [Windows],"Fri, 01 Jul 2022 22:19:43 GMT"
The Island Story [$3.99] [Adventure],"Thu, 27 Jun 2019 20:18:27 GMT"
Deadly Traps [$1.00] [Action] [Windows],"Mon, 27 Aug 2018 21:43:41 GMT"
Sokobeard [Free] [Puzzle],"Sun, 01 Aug 2021 18:52:15 GMT"
The List [Free] [Windows] [Linux],"Tue, 09 Apr 2019 22:18:51 GMT"
Rubicon Zone Warning [Free] [Puzzle] [Windows],"Thu, 16 Jan 2014 04:36:16 GMT"
Puzzle Plunder [Free] [Puzzle],"Tue, 19 Mar 2019 11:13:43 GMT"
Inexistence Rebirth [7.00€] [Platformer] [Windows],"Sun, 24 May 2020 16:09:38 GMT"
Dream Fables [Free] [Puzzle] [Windows],"Sat, 11 Apr 2020 21:33:04 GMT"
RagTag [$9.99] [Action] [Windows],"Mon, 18 Mar 2019 23:19:32 GMT"
Greedy Heroes [Free] [Action] [Windows],"Mon, 16 May 2022 19:22:23 GMT"
League of Legends 2d [Free] [Strategy] [Windows],"Tue, 22 Sep 2020 17:12:34 GMT"
Baby Redemption [$3.99] [Action] [Windows],"Thu, 04 Apr 2019 18:26:47 GMT"
Five Nights at Freddy's: Minecraft Version [Free] [Strategy] [Windows],"Wed, 10 Nov 2021 10:16:10 GMT"
Hell Broke Loose : Eternal Night [Free] [Platformer] [Windows],"Tue, 11 May 2021 18:06:53 GMT"
Ignited [Free] [Survival],"Sun, 19 Apr 2020 23:48:09 GMT"
Miracle Mia [$5.99] [Action] [Windows],"Wed, 28 Aug 2019 18:50:26 GMT"
Rushaug: Project Emerald [Free] [Platformer] [Windows],"Fri, 22 May 2020 15:56:33 GMT"
FREE PIZZA [Free] [Strategy],"Sun, 08 Aug 2021 22:42:34 GMT"
Random Access Rememberer [Free] [Other] [Windows],"Thu, 21 Jun 2018 09:09:26 GMT"
Playing Peggle At 3AM [Free] [Puzzle] [Windows],"Fri, 17 Jul 2015 16:50:59 GMT"
Bun & Gun (a Demake Jam game) [Free] [Platformer] [Windows],"Fri, 24 Aug 2018 04:27:09 GMT"
The Joy of Creation: Reborn - 2D [Free] [Survival] [Windows],"Wed, 12 May 2021 15:12:51 GMT"
Vigo's Adventure: Paroxysm [Free] [Shooter] [Windows],"Mon, 21 May 2018 15:17:32 GMT"
Prototype N [Free] [Platformer] [Windows] [Linux],"Sun, 19 Jul 2020 20:52:42 GMT"
BOB [Free] [Platformer] [Windows],"Wed, 09 Aug 2017 17:37:23 GMT"
Floating Frame [Free] [Adventure] [Windows],"Sun, 25 Sep 2022 06:00:16 GMT"
Veashelletz [Free] [Strategy] [Windows],"Sat, 16 Jul 2022 04:27:05 GMT"
Ikao The Lost Souls [$1.99] [Platformer] [Windows],"Wed, 13 Feb 2019 16:01:23 GMT"
Magimail [Free] [Shooter] [Windows],"Mon, 08 Feb 2021 09:11:19 GMT"
Pizza Parlor Lost Tapes:Party Fun [Free] [Other] [Windows],"Thu, 25 Nov 2021 16:25:04 GMT"
cubeOS [Free] [Simulation],"Thu, 24 Sep 2015 15:08:53 GMT"
Casual Techniques #3 [$9.99] [Puzzle],"Mon, 06 Dec 2021 19:05:10 GMT"
Touhou: Dance of the Inverted Heart [Free] [Visual Novel] [Windows],"Wed, 16 Jun 2021 19:25:42 GMT"
E N I G M A T I K [Free] [Adventure] [Windows],"Mon, 14 Sep 2020 08:34:05 GMT"
Sinister [Free] [Other] [Windows],"Sat, 27 Oct 2018 15:58:14 GMT"
Mondrian - Abstraction in Beauty [$4.99] [Puzzle] [Windows],"Sun, 05 Apr 2015 04:58:33 GMT"
Sonic.exe The End Of Evil Remastered - The Full Game [Free] [Platformer] [Windows],"Tue, 27 Jul 2021 13:33:40 GMT"
Infiniboss [$2.00] [Platformer] [Windows],"Thu, 15 Aug 2019 18:22:05 GMT"
Moke [Free] [Platformer] [Windows],"Fri, 05 Mar 2021 20:59:10 GMT"
Fallen [$1.99] [Adventure] [Windows],"Mon, 27 Aug 2018 11:57:40 GMT"
Handsome Roadkill [Free] [Action] [Windows],"Fri, 14 May 2021 00:52:31 GMT"
Blockage [Free] [Action] [Windows],"Mon, 04 Apr 2022 19:43:04 GMT"
Team Hogus: GHAMEMFAIFTH OTHIYLTIM [$4.99] [Other] [Windows],"Thu, 16 Jul 2020 19:34:13 GMT"
VtM Tophet [Free] [Role Playing] [Windows],"Mon, 22 Nov 2021 08:05:09 GMT"
THE .EXECUTIONER [Free] [Action] [Windows],"Fri, 11 Jun 2021 14:26:38 GMT"
Tabula Rasa [Free] [Platformer] [Windows],"Mon, 27 Jul 2020 23:22:04 GMT"
AKB: Underdog [Free] [Action] [Windows] [macOS],"Mon, 12 Nov 2018 05:59:16 GMT"
Pixelscape Islands (Demo) [Free] [Other] [Windows],"Sat, 25 Apr 2020 16:33:33 GMT"
Area 51 Defense [Free] [Action] [Windows],"Fri, 13 Sep 2019 15:45:29 GMT"
2720: The Last Mouse On Earth [Free] [Platformer] [Windows],"Tue, 28 Jan 2020 15:47:07 GMT"
Paint Nights at Fred's (FNaF fangame) [Free] [Survival] [Windows],"Wed, 27 Nov 2019 23:26:30 GMT"
I I R O [Free] [Windows],"Mon, 27 Jul 2020 22:33:25 GMT"
De Offectibus - Ritual [Free] [Adventure] [Windows],"Sun, 14 Oct 2018 18:32:59 GMT"
Froggy climb [Free] [Platformer] [Windows],"Mon, 03 May 2021 03:56:28 GMT"
UNDER2ALE [Free] [Adventure] [Windows],"Thu, 11 Jul 2019 13:27:23 GMT"
The Loveland Frog [Free] [Other],"Sun, 14 Apr 2019 05:02:23 GMT"
Discsphere [Free] [Sports] [Windows],"Tue, 14 May 2019 19:24:34 GMT"
Secret of the Wumpus [Free] [Interactive Fiction] [Windows],"Tue, 03 Jul 2018 20:17:24 GMT"
EnantiO [Free] [Adventure] [Windows],"Fri, 23 Mar 2018 12:36:12 GMT"
Midoritale:  The Seduction Route [Free] [Action] [Windows],"Tue, 19 Sep 2017 10:11:06 GMT"
One Night in Der Untergang [Free] [Survival] [Windows] [macOS] [Linux],"Tue, 04 Jan 2022 23:22:52 GMT"
BINKY I: Binky's House Party [Free] [Adventure],"Tue, 01 Jun 2021 21:34:14 GMT"
HARD PLATFORMER [Free] [Platformer] [Windows] [Linux],"Sun, 27 Dec 2020 15:57:35 GMT"
One Night at Kim Jong Un's [Free] [Survival] [Windows] [macOS] [Linux],"Tue, 11 Jan 2022 04:43:17 GMT"
BlueBoi [Free] [Platformer],"Thu, 12 Sep 2019 15:16:11 GMT"
Deadly Traps Premium [$1.50] [Action] [Android],"Mon, 27 Aug 2018 22:38:29 GMT"
Lawyer Guy: Defender of Justice [Free] [Platformer] [Windows] [Linux],"Tue, 23 May 2017 19:29:48 GMT"
Deep Abyss [Free] [Platformer] [Windows],"Tue, 16 Jan 2018 13:19:47 GMT"
Midnight Recording Session [Free] [Rhythm] [Windows],"Tue, 06 Sep 2022 00:07:04 GMT"
One Night at Gina's (Official) [Free] [Survival] [Windows] [Android],"Fri, 01 May 2020 22:22:47 GMT"
Hordelands [Free] [Action] [Windows],"Thu, 22 Feb 2018 15:07:50 GMT"
Dead crowd [Free] [Strategy] [Windows],"Sat, 01 Aug 2020 14:24:52 GMT"
Queenie's Halloween Adventure [Free] [Platformer],"Tue, 21 Sep 2021 12:09:18 GMT"
2 Hours to Spare [Free] [Platformer] [Windows],"Tue, 17 May 2022 04:42:24 GMT"
#Snake2 DX: Reawakening [$1.99] [Action] [macOS],"Sat, 13 Jun 2020 04:13:09 GMT"
Bryce's Movement Engine¹ [Free] [Platformer],"Fri, 27 Dec 2019 14:10:41 GMT"
The Legend of Monsters [Free] [Adventure] [Windows],"Mon, 24 Aug 2015 23:56:54 GMT"
Poppy Playtime 2D [Free] [Puzzle],"Tue, 21 Dec 2021 12:43:02 GMT"
Moky 3 [Free] [Simulation] [Windows],"Mon, 02 May 2022 18:29:54 GMT"
Путин.exe 2 [Free] [Platformer] [Windows] [macOS] [Linux],"Sun, 28 Feb 2021 16:42:53 GMT"
Simple Battle [Free] [Shooter] [Windows],"Sun, 17 Apr 2022 16:01:25 GMT"
Flashover MegaSector [$1.00] [Shooter] [Windows],"Sun, 11 Aug 2019 16:45:56 GMT"
BINKY III: Binky's Traffic Jam [Free] [Adventure],"Tue, 01 Jun 2021 21:42:10 GMT"
Virtomae - Virtual Pet Buddy - Pet Anything [Free] [Simulation] [Windows],"Fri, 15 Apr 2022 13:07:58 GMT"
Bloodlight [Free] [Windows],"Mon, 25 Jan 2021 01:27:55 GMT"
Claustrum [Free] [Adventure] [Windows],"Thu, 13 Aug 2020 20:16:28 GMT"
Squarently: Binary Illusions [Free] [Platformer] [Windows],"Sat, 04 Jul 2020 07:55:03 GMT"
The Return to Freddy's 3 Android version [Free] [Action] [Android],"Mon, 07 Feb 2022 16:14:29 GMT"
Dragon Dreams: A Taste of Adventure [Free] [Adventure] [Windows],"Thu, 06 Feb 2020 08:09:41 GMT"
Nutch: The Punching Bag [Free] [Adventure] [Windows],"Tue, 11 Jun 2019 07:31:07 GMT"
Forest of Strays [Free] [Platformer] [Windows],"Sun, 01 Mar 2020 03:17:08 GMT"
Speeder Challenge [Free] [Racing] [Windows],"Tue, 02 Jan 2018 19:01:12 GMT"
Ruby A RWBY Fangame [Free] [Fighting] [Windows],"Mon, 13 Dec 2021 23:06:45 GMT"
Island Generator [Free],"Thu, 12 Aug 2021 01:45:15 GMT"
Chicken Invaders DOS Version Fanmade Remake [Free] [Shooter] [Windows],"Wed, 01 Dec 2021 23:27:26 GMT"
The Shade Forest [Free] [Platformer] [Windows],"Sun, 05 Apr 2020 17:58:44 GMT"
Samantha's doki-doki Treasure Hunting [Free] [Action] [Windows],"Sat, 31 Dec 2016 13:15:15 GMT"
Fnaf World Update 3 (Reimagined) [Free] [Adventure] [Windows],"Fri, 31 Dec 2021 15:15:36 GMT"
Entity: Computer Fever Dream [DEMO] [Free] [Action] [Windows],"Thu, 14 Oct 2021 22:50:04 GMT"
spending mr krabs money simulator [Free] [Other] [Windows] [Android],"Mon, 26 Oct 2020 05:36:50 GMT"
ComPute - [GAME JAM 01] [Free] [Shooter] [Windows],"Sat, 18 Jan 2020 04:28:27 GMT"
Mega Man Zero Online [Free] [Action],"Tue, 09 Nov 2021 18:14:45 GMT"
periApZYs [Free] [Adventure] [Windows],"Sun, 22 Aug 2021 13:25:27 GMT"
Friday Night Funkin'  Endless [Free] [Rhythm] [Windows] [Linux],"Mon, 26 Jul 2021 15:50:52 GMT"
The Possibility Of Death [Free] [Platformer] [Windows],"Sun, 01 Feb 2015 12:38:16 GMT"
Pivoting People for PC [$1.99] [Puzzle] [Windows],"Tue, 19 Jun 2018 09:47:40 GMT"
Drake(64x64 Jam Version) [Free] [Platformer],"Tue, 12 Apr 2016 16:57:48 GMT"
Mr tomator [Free] [Adventure] [Windows],"Sun, 03 May 2020 14:58:19 GMT"
Trash simulator [Free] [Other] [Windows],"Sat, 11 Sep 2021 23:36:51 GMT"
Probe [50% Off] [$0.99] [Shooter] [Windows],"Sat, 28 Mar 2020 03:06:19 GMT"
Pip and Pop Arcade Game [Free] [Action] [Windows],"Mon, 20 Jan 2020 09:55:23 GMT"
Boggled: A King's Field Creepypasta [Free] [Survival],"Wed, 28 Oct 2020 03:06:45 GMT"
BallDice [Free] [Other] [Windows],"Sat, 16 Jul 2022 15:11:07 GMT"
Further Heights [Free] [Platformer] [Windows],"Fri, 12 Mar 2021 04:13:21 GMT"
Touhou: Sumireko's Clearance Cruise [Free] [Puzzle] [Windows],"Tue, 28 Jun 2022 03:40:06 GMT"
No Turning Back [Free] [Adventure] [Windows],"Mon, 24 Jan 2022 21:13:26 GMT"
Mystery Tiles [Free] [Puzzle] [Android],"Mon, 27 Aug 2018 22:42:23 GMT"
Parkhourse [Free] [Platformer] [Windows],"Tue, 01 Nov 2016 09:29:33 GMT"
Vermitron [$7.99] [Action] [Windows],"Fri, 26 Jun 2020 11:57:19 GMT"
VivuFurbo [Free] [Sports] [Windows],"Tue, 14 Sep 2021 14:05:07 GMT"
20XX [Free] [Platformer] [Windows],"Mon, 17 Aug 2015 21:20:20 GMT"
Haxor [$6.99] [Platformer] [Windows],"Tue, 23 Oct 2018 21:12:24 GMT"
Spiko's Scary Spooky Story [Free] [Windows],"Wed, 30 Oct 2019 23:31:07 GMT"
Siren Head: In The Wild [Free] [Survival] [Windows] [macOS],"Sat, 04 Jul 2020 12:31:37 GMT"
LOOTRONS™ 1982 [$3.69] [Action] [Windows],"Sun, 09 Jul 2017 15:03:15 GMT"
Please Help Me! [Free] [Other] [Windows],"Tue, 04 Jan 2022 15:59:56 GMT"
Fakespearean: Overdramatic [$1.00] [Other] [Windows],"Tue, 10 Jul 2018 11:35:37 GMT"
RedBidd: A Squared Madness ( + RedBidd: An Anniversary Madness) [Free] [Platformer] [Windows],"Sun, 21 Mar 2021 07:00:16 GMT"
Fishhead: Blueprint [$4.99] [Platformer] [Windows],"Tue, 21 Aug 2018 08:48:47 GMT"
Jump Challenge 3 [Free] [Action] [Windows],"Wed, 26 May 2021 11:24:49 GMT"
Demonzone [Free] [Action] [Windows],"Wed, 05 Jan 2022 22:45:24 GMT"
AnonymoUs [Free] [Platformer] [Windows] [macOS] [Linux],"Sun, 25 Apr 2021 15:37:41 GMT"
Dressed in Red [Free] [Interactive Fiction] [Windows],"Sat, 27 Apr 2019 10:54:32 GMT"
The Twin Cubes [Free] [Platformer] [Windows],"Sat, 27 Jun 2020 14:37:54 GMT"
LICZEK [Free] [Other] [Windows],"Sat, 22 Sep 2018 17:07:52 GMT"
Socha na tropie [Free] [Platformer] [Windows],"Wed, 23 Jun 2021 22:43:11 GMT"
PLANE PUNCHER [Free] [Action] [Windows],"Wed, 15 Feb 2017 23:21:48 GMT"
Asylum Escape [Free] [Survival] [Windows],"Sat, 02 Nov 2019 16:46:41 GMT"
JoggerKnight [Free] [Action] [Windows],"Tue, 04 Feb 2020 06:05:56 GMT"
Tocubit [Free] [Platformer] [Windows],"Mon, 01 Mar 2021 11:47:02 GMT"
Dveloper [Free] [Puzzle] [Windows],"Sat, 12 Jun 2021 12:01:11 GMT"
Plague of Days [$1.00] [Survival] [Windows],"Wed, 11 Jul 2018 12:33:15 GMT"
Pitch and Putt Club [Free] [Sports] [Windows],"Tue, 10 Sep 2019 06:54:18 GMT"
Is the Game Over? [Free] [Platformer] [Windows],"Fri, 07 Sep 2018 14:14:31 GMT"
Niner [Free] [Puzzle] [Android],"Mon, 14 Sep 2020 21:31:08 GMT"
A Spoonful Of Dollars [Free] [Survival] [Windows],"Wed, 21 Jul 2021 14:33:48 GMT"
INVADING [Free] [Shooter] [Windows],"Sat, 05 May 2018 07:21:12 GMT"
"The Adventures of The Lost Spacesheep, Destroyer of Universes [Free] [Action] [Windows]","Fri, 17 Jul 2015 16:27:57 GMT"
Dragon Dreams: Christmas Nightmare [Free] [Adventure] [Windows],"Sat, 30 Nov 2019 22:16:11 GMT"
Uncontrollable Fall [Free] [Action] [Windows],"Fri, 10 Jul 2020 23:52:45 GMT"
One Hour Shooter [Free] [Shooter],"Fri, 24 Apr 2020 00:01:55 GMT"
Windaug 1.2.1 [Free] [Simulation] [Windows],"Fri, 14 Aug 2020 20:20:38 GMT"
Ash's Grove [Free] [Survival] [Windows],"Sun, 06 Jun 2021 13:48:06 GMT"
Drunkzard's Quest [Free] [Adventure],"Sun, 12 Jul 2020 16:59:48 GMT"
Tayra's Journey [Free] [Platformer] [Windows],"Sun, 30 Jan 2022 06:37:30 GMT"
Pac-Man VS [Free] [Action],"Wed, 30 Sep 2020 22:37:16 GMT"
Homepage [Free] [Interactive Fiction],"Fri, 01 Feb 2019 16:58:37 GMT"
Among Us - Against Imposters [Free] [Shooter] [Windows],"Tue, 13 Oct 2020 16:36:15 GMT"
GB Thrasher [Free] [Other] [Windows],"Mon, 10 Oct 2016 02:41:38 GMT"
3-2-1... ¡NYA! [Free] [Racing] [Windows],"Tue, 08 Feb 2022 23:42:49 GMT"
Tropical [Free] [Visual Novel] [Windows],"Tue, 09 Aug 2022 11:09:41 GMT"
EnHanced [$4.99] [Platformer] [Windows],"Sun, 21 Mar 2021 16:59:59 GMT"
Shooty Bangy [100% Off] [Free] [Shooter] [Windows] [macOS],"Wed, 15 Jun 2022 20:00:59 GMT"
Lava Ice [Free] [Platformer] [Windows] [Linux] [Android],"Mon, 12 Apr 2021 12:15:43 GMT"
N³Vr0Z [Free] [Puzzle] [Windows],"Sun, 30 Aug 2020 13:39:40 GMT"
Bileview [Free] [Other] [Windows],"Mon, 15 Apr 2019 21:43:59 GMT"
Blue Space [Free] [Action] [Windows],"Fri, 20 Jul 2018 23:51:11 GMT"
Missing Texture [Free] [Platformer] [Windows],"Mon, 27 Jan 2020 18:31:43 GMT"
Subworld: End Prologue [$2.99] [Role Playing],"Sat, 04 Nov 2017 20:53:26 GMT"
Dracula's Army [Free] [Card Game] [Windows],"Sun, 25 Aug 2019 16:12:19 GMT"
Sorcerer Scrimmage [Free] [Fighting] [Windows],"Sat, 01 Jan 2022 22:55:32 GMT"
Blue Boy: Bleeding Out [$2.00] [Platformer] [Windows],"Tue, 30 Jun 2020 08:51:41 GMT"
Smertan's PlayHouse [Free] [Puzzle] [Windows],"Sun, 09 May 2021 10:27:36 GMT"
Infijumps [Free] [Platformer] [Windows] [macOS],"Sun, 27 Jun 2021 01:42:22 GMT"
edict_ [Free] [Simulation] [Windows],"Wed, 29 Jan 2020 14:04:36 GMT"
Five Nights at Candias +PLUS+ [Free] [Other],"Thu, 01 Apr 2021 14:57:19 GMT"
SCRIBBLESCRAP [Free] [Platformer] [Windows],"Fri, 17 Jun 2022 17:37:23 GMT"
Clive vs Hives [Free] [Shooter] [Windows],"Thu, 01 Aug 2019 08:21:29 GMT"
The Letters I've Never Sent to You [Free] [Puzzle],"Wed, 30 Jan 2019 22:06:03 GMT"
BINKY Gaiden 59146: Flower Nap [Free] [Interactive Fiction] [Windows],"Wed, 18 Mar 2020 23:13:21 GMT"
The Rebirth Of Darkness 3 [Free] [Strategy],"Fri, 13 May 2022 01:40:28 GMT"
time guy [Free] [Action] [Windows],"Sun, 13 Feb 2022 18:52:05 GMT"
Matilda - Warrior Of Iron [Free] [Platformer] [Windows],"Tue, 21 Dec 2021 21:55:07 GMT"
CollinsNightmare.exe [Free] [Other],"Sun, 31 May 2020 11:41:48 GMT"
The deep castle [Free] [Action],"Sun, 04 Aug 2019 17:40:52 GMT"
Alf: Frozen Chaos [$3.00] [Shooter] [Windows],"Tue, 26 Oct 2021 06:31:20 GMT"
ALLOPSOS [Free] [Puzzle],"Sat, 14 Aug 2021 19:10:03 GMT"
Dimensions of the Boxy Hop-Dog [Free] [Other] [Windows],"Mon, 01 Nov 2021 07:28:29 GMT"
Martian Standoff [Free],"Sun, 31 Jan 2021 16:13:11 GMT"
Rainn's Funhouse [Free] [Platformer] [Windows],"Sat, 17 Nov 2018 06:46:14 GMT"
Binkey 3: Abducted By The Spacemen [Free] [Adventure] [Windows],"Sat, 28 Aug 2021 22:01:13 GMT"
Flame Land (mark 4) [Free] [Platformer] [Windows] [macOS],"Wed, 24 May 2017 12:39:29 GMT"
Deep Delve [Free] [Action] [Windows],"Mon, 23 Nov 2020 18:52:26 GMT"
Rat Exterminator [Free] [Shooter] [Windows] [Android],"Sat, 28 Aug 2021 21:45:57 GMT"
Pixel Run [Demo] [Free] [Platformer] [Windows] [Android],"Tue, 25 Jan 2022 18:44:50 GMT"
Platblue Beats [Free] [Rhythm] [Windows],"Sat, 10 Sep 2022 14:35:04 GMT"
Five Nights With Firing 1. The worst game. [Free] [Survival] [Windows],"Wed, 01 Jun 2022 15:18:32 GMT"
Dark Fright Demo [Free] [Platformer] [Windows],"Thu, 07 Mar 2019 12:58:44 GMT"
Timing Master [Free] [Action] [Windows] [Android],"Tue, 01 May 2018 15:35:30 GMT"
Heheszek - Początek Imperium [Free] [Adventure] [Windows],"Mon, 20 Dec 2021 16:31:02 GMT"
Molehills [Free] [Windows],"Mon, 26 Apr 2021 13:28:23 GMT"
The world of frogs [Free] [Platformer] [Windows],"Fri, 30 Apr 2021 05:33:08 GMT"
Jungle Bash [Free] [Platformer] [Windows],"Sun, 04 Mar 2018 22:25:49 GMT"
liz g's silly little cat game [Free] [Platformer] [Windows],"Sun, 25 Oct 2020 19:47:04 GMT"
Mortal Racer Finale Version [25.00€] [Racing] [Windows],"Fri, 20 Jul 2018 08:41:18 GMT"
INJECTION [Free] [Platformer],"Tue, 01 Mar 2022 17:25:46 GMT"
ZAKK HAZARD THE DEADLY SPAWN [$1.00] [Platformer] [Windows],"Tue, 26 Mar 2019 20:13:44 GMT"
Zyroidkarbie [赤月] [Free] [Survival] [Windows],"Sat, 18 Apr 2020 23:21:06 GMT"
25 Days on a Pirate Ship [Free] [Interactive Fiction],"Mon, 11 Feb 2019 10:21:33 GMT"
Nijun [Free] [Action] [Windows],"Sat, 20 Feb 2021 19:33:31 GMT"
Adventurers for Hire [Free],"Sat, 22 Jun 2019 13:43:13 GMT"
Area 51: Weeb Defense 1.11 [Free] [Strategy],"Sat, 21 Sep 2019 20:34:50 GMT"
The Ghoulish Ghosts Game [Free] [Other] [Windows] [Android],"Sat, 20 Aug 2016 13:37:10 GMT"
Sonic.exe The Demon Eye [Free] [Action],"Mon, 22 Mar 2021 13:46:44 GMT"
Contrary to Popular Belief [Free] [Action] [Windows],"Mon, 01 Apr 2019 20:12:41 GMT"
Take a Break [Free] [Action],"Thu, 09 Sep 2021 19:06:12 GMT"
Kid Soldier PC Advance 4 Prototype Demo [Free] [Action] [Windows],"Tue, 03 Aug 2021 23:28:56 GMT"
Quiz of Five: Five Second Quiz [Free] [Puzzle],"Wed, 20 Mar 2019 13:14:43 GMT"
Chaos Hotel [Free] [Shooter] [Windows],"Fri, 25 Oct 2019 02:48:57 GMT"
Family Troubles (BETA) [Free] [Survival] [Windows],"Sun, 27 Feb 2022 10:45:39 GMT"
Hand Washing Simulator 2020 [Free] [Simulation],"Fri, 20 Mar 2020 17:46:26 GMT"
T: The Soviet Mind Game of a Generation! [Free] [Puzzle] [Windows],"Thu, 31 Oct 2019 21:25:42 GMT"
Touhou: Sealing Song [Free] [Visual Novel] [Windows],"Sat, 27 Nov 2021 20:21:36 GMT"
Panic Porcupine Demo [Free] [Platformer],"Wed, 08 Jun 2022 16:37:36 GMT"
Random Speed [Free] [Other],"Sat, 29 Jan 2022 07:46:40 GMT"
Slime Battle! [Free] [Windows],"Tue, 23 Nov 2021 20:06:40 GMT"
Dimension Dodger [Free] [Action] [Windows],"Wed, 23 Jun 2021 18:55:47 GMT"
TerraCraft [Free] [Survival] [Windows] [macOS] [Linux] [Android],"Thu, 24 Dec 2020 19:56:47 GMT"
StruggleBug [Free] [Platformer],"Mon, 28 Feb 2022 22:07:22 GMT"
Banana-Gun [Free] [Platformer],"Sun, 07 Nov 2021 23:48:53 GMT"
Flo the White Rabbit [Free] [Platformer] [Windows],"Sun, 10 Oct 2021 12:37:32 GMT"
Cursed Quest [$9.99] [Adventure] [Windows],"Fri, 26 Nov 2021 08:07:43 GMT"
Jeremy's Adventures (Combined Game) [Free] [Adventure] [Windows],"Wed, 14 Apr 2021 11:56:42 GMT"
Ship Shooter DEMO [Free] [Action],"Mon, 11 Apr 2022 04:12:14 GMT"
One Night at Gina's 4 (Official) [Free] [Survival] [Windows] [Android],"Wed, 27 May 2020 07:50:11 GMT"
Dry the Tears [Free] [Survival],"Thu, 20 Aug 2020 18:32:18 GMT"
TEK the lost cat in the pyramid BETA VERSION [Free] [Platformer],"Tue, 06 Jul 2021 03:42:03 GMT"
Onrefni Adventure: Chapter 1 - Endless Rage [Free] [Other] [Windows],"Sat, 28 Dec 2019 22:11:35 GMT"
SpaceBeyond [Free] [Puzzle],"Thu, 01 Jun 2017 02:30:17 GMT"
Lights Out | Online Horror Game [Free] [Survival] [Windows],"Tue, 29 Sep 2020 05:46:09 GMT"
TransforMouse [Free] [Puzzle] [Windows],"Thu, 06 Aug 2020 09:45:03 GMT"
platformer [Free],"Tue, 20 Oct 2020 19:29:21 GMT"
Анонимус.ExE [Free] [Adventure] [Windows],"Sun, 28 Mar 2021 11:34:32 GMT"
Mega Man AGAIN [Free] [Platformer] [Windows],"Mon, 08 Mar 2021 23:40:00 GMT"
The Herobrine Nights [Free] [Survival] [Windows],"Fri, 12 Nov 2021 05:28:50 GMT"
Match Tree [Free] [Visual Novel],"Fri, 19 Aug 2022 20:30:07 GMT"
Petal Puzzler [$2.99] [Puzzle] [Windows],"Mon, 06 Jun 2016 18:29:29 GMT"
Putin: Your target [Free] [Action] [Windows],"Sat, 26 Feb 2022 21:42:42 GMT"
The Siren Head [Free] [Survival] [Windows],"Mon, 18 Oct 2021 01:48:08 GMT"
RWBY : Jaune Valentine's Day [Free] [Action],"Fri, 16 Feb 2018 08:58:29 GMT"
Windows 98 Platformer [Free] [Platformer] [Windows],"Tue, 08 Sep 2020 16:03:46 GMT"
Boom! [Free] [Shooter],"Sun, 04 Jul 2021 09:14:56 GMT"
Touhou Lucid Witch [Free] [Action] [Windows],"Mon, 18 Apr 2022 00:02:28 GMT"
DR. WEED GASTER [Free] [Survival] [Windows],"Sun, 26 Jan 2020 00:42:51 GMT"
Touhou: Phantasmagoria of Festive Effervescence (東方: 花火映塚 ) [Free] [Action] [Windows],"Tue, 25 Aug 2020 03:57:39 GMT"
They're Just Gone [Free] [Adventure] [Windows],"Sat, 26 Sep 2020 22:09:07 GMT"
Fallen Knights (Multiplayer game) [Free] [Platformer] [Windows],"Fri, 25 May 2018 14:19:13 GMT"
NumX [Free] [Other],"Thu, 30 Jul 2020 15:29:34 GMT"
IQ: Intelligent Qhess [Free] [Puzzle] [Windows] [Linux],"Wed, 02 May 2018 03:49:47 GMT"
a monologue about dreams [Free] [Other] [Windows],"Sat, 26 Jan 2019 17:19:17 GMT"
Halls of the Occult [Free] [Action],"Mon, 31 Oct 2016 09:36:59 GMT"
Durka.EXE [Free] [Adventure] [Windows],"Sun, 07 Nov 2021 12:15:29 GMT"
Projet-Z [Free] [Adventure] [Windows],"Sun, 12 Dec 2021 20:51:37 GMT"
Five Night's At Scratch 2 [Free] [Other] [Windows] [macOS] [Linux],"Thu, 01 Apr 2021 20:41:43 GMT"
Dungeon [Free] [Platformer] [Windows],"Sun, 06 Aug 2017 22:47:45 GMT"
Risu's Birthday Nutz [Free] [Platformer] [Windows],"Sun, 16 Jan 2022 16:35:16 GMT"
Fun Fill Factory - PC [$1.99] [Strategy] [Windows],"Mon, 06 Jun 2016 13:02:36 GMT"
Bat Bustle [Free] [Adventure] [Windows],"Mon, 29 Oct 2018 21:39:12 GMT"
Pediophobia [Free] [Survival],"Sun, 07 Aug 2022 11:49:21 GMT"
Five Nights at Phantom's Remake [Free] [Windows],"Thu, 15 Oct 2020 16:09:49 GMT"
Death Flash [Free] [Survival] [Windows],"Tue, 10 Apr 2018 17:44:58 GMT"
Pizzantropia - PC [$3.49] [Action] [Windows],"Fri, 17 Mar 2017 14:08:16 GMT"
Panic Machine Demo (Alpha) [Free] [Platformer] [Windows],"Sat, 09 Feb 2019 15:37:53 GMT"
Bloodhack [Free] [Platformer],"Thu, 16 Jun 2016 05:55:17 GMT"
Lee vs the Asteroids [Free] [Action] [Android],"Sun, 22 Jul 2018 01:55:22 GMT"
World Of Squeezie 2 - Le Pire est de Retour [DEMO] [Free] [Platformer] [Windows],"Fri, 17 Nov 2017 22:31:23 GMT"
TealGrounds [Free] [Puzzle],"Sat, 24 Oct 2020 13:12:54 GMT"
HYPER MEGA 256-IN-1 [Free] [Other] [Windows],"Mon, 21 Jan 2019 10:02:04 GMT"
Culture Lover Al-Andalove [Free] [Visual Novel] [Windows],"Sun, 19 Dec 2021 17:58:58 GMT"
Experiment 25 [Free] [Action] [Windows],"Tue, 16 Nov 2021 23:14:04 GMT"
8U6 [Free] [Puzzle] [Windows],"Fri, 26 Nov 2021 19:43:19 GMT"
пять ночей с носком [Free] [Action] [Windows],"Thu, 17 Feb 2022 12:51:21 GMT"
Lightsaber Simulator [Free] [Simulation],"Sun, 29 May 2022 17:23:49 GMT"
The Wolf and the Waves [Free] [Adventure],"Wed, 11 Oct 2017 03:01:29 GMT"
Kitty Boost  [English/ Spanish] [Free] [Platformer] [Windows],"Mon, 21 Dec 2020 15:53:26 GMT"
Ariane Odyssey Finale [$15.00] [Action] [Windows],"Mon, 02 Jul 2018 12:34:23 GMT"
Dotline Miami [Free] [Other] [Windows],"Sat, 09 Jul 2016 10:22:54 GMT"
clickMod [Free] [Simulation] [Windows],"Sat, 06 Aug 2022 16:41:20 GMT"
Game Ball Dungeons 2 [Free] [Platformer] [Windows],"Fri, 20 Dec 2019 07:02:47 GMT"
Boulder Bully [Free] [Puzzle] [Windows],"Sat, 14 Dec 2019 12:45:05 GMT"
Cloud Calming [Free] [Action] [Windows],"Sat, 10 Sep 2016 15:57:05 GMT"
Tiny Island Generator [Free] [Windows],"Sun, 10 Nov 2019 22:24:08 GMT"
Pastry Panic [Free] [Puzzle] [Windows],"Mon, 07 Sep 2020 02:54:28 GMT"
Star Wars lightsaber deflect [Free] [Windows],"Fri, 07 Feb 2020 20:56:31 GMT"
Celestial Salvage [Free] [Action] [Windows],"Sun, 03 Jun 2018 14:23:33 GMT"
Feline Valley - A RPG cat game [Free] [Survival] [Windows],"Fri, 06 Aug 2021 15:17:44 GMT"
Man-Pac [Free] [Other] [Windows] [Android],"Wed, 03 Feb 2021 21:25:01 GMT"
Palin's Drome [Free] [Platformer] [Windows] [macOS],"Tue, 20 Jun 2017 08:58:03 GMT"
Botanico [Free] [Other] [Windows] [Android],"Sat, 24 Oct 2020 12:21:38 GMT"
Tower of Solomon [Free] [Platformer] [Windows],"Sun, 17 Jun 2018 07:04:32 GMT"
Frog Pusher [Free] [Puzzle],"Mon, 27 Dec 2021 03:49:04 GMT"
Conversing with Computers [Free] [Interactive Fiction] [Windows],"Tue, 07 May 2019 10:50:29 GMT"
Spicy's Pizza: Delivery Demo [Free] [Platformer] [Windows],"Sun, 17 Oct 2021 18:52:24 GMT"
TermaNULL™ 1977 [Free] [Shooter] [Windows],"Fri, 15 Jan 2016 19:15:05 GMT"
All Hail The Beetle - Don't Jostle That Jewel! [Free] [Other] [Windows],"Wed, 24 Apr 2019 23:19:16 GMT"
Monsters Road : Bad Kids House [Free] [Survival] [Windows],"Tue, 23 Jul 2019 19:08:12 GMT"
Signal Lost [Free] [Visual Novel] [Windows],"Sun, 10 Nov 2019 21:58:04 GMT"
Paczka Bogów [Free] [Adventure] [Windows],"Wed, 05 May 2021 07:07:30 GMT"
Steven Paprika Adventure Test Level [Free] [Platformer] [Windows],"Mon, 28 Oct 2019 16:47:54 GMT"
Lusa The Cathead [Free] [Platformer] [Windows],"Sun, 31 Oct 2021 15:42:19 GMT"
Bird Combat [Free] [Other] [Windows] [Android],"Sat, 24 Oct 2020 19:35:37 GMT"
Powernaut VANGARDT [$1.00] [Platformer],"Sat, 04 Jul 2020 20:51:05 GMT"
Electra City [Free] [Action] [Windows],"Fri, 23 Sep 2016 04:06:58 GMT"
Octopulous! [Free] [Platformer] [Windows],"Fri, 18 Sep 2020 13:32:54 GMT"
Slay the Necromancer [Free] [Action] [Windows],"Sun, 03 Feb 2019 13:20:51 GMT"
Korwin Capitalism Simulator [Free] [Simulation] [Windows],"Sun, 24 Nov 2019 11:32:18 GMT"
PhysBuild [Free] [Simulation],"Sun, 16 Aug 2020 08:13:42 GMT"
Don't Break Your Mouse ! [Free] [Windows],"Fri, 19 Nov 2021 23:18:51 GMT"
MIRROR MIRROR [Free] [Platformer] [Windows],"Mon, 28 Jun 2021 02:46:43 GMT"
hapPylAnd [Free] [Adventure] [Windows],"Sun, 19 Jan 2020 00:17:30 GMT"
Create a Chao [Free] [Other],"Wed, 20 May 2020 18:39:20 GMT"
Yume_Inu [Free] [Role Playing],"Wed, 02 Sep 2020 16:43:40 GMT"
Bit Killer [Free] [Shooter] [Windows],"Thu, 30 Aug 2018 15:07:53 GMT"
Touhou Time Twister (DEMO) [Free] [Visual Novel] [Windows],"Wed, 10 Nov 2021 06:23:14 GMT"
Monsters Road [Free] [Survival] [Windows],"Tue, 23 Jul 2019 18:25:26 GMT"
Nothing Is Real [Free] [Adventure] [Windows],"Thu, 06 Aug 2020 05:12:37 GMT"
I Can't Get Anything Done [Free] [Platformer],"Tue, 29 Sep 2020 11:51:39 GMT"
Riftcast [Free] [Simulation] [Windows],"Fri, 30 Oct 2020 16:11:41 GMT"
Hanami [Free] [Interactive Fiction] [Windows],"Fri, 08 Mar 2019 18:34:22 GMT"
Pig Pig Rocket [Free],"Thu, 19 Jan 2017 07:12:41 GMT"
ANKLID's Last Soul [Free] [Shooter] [Windows],"Tue, 21 Jul 2020 16:45:56 GMT"
Shronk Demo [Free] [Shooter] [Windows],"Thu, 16 Jul 2020 03:25:24 GMT"
AntonCUBE [Free] [Puzzle] [Windows],"Fri, 10 Apr 2020 07:24:18 GMT"
Space Conquer [Free] [Platformer] [Windows] [Android],"Tue, 04 Aug 2020 22:01:15 GMT"
Hike Trip [Free] [Platformer],"Fri, 25 Dec 2020 05:06:16 GMT"
Arcade Racer [Free] [Racing] [Windows],"Sat, 25 Aug 2018 03:18:27 GMT"
Hey! Alien! [Free] [Shooter] [Windows],"Wed, 01 Sep 2021 16:34:37 GMT"
Casino Craze [Free] [Shooter] [Windows],"Sun, 12 Jul 2020 18:12:30 GMT"
Loopbot [Free] [Puzzle] [Windows],"Mon, 18 Jan 2021 15:04:42 GMT"
Heritage Game Jam 2020 - Cultural Assembly [Free] [Action] [Windows],"Fri, 07 Aug 2020 08:27:16 GMT"
One Night At Napoli [Free] [Survival] [Windows],"Mon, 28 Sep 2020 12:19:09 GMT"
light is off [Free],"Wed, 08 Dec 2021 16:28:02 GMT"
Jonh's Nights [Free] [Survival] [Windows],"Sun, 26 Apr 2020 20:52:51 GMT"
Roll or Dice [Free] [Platformer] [Windows],"Sat, 16 Jul 2022 09:22:57 GMT"
Gravitational Focus [Free] [Shooter] [Windows],"Tue, 23 Jul 2019 20:50:10 GMT"
One Bullet [Free] [Windows],"Sat, 03 Aug 2019 02:29:43 GMT"
Delayed Life Prototype [Free] [Other] [Windows],"Sat, 17 Oct 2020 23:36:06 GMT"
Super Block World Demo [Free] [Puzzle] [Windows],"Sun, 28 Nov 2021 23:24:44 GMT"
jump boy the Invasion of Home [Free] [Platformer] [Windows],"Fri, 22 Nov 2019 01:40:41 GMT"
Burger UP [Free] [Windows],"Fri, 17 Jun 2022 19:39:33 GMT"
HYPER TURBO 3-IN-1 MULTISWAP [Free] [Action] [Windows],"Tue, 30 Jul 2019 04:00:11 GMT"
The Final Fight [Free] [Fighting] [Windows],"Sat, 02 Nov 2019 17:28:59 GMT"
Bigfoot Studios [Free] [Windows],"Mon, 14 May 2018 18:11:47 GMT"
Flappy Burger [Free] [Other] [Windows] [Android],"Wed, 21 Apr 2021 06:02:01 GMT"
Escape! [Free] [Puzzle] [Windows] [macOS],"Sat, 03 Oct 2020 20:33:51 GMT"
Slime Quest [Free] [Platformer] [Windows],"Fri, 06 Apr 2018 10:06:31 GMT"
Memolys - prototype - [Free] [Visual Novel] [Windows],"Tue, 17 May 2022 14:44:18 GMT"
The forgotten connection (Multiplayer game) [Free] [Action] [Windows],"Wed, 04 Jul 2018 16:10:23 GMT"
Glick in the System [Free] [Shooter] [Windows],"Sat, 18 Jan 2020 09:57:50 GMT"
Project Strange [Free] [Puzzle] [Windows],"Sat, 03 Mar 2018 12:24:43 GMT"
Look Into The Mirror [Free] [Platformer] [Windows],"Thu, 27 Aug 2015 11:16:47 GMT"
Echo of the Undead [Free] [Shooter] [Windows],"Fri, 31 Mar 2017 22:22:34 GMT"
4 in 4 Mega Pack [Free] [Other] [Windows],"Wed, 07 Aug 2019 11:32:06 GMT"
Bearball war! [Free] [Windows],"Tue, 04 May 2021 15:07:56 GMT"
Usaka Rings [Free] [Adventure] [Windows] [Android],"Tue, 17 Mar 2020 21:47:03 GMT"
Bean Room [Free] [Platformer] [Windows],"Sun, 11 Jul 2021 10:20:51 GMT"
S-HOLLOW - [GAME JAM 03] [Free] [Shooter] [Windows],"Wed, 19 Aug 2020 23:07:55 GMT"
Skelltuns 3: The Long-Awaited Threequel [Free] [Other] [Windows],"Tue, 09 Mar 2021 11:06:42 GMT"
Olivka's Adventures [Free] [Platformer] [Windows],"Sat, 30 Apr 2022 16:20:18 GMT"
Endless Falling Simulator [Free] [Simulation] [Windows],"Thu, 16 Apr 2020 02:44:42 GMT"
Gangster Life [Free] [Action] [Windows],"Wed, 06 Jan 2021 13:29:21 GMT"
Zorpon [Free] [Educational] [Windows],"Sun, 22 Aug 2021 00:27:08 GMT"
Thalassa [Free] [Shooter] [Windows],"Sun, 14 Jun 2020 14:00:45 GMT"
Physical Reset [Free] [Platformer] [Windows],"Sat, 16 Jul 2022 19:29:28 GMT"
Talis Game (DEMO) (FINAL UPDATE) [Free] [Educational] [Windows],"Sun, 13 Mar 2022 16:51:24 GMT"
Chamber Horror [Free] [Survival] [Windows],"Thu, 07 Jun 2018 14:52:44 GMT"
Confessions [$2.99] [Other],"Wed, 04 Nov 2020 13:04:29 GMT"
Ainsley's Nights of Hell 2 [Free] [Other] [Windows],"Sat, 04 Apr 2020 15:29:16 GMT"
Wolf Pong [Free] [Other] [Windows] [macOS],"Wed, 10 Jul 2019 14:41:02 GMT"
Strawberry Hunter [Free] [Adventure] [Windows] [Android],"Sat, 01 May 2021 17:55:50 GMT"
The search for the Bird Treasure. [Free] [Adventure],"Sun, 18 Aug 2019 13:33:47 GMT"
Bomb Squirrel - Explode and destroy [Free] [Puzzle] [Windows],"Wed, 01 Aug 2018 18:48:46 GMT"
Help your Friend [Free] [Platformer] [Windows],"Tue, 18 Jun 2019 20:05:32 GMT"
Witch Game [Free] [Other] [Windows],"Thu, 16 Aug 2018 01:17:28 GMT"
Danyiri Rescue [$2.99] [Puzzle] [Windows],"Fri, 01 Jul 2016 09:12:43 GMT"
Space Mammals [Free] [Action] [Windows],"Thu, 19 Aug 2021 17:51:36 GMT"
Bubble Horde Deluxe [Free] [Strategy] [Windows],"Tue, 05 Mar 2019 00:13:08 GMT"
Outta Hand [Free] [Puzzle] [Windows],"Sun, 12 Jul 2020 18:27:55 GMT"
Insectoid Invasion [Free] [Action] [Windows],"Wed, 01 Dec 2021 18:42:42 GMT"
Project Smallbot: Light [Free] [Platformer] [Windows],"Tue, 03 Apr 2018 03:29:32 GMT"
Jam snake [Free] [Puzzle] [Windows],"Sun, 04 Aug 2019 19:38:04 GMT"
Logistics Boy [Free] [Action] [Windows],"Wed, 21 Apr 2021 21:42:45 GMT"
Dolus [Free] [Adventure] [Windows] [Linux],"Mon, 15 Aug 2022 05:26:16 GMT"
0|1 [Free] [Puzzle] [Windows],"Sat, 06 Aug 2022 11:27:37 GMT"
Learn English by playing!(demo) [Free] [Educational] [Windows],"Mon, 10 Feb 2020 09:22:36 GMT"
Break Coffee Please [Free] [Action] [Windows],"Sat, 21 Aug 2021 19:27:17 GMT"
Scarlet In The Dark [Free] [Adventure] [Windows],"Sun, 02 Aug 2020 09:06:32 GMT"
Counter Control GMTK 2020 [Free] [Action],"Sun, 12 Jul 2020 13:02:41 GMT"
Pizzantropia - Android [$3.49] [Action] [Android],"Wed, 19 Apr 2017 19:04:10 GMT"
Slash&Dodge [Free] [Fighting] [Windows] [Linux],"Tue, 31 Dec 2019 19:27:34 GMT"
The Bounty on Sammy Slaphead [Free] [Other] [Windows],"Thu, 12 May 2022 12:47:22 GMT"
ODIN SLAYER (LOWREZJAM 2020) [Free] [Role Playing] [Windows],"Sat, 15 Aug 2020 18:18:47 GMT"
Low Res Slayer [Free] [Shooter] [Windows],"Fri, 07 Aug 2020 02:46:31 GMT"
Crystalpoint [Free] [Interactive Fiction] [Windows],"Sun, 20 Feb 2022 15:06:28 GMT"
Akamidori [MID] [Free] [Other] [Windows],"Sun, 20 Jun 2021 02:37:14 GMT"
Meme Tensei [Free] [Role Playing] [Windows],"Thu, 24 Feb 2022 01:02:37 GMT"
Lucid Dreams 2 [Free] [Platformer] [Windows],"Sat, 21 Nov 2020 16:56:17 GMT"
Click to Progress [Free] [Educational],"Sat, 09 Apr 2022 16:53:14 GMT"
Box (Jam Version) [Free] [Puzzle] [Windows],"Wed, 23 Jun 2021 00:47:31 GMT"
Jimmy With His Son [Free] [Adventure] [Windows],"Wed, 31 Jul 2019 14:35:13 GMT"
Tarot Future [Free] [Card Game] [Windows],"Tue, 25 Jun 2019 13:12:38 GMT"
Plusiophone V1.2 [Free] [Simulation],"Sun, 10 Apr 2022 20:59:32 GMT"
DA ADVENTURS OF JENY [Free] [Platformer],"Wed, 07 Apr 2021 06:05:54 GMT"
My First Game [Free] [Windows],"Wed, 16 Sep 2020 22:13:28 GMT"
The Bell Tower (2/3) [Free] [Other],"Sun, 13 Dec 2020 17:59:12 GMT"
Mac And Cheese.EXE [Free] [Action] [Windows],"Wed, 15 Jun 2022 00:10:05 GMT"
D'code S [Free] [Educational] [Windows],"Sun, 28 Oct 2018 00:56:46 GMT"
Slime Adventure: Rebirth [Free] [Platformer] [Windows],"Thu, 27 May 2021 21:47:43 GMT"
CRYSTAL HELL [Free] [Rhythm] [Windows],"Sat, 05 Mar 2022 23:29:15 GMT"
Doomscrolling [Free] [Interactive Fiction],"Mon, 05 Oct 2020 19:24:58 GMT"
Clive vs Hives Reinfected [Free] [Shooter] [Windows],"Fri, 05 Jun 2020 09:26:24 GMT"
HARD PLATFORMER ULTIMATE [Free] [Platformer] [Windows],"Mon, 14 Mar 2022 13:43:40 GMT"
Lil' Fishy [Free] [Interactive Fiction] [Windows],"Mon, 20 May 2019 09:49:54 GMT"
Astral Dodge [Free] [Shooter],"Sat, 11 Jan 2020 13:04:09 GMT"
The Bad BUG [Free] [Adventure] [Windows],"Sun, 18 Apr 2021 17:54:24 GMT"
Chocolate: The Fantastical Adventure of the Doggy Walk [Free] [Adventure] [Windows],"Mon, 20 Apr 2020 13:27:45 GMT"
Cat Jones demo [Free] [Platformer] [Windows],"Thu, 05 Jul 2018 08:49:08 GMT"
Slayer Multiplayer [Free] [Shooter] [Windows],"Tue, 04 Aug 2020 20:33:09 GMT"
Izcool: The Electric Heirs [Free] [Platformer] [Windows],"Sun, 20 Sep 2020 23:43:48 GMT"
Puzzle Arrows: HSE [Free] [Action],"Tue, 27 Oct 2020 06:10:07 GMT"
"31 Days, 31 Games [Free] [Other] [Windows]","Tue, 07 Dec 2021 00:20:39 GMT"
Hole in One [Free] [Strategy] [Windows],"Sat, 26 Sep 2020 15:42:04 GMT"
Solitude Fortress [Free] [Puzzle],"Sat, 25 Jul 2020 20:13:25 GMT"
PENTECOST: The Video Game [Free] [Educational],"Sun, 03 Apr 2022 01:16:37 GMT"
>Minigame Madness [Free] [Action] [Windows],"Sat, 21 Nov 2020 20:02:17 GMT"
SHELLSLINGER [Free] [Shooter] [Windows],"Tue, 31 Aug 2021 01:54:27 GMT"
Maze House [Free] [Adventure],"Mon, 28 Jun 2021 12:56:55 GMT"
Circle Hell [Free] [Other] [Windows],"Thu, 02 Jan 2020 04:54:16 GMT"
Speedy Exploring Turtle [Free] [Adventure] [Windows],"Thu, 17 Dec 2020 07:24:46 GMT"
Snacks and Aliens Demo [Free] [Action] [Windows],"Fri, 10 Jan 2020 03:57:05 GMT"
Workplace Safety [Free] [Other] [Windows],"Mon, 04 Mar 2019 03:18:10 GMT"
My Big Brother With Demo [Free] [Shooter] [Windows],"Mon, 26 Nov 2018 20:46:48 GMT"
MEFB [Free] [Action] [Windows],"Fri, 19 Jul 2019 17:40:42 GMT"
Pipo [Free] [Puzzle],"Fri, 25 Sep 2020 16:25:47 GMT"
Vix's Alien Planet [Free] [Platformer],"Wed, 25 Aug 2021 14:32:24 GMT"
Dot And A Maze Of Pain [Free] [Other],"Tue, 20 Apr 2021 15:19:55 GMT"
its all about the bullets [Free] [Action] [Windows],"Fri, 11 Sep 2020 08:42:14 GMT"
Peter Parker's Cavalcade of Dumbness [Free] [Shooter] [Windows] [Android],"Wed, 03 Feb 2021 22:22:41 GMT"
SpiritBreeder EX Holiday Edition [Free] [Simulation] [Windows],"Sat, 12 Jan 2019 22:31:42 GMT"
Din0 [Free] [Platformer] [Windows],"Wed, 10 Jul 2019 09:35:21 GMT"
Space Tyranny [Free] [Action] [Windows] [Android],"Wed, 03 Feb 2021 21:50:37 GMT"
Memento - Memory Game [Free] [Puzzle] [Windows],"Thu, 25 Jul 2019 16:38:35 GMT"
Here Comes Joe! [Free] [Platformer] [Windows],"Tue, 06 Oct 2020 23:12:47 GMT"
Golves [Free] [Sports] [Windows] [Android],"Thu, 03 Oct 2019 14:00:40 GMT"
Tower Crawl [Free] [Shooter] [Windows],"Wed, 03 Jun 2020 01:06:21 GMT"
The Bingus [Free] [Other] [Windows],"Sun, 02 Jan 2022 21:24:16 GMT"
TWEP [Free] [Platformer] [Windows],"Sun, 04 Oct 2020 15:08:09 GMT"
The Dress Rehearsal [Free] [Adventure],"Mon, 04 Oct 2021 21:50:23 GMT"
Slayer III [Free] [Shooter] [Windows],"Wed, 26 Aug 2020 08:36:53 GMT"
BiG TRaSH [Free] [Survival] [Windows],"Wed, 06 May 2020 03:25:18 GMT"
Monsoon [Free] [Other] [Windows],"Mon, 17 Jun 2019 21:27:55 GMT"
I'm Not a Frog [Free] [Other] [Windows],"Sun, 17 Jan 2016 13:27:19 GMT"
DEMON CORE [Free],"Sun, 12 Jul 2020 00:23:41 GMT"
Mobile Quest GB [Free] [Role Playing],"Sat, 19 Feb 2022 11:43:52 GMT"
"That Location, Again! [beta] [Free] [Platformer] [Windows]","Thu, 07 Nov 2019 14:44:55 GMT"
BUNKER: ESCAPE [Free] [Action] [Windows],"Thu, 12 Aug 2021 19:05:48 GMT"
burger truck [Free] [Survival] [Windows],"Mon, 22 Mar 2021 15:00:39 GMT"
The Credit You Deserve [Free] [Platformer] [Windows],"Sat, 27 Jun 2020 21:36:38 GMT"
Basic Blockpop [Free] [Windows],"Fri, 01 Mar 2019 23:36:13 GMT"
That Game [Free] [Platformer] [Windows] [Android],"Sun, 17 Jan 2021 10:35:09 GMT"
Quest for Ourobouros [Free] [Platformer] [Windows],"Sun, 26 Jul 2020 21:42:54 GMT"
Zombie VS Pinball [Free] [Windows],"Sat, 27 Feb 2021 03:22:00 GMT"
Undersea Confusion [Free] [Survival] [Android],"Thu, 16 Aug 2018 11:15:35 GMT"
Survive the dark (GameJam ver.) [Free] [Other] [Windows],"Sat, 13 Aug 2022 16:35:59 GMT"
Rustbucket [Free] [Action] [Windows],"Mon, 01 Aug 2022 07:06:18 GMT"
JJ's Ubermon Journey [Free] [Role Playing] [Windows],"Wed, 07 Sep 2022 23:11:29 GMT"
Fright Shift [Free] [Survival] [Windows],"Fri, 08 Oct 2021 19:47:13 GMT"
Protect the Presents! [Free] [Fighting] [Windows],"Thu, 19 Dec 2019 17:24:06 GMT"
Fun With Blocky! [Free] [Other] [Windows],"Tue, 28 Sep 2021 18:09:52 GMT"
Owl Kid Vertical Slice [Free] [Platformer],"Tue, 17 Apr 2018 08:20:17 GMT"
Petit jeu de taquin pour noël [Free] [Puzzle],"Sat, 16 Dec 2017 14:19:22 GMT"
TANKboy [Free] [Other] [Windows],"Sat, 02 Nov 2019 17:11:17 GMT"
Easy Platformer Training [Free] [Platformer] [Windows],"Sun, 20 Oct 2019 09:58:59 GMT"
Colors In Shadows [Free] [Platformer] [Windows],"Tue, 25 Jun 2019 06:30:35 GMT"
Defok DF [Free] [Adventure] [Windows],"Sun, 23 May 2021 18:27:44 GMT"
A Night at Ollie's [Free] [Survival] [Windows],"Tue, 29 Sep 2020 02:10:58 GMT"
The Rubbish Game! [Free] [Platformer],"Tue, 16 Mar 2021 10:23:23 GMT"
Spherical Warrior [Free] [Shooter] [Windows] [macOS],"Sat, 11 Jan 2020 02:26:12 GMT"
Tower's Of Death [Free] [Action],"Tue, 13 Oct 2020 12:23:00 GMT"
RUN!: Aflição [Free] [Adventure] [Windows],"Fri, 24 May 2019 22:04:32 GMT"
Octopulous 2: Twice Upon a Time [Free] [Platformer] [Windows],"Tue, 28 Jun 2022 07:26:10 GMT"
Box stacker [Free] [Puzzle],"Sat, 14 Aug 2021 01:55:16 GMT"
Ease Collection [Free] [Platformer] [Windows],"Wed, 11 Aug 2021 21:59:28 GMT"
Qwirk [Free] [Platformer] [Windows],"Fri, 18 Jun 2021 13:56:49 GMT"
Trying that again [Free] [Adventure],"Thu, 23 Jul 2020 13:49:50 GMT"
As-of-yet-untitled Bullet Hell Jam entry [Free] [Action] [Windows],"Fri, 15 Apr 2022 20:25:55 GMT"
The Wanderer [Free] [Shooter] [Windows],"Tue, 26 Mar 2019 16:08:12 GMT"
Alex & Friends' Quest Remastered [Free] [Adventure] [Windows],"Wed, 03 Feb 2021 22:04:48 GMT"
The Search for a Colour Palette (Demo) [Free] [Platformer] [Windows],"Sat, 25 Jan 2020 15:00:59 GMT"
Slimo [Free] [Platformer],"Thu, 23 Jan 2020 23:25:56 GMT"
Janko-navo [Free] [Shooter] [Windows],"Mon, 04 Apr 2022 14:52:57 GMT"
Plaster Master [Free] [Action] [Windows],"Thu, 14 May 2020 14:41:23 GMT"
Puppy Love [Free] [Other] [Windows],"Sat, 09 May 2020 02:49:27 GMT"
Space Attack! [Free] [Action] [Windows],"Fri, 09 Apr 2021 03:45:01 GMT"
InGnOrAnCe Is BlIsS [Free] [Windows],"Thu, 25 Feb 2021 19:06:54 GMT"
creature(s) that could (evolve) [Free] [Windows],"Sun, 13 Mar 2022 03:31:16 GMT"
Ninja Force [Free] [Action] [Windows] [Android],"Wed, 08 Sep 2021 03:20:16 GMT"
Shooter [Free] [Action] [Windows],"Fri, 13 Aug 2021 12:28:12 GMT"
The Unicycle Adventure [Free] [Platformer] [Windows],"Fri, 05 Jun 2020 23:01:33 GMT"
BALOON GENOCIDE [Free] [Action] [Windows],"Wed, 22 May 2019 06:06:33 GMT"
Dracula [Free] [Platformer] [Windows] [Android],"Wed, 03 Feb 2021 20:59:57 GMT"
Gobak Sodor [Free] [Strategy],"Mon, 06 Apr 2020 09:36:53 GMT"
09.11.01 [Free] [Simulation] [Windows],"Mon, 09 Dec 2019 18:47:48 GMT"
Space64p [Free] [Shooter] [Windows],"Sun, 16 Aug 2020 18:36:13 GMT"
alien attack (or is it) [Free] [Shooter],"Sun, 17 Jun 2018 11:21:11 GMT"
INVADERS WAR [Free] [Survival] [Windows],"Mon, 12 Nov 2018 17:38:12 GMT"
Flashover MegaSector: Flash Edition [Free] [Shooter],"Fri, 25 Dec 2020 05:50:53 GMT"
Keep Up The Ball! [2011] [Free] [Puzzle] [Windows],"Tue, 15 Oct 2019 21:38:42 GMT"
Hatcher Tabletop Dice [Free] [Role Playing] [Windows],"Mon, 28 Mar 2022 01:45:31 GMT"
Lost in Translation: Silly [Free] [Other] [Windows],"Sun, 15 Aug 2021 04:59:35 GMT"
Laboratory in update... Chapter 1 [Free] [Platformer],"Tue, 25 Feb 2020 20:45:45 GMT"
Body Build'a [Free] [Action] [Windows],"Tue, 31 Jul 2018 13:48:26 GMT"
Masked Monster [Free] [Survival] [Windows],"Sun, 14 Aug 2022 15:56:22 GMT"
Cube [Free] [Action] [Windows],"Wed, 10 Aug 2022 08:52:30 GMT"
Random game [Free] [Other] [Windows],"Sun, 26 Jun 2022 13:11:43 GMT"
new years mini game [Free] [Platformer] [Windows],"Fri, 01 Jan 2021 02:36:01 GMT"
Workplace Safety 2: Fad Strikes Back [Free] [Adventure] [Windows],"Mon, 03 Jun 2019 02:19:30 GMT"
Blobberboi [Free] [Other] [Windows],"Tue, 17 May 2022 15:43:40 GMT"
Smiley's Maze [Free] [Puzzle] [Windows],"Wed, 12 Jan 2022 17:14:54 GMT"
Speed-Man Deluxe [Free] [Other] [Windows] [macOS],"Fri, 10 Jun 2022 11:08:00 GMT"
SlamGemmer [Free] [Action],"Mon, 02 Jul 2018 06:55:45 GMT"
Pong retro [Free] [Fighting] [Windows],"Thu, 02 Sep 2021 11:04:47 GMT"
Defend Heatwest [Free] [Strategy] [Windows],"Mon, 08 Mar 2021 17:25:53 GMT"
V I B E R U N [Free] [Platformer] [Windows],"Wed, 09 Sep 2020 14:30:32 GMT"
Gusha Adventures [Free] [Platformer] [Windows],"Wed, 13 Jun 2018 12:41:48 GMT"
Freddy Fazbear's Pizzeria Simulator [Free],"Fri, 24 Jun 2022 05:07:11 GMT"
Windows Mainframe [Free] [Interactive Fiction],"Wed, 27 Jan 2021 19:40:41 GMT"
1 minute to space [Free] [Action] [Windows],"Sun, 14 Aug 2022 00:10:18 GMT"
Dualiten+ [Free] [Platformer],"Wed, 19 May 2021 16:09:03 GMT"
P.A.N.G. [Free] [Action],"Tue, 16 Aug 2016 22:14:24 GMT"
ReversE [Free] [Action],"Mon, 16 Aug 2021 04:48:26 GMT"
One Minute With a Sock Monster [Free] [Survival],"Sat, 20 Nov 2021 03:11:18 GMT"
Acorns [Free] [Action] [Windows],"Tue, 29 Mar 2022 17:21:34 GMT"
Racing League: Rifted [Free] [Racing] [Windows],"Tue, 05 Oct 2021 18:52:39 GMT"
AnonymoUs: Runner Dash [Free] [Platformer] [Windows] [macOS] [Linux],"Thu, 15 Jul 2021 11:37:38 GMT"
KAKAROTTO (Beta) [Free] [Platformer] [Windows],"Mon, 19 Apr 2021 10:05:17 GMT"
THE TOPHAT ADVENTURE (Chapter 1) [Free] [Adventure] [Windows],"Sun, 13 Mar 2022 05:16:12 GMT"
Ping Pong Po [Free] [Strategy],"Sat, 28 Mar 2020 09:38:40 GMT"
Roadtrip [Free] [Adventure] [Windows],"Sat, 26 Feb 2022 21:13:00 GMT"
Speculunt [Free] [Platformer] [Windows],"Sun, 13 Jun 2021 14:04:13 GMT"
KK: Engine Edition [Free] [Other] [Windows],"Sun, 18 Apr 2021 20:53:56 GMT"
Josiah Banning Simulator [Free] [Windows],"Wed, 19 May 2021 22:26:00 GMT"
Cloud Calming Android [Free] [Survival] [Android],"Sun, 18 Sep 2016 13:30:28 GMT"
Store PC (1.0.1) [Free] [Other] [Windows],"Sat, 21 May 2022 16:36:16 GMT"
YARG [$5.99] [Platformer] [Windows],"Sat, 08 May 2021 22:04:31 GMT"
Circo Dark Story(NO LONGER UPDATED ON ITCH.IO) [Free] [Adventure],"Tue, 09 Feb 2021 14:58:56 GMT"
lawnmower time! [Free] [Other] [Windows],"Sat, 16 Jul 2022 19:25:16 GMT"
Frog Flip! [Free] [Platformer] [Windows],"Thu, 30 Sep 2021 22:04:12 GMT"
Universe [Free] [Simulation] [Windows],"Sat, 05 Feb 2022 12:52:28 GMT"
Kids Show Maintenance [Free] [Survival] [Windows],"Fri, 15 Jul 2022 20:46:19 GMT"
Dragon Takes Over [Free] [Role Playing] [Windows],"Wed, 08 Sep 2021 23:09:47 GMT"
Poultry Panic: Demo [Free] [Platformer],"Sat, 30 Apr 2022 21:43:11 GMT"
Everybody Back 0.11v [Free] [Adventure] [Windows],"Sat, 27 Jun 2020 18:25:36 GMT"
Dodge I [Free] [Action] [Windows],"Thu, 16 Dec 2021 15:04:50 GMT"
Flappy Fishy [Free] [Action] [Windows],"Sat, 03 Jun 2017 08:41:44 GMT"
Bulletsite [Free] [Action] [Windows],"Wed, 27 Jan 2021 03:01:28 GMT"
Xtreme Skier 21 . Ski Game eXtreme [$3.99] [Action] [Windows],"Mon, 27 Dec 2021 20:38:32 GMT"
Broken Boulevard [Free] [Action] [Windows],"Mon, 06 Dec 2021 17:17:01 GMT"
Space Turtle [Free] [Other],"Sat, 12 Jan 2019 19:26:10 GMT"
Don't Freeze [Free] [Survival] [Windows] [Android],"Sun, 28 Mar 2021 19:59:42 GMT"
Knight's Quest RPG [Free] [Role Playing] [Windows],"Thu, 04 Feb 2021 04:30:23 GMT"
Adrift [Free] [Action] [Windows],"Sat, 20 Aug 2022 03:30:45 GMT"
YUME [Free] [Platformer] [Windows],"Sun, 01 May 2022 06:52:31 GMT"
Flashbulb Litter Survey [Free] [Other] [Windows],"Thu, 22 Aug 2019 17:45:50 GMT"
Bird Combat 2 [Free] [Other] [Android],"Sat, 24 Oct 2020 19:51:53 GMT"
FlwPICKR [Free] [Action] [Windows],"Wed, 03 Nov 2021 18:31:04 GMT"
Astro [Free] [Adventure] [Windows],"Sun, 03 Jun 2018 18:02:46 GMT"
FlowerStick [Free] [Action] [Windows],"Fri, 12 Apr 2019 23:38:06 GMT"
Turret Blast [Free] [Puzzle] [Windows],"Mon, 03 Jun 2019 23:17:32 GMT"
The last flagship [Free] [Shooter] [Windows],"Fri, 01 May 2020 08:08:02 GMT"
Matrice Game [Free] [Platformer] [Windows],"Thu, 24 Feb 2022 04:32:18 GMT"
head football [Free] [Other],"Wed, 12 Sep 2018 15:37:41 GMT"
Slayer II: Back In Hell [Free] [Shooter] [Windows],"Fri, 24 Jul 2020 13:21:13 GMT"
Frog vs Coronavirus [Free] [Action],"Sun, 29 Mar 2020 06:53:02 GMT"
MonoGemHunt [Free] [Action] [Windows],"Fri, 17 Apr 2020 11:39:30 GMT"
A Quick Festive Quest [$1.00] [Other] [Android],"Mon, 07 Nov 2016 18:04:34 GMT"
The Tragedy of Craig - Chapter 1 [Free] [Action] [Windows],"Sun, 07 Aug 2022 04:26:08 GMT"
ZARDOZE [Free] [Action],"Mon, 24 Feb 2020 02:25:00 GMT"
Press the button [Free] [Other] [Windows],"Fri, 23 Apr 2021 20:29:53 GMT"
Face Match [Free] [Strategy],"Thu, 20 Aug 2020 20:34:58 GMT"
Squeen's Adventure: Alien Editon [Free] [Platformer] [Windows],"Mon, 07 Feb 2022 02:40:37 GMT"
LaciaOS Chamber | BIG Update 1.7 [Free] [Simulation] [Windows],"Sun, 21 Aug 2022 14:07:37 GMT"
The Game [Free] [Simulation] [Windows],"Mon, 02 May 2022 19:39:47 GMT"
Project Kubitum [Free] [Shooter] [Windows],"Mon, 03 Aug 2020 18:12:48 GMT"
BallHell [Free] [Action] [Windows],"Wed, 22 Jun 2022 10:44:06 GMT"
galaxy invaders [Free] [Shooter] [Windows],"Sat, 07 Aug 2021 13:29:14 GMT"
Standball [Free] [Other] [Windows],"Thu, 22 Aug 2019 10:03:15 GMT"
Vegan Frenzy [Free] [Android],"Thu, 22 Mar 2018 01:41:43 GMT"
Racket Engine Version 1.1 [Free] [Rhythm] [Windows],"Tue, 21 Jun 2022 21:05:31 GMT"
huntin' for shades [Free],"Sun, 20 Feb 2022 20:35:28 GMT"
Wrist Lock!!! [Free] [Fighting] [Windows],"Fri, 19 Aug 2022 01:18:18 GMT"
Codename Allnight [$1.99] [Adventure],"Mon, 07 Jan 2019 03:16:40 GMT"
Dodgeball [Free] [Other],"Sun, 09 Jan 2022 17:30:51 GMT"
TreeHugger.exe [Free] [Other] [Windows],"Thu, 08 Oct 2020 15:42:12 GMT"
VivuTroll [Free] [Platformer],"Sun, 03 Oct 2021 11:58:29 GMT"
Forest in Danger [Free] [Platformer] [Windows],"Fri, 15 Feb 2019 11:11:53 GMT"
Reign Away [Free] [Role Playing],"Fri, 25 Feb 2022 00:54:05 GMT"
Super Brick World [Free] [Action] [Android],"Sun, 12 Dec 2021 20:00:15 GMT"
Sad Clouds [Free] [Survival],"Thu, 20 Aug 2020 15:14:18 GMT"
Pop Rock 'N' Roll [$3.95] [Action] [Windows],"Thu, 14 Apr 2022 03:06:05 GMT"
Angry Cat [Free] [Action],"Sat, 06 Aug 2022 05:32:18 GMT"
Buzz Together [Free] [Action] [Windows],"Mon, 15 Feb 2021 23:56:43 GMT"
Quiz of Five 2: Not so Five [Free] [Puzzle] [Windows],"Thu, 21 Mar 2019 00:09:47 GMT"
Shishkabob's Game Collection [Free] [Other] [Windows],"Mon, 16 Aug 2021 02:01:04 GMT"
Deathless [Free] [Educational],"Fri, 22 Nov 2019 01:42:25 GMT"
Disinfection [Free] [Other] [Windows],"Mon, 11 May 2020 07:44:19 GMT"
Air Bubble Rescue Squad [$1.00] [Strategy] [Android],"Fri, 19 May 2017 16:08:29 GMT"
Halloween Golf [Free] [Simulation] [Windows],"Sat, 31 Oct 2020 16:21:27 GMT"
Milk Dad Reborn [Free] [Adventure] [Windows],"Sat, 30 Apr 2022 10:19:38 GMT"
Colour Invaders [Free] [Survival],"Wed, 26 Aug 2020 18:48:06 GMT"
Spothefly [Free] [Other],"Sun, 06 Sep 2020 16:57:58 GMT"
Feral Felines [$4.99] [Other] [Windows],"Sat, 07 Apr 2018 15:34:45 GMT"
Quirky Emotions Game [$4.95] [Puzzle] [Android],"Tue, 27 Aug 2019 12:44:59 GMT"
HORK [Free] [Action] [Windows],"Wed, 02 Dec 2020 02:33:55 GMT"
Cat Jones [$5.00] [Platformer] [Windows],"Mon, 30 Jul 2018 14:31:00 GMT"
VivuHockey [Free] [Sports],"Sat, 25 Sep 2021 18:54:39 GMT"
Cornetti Land [Free] [Other] [Windows],"Sun, 16 Aug 2020 13:00:37 GMT"
Coinventure 3: A New Beginning [Free] [Other],"Sun, 31 Mar 2019 08:54:48 GMT"
Removedraw [Free] [Simulation] [Windows],"Sun, 25 Oct 2020 14:50:55 GMT"
Squash Them [Free] [Survival],"Tue, 25 Aug 2020 12:45:40 GMT"
Fortnite Só Que Bom [Free] [Windows] [Android],"Tue, 20 Sep 2022 00:31:30 GMT"
Hunty Birds [Free] [Shooter],"Sat, 02 Feb 2019 15:32:08 GMT"
Beenox's Super Adventure [Free] [Adventure] [Windows],"Mon, 15 Mar 2021 16:05:35 GMT"
Grand Gang [Free] [Strategy] [Windows],"Sun, 04 Jul 2021 11:47:40 GMT"
Muke Nuke [$1.49] [Action] [Windows] [macOS],"Sat, 02 May 2020 23:08:07 GMT"
Fresh Fish [Free] [Platformer],"Tue, 09 Mar 2021 09:14:13 GMT"
Vaporspace [$4.99] [Action],"Thu, 21 Mar 2019 02:42:03 GMT"
Press 2 to Tango [Free] [Action],"Sun, 27 Feb 2022 22:33:47 GMT"
Peg Solitaire [Free] [Puzzle],"Tue, 31 Jul 2018 18:46:31 GMT"
runners park [Free] [Action] [Windows],"Mon, 09 Aug 2021 11:09:53 GMT"
Aga-Rio [Free] [Other] [Windows],"Wed, 10 Apr 2019 17:59:11 GMT"
The Smallest Hidathon - PC [$1.99] [Other] [Windows],"Sun, 02 Jun 2019 20:11:58 GMT"
1000 Cocktails of Fruits [$5.00] [Strategy] [Windows],"Tue, 24 Jul 2018 14:45:45 GMT"
Stellar Invasion [Free] [Shooter] [Windows] [Android],"Wed, 03 Feb 2021 21:41:27 GMT"
Your World [Free] [Other],"Wed, 29 Sep 2021 19:03:27 GMT"
Slash Chord: The Arrival [Free] [Other],"Sat, 21 Mar 2020 22:25:17 GMT"
Avoid It [Free] [Other] [Windows],"Tue, 20 Jul 2021 22:04:09 GMT"
Pong+ [Free],"Sun, 17 May 2020 16:07:37 GMT"
Agent 404 [Free] [Educational],"Thu, 01 Jul 2021 18:00:46 GMT"
Progressbar Woody Sneak peek [Free] [Windows] [macOS] [Android],"Fri, 08 Apr 2022 18:59:58 GMT"
Pretty Sliding Puzzles [Free] [Puzzle],"Wed, 02 Dec 2020 13:47:57 GMT"
Krypta Defense: Pluszowa Inwazja [Free] [Strategy] [Windows],"Sat, 24 Oct 2020 12:39:17 GMT"
Smack A Lot - Piranha [Free] [Action] [Windows],"Sun, 21 Feb 2021 13:39:12 GMT"
Box Game [Free] [Windows],"Sat, 23 Apr 2022 18:39:32 GMT"
Jason's Quirky Quickfire Quiz! [Free] [Other] [Windows],"Fri, 10 Jun 2022 21:51:09 GMT"
Segment: Battle and Time [Free] [Fighting],"Sun, 21 Aug 2022 18:58:05 GMT"
Jigsaw Puzzle [Free] [Puzzle],"Wed, 01 Aug 2018 19:29:15 GMT"
Kevin's museum [Free] [Other] [Windows],"Sun, 11 Nov 2018 06:21:58 GMT"
Robin Fruit Saver [Free] [Platformer] [Windows],"Wed, 09 Mar 2022 06:41:47 GMT"
Form [Free] [Platformer],"Sun, 11 Jul 2021 17:22:38 GMT"
Customs RPG [Free] [Role Playing],"Sun, 16 Dec 2018 04:45:37 GMT"
Onrefni Adventure: Chapter 2 - Happy Birthday [Free] [Adventure],"Tue, 03 Mar 2020 16:49:40 GMT"
Hit Block - destroy the blocks [Free] [Action],"Tue, 31 Jul 2018 20:08:38 GMT"
BlackWhite WaterFire [Free] [Platformer],"Sun, 24 Jun 2018 18:00:13 GMT"
Gilbreto e a Encomienda Roubada [Free] [Action],"Sun, 27 Sep 2020 21:37:47 GMT"
CHOBBS: Chocolate Bunny Backup Squad [$1.00] [Puzzle] [Android],"Mon, 26 Feb 2018 08:53:15 GMT"
Floating Cuboid [Free] [Platformer] [Windows],"Sat, 03 Jul 2021 18:53:39 GMT"
Ouchie-Rocks [Free] [Other] [Android],"Thu, 22 Mar 2018 00:14:40 GMT"
Self-Portrait [Free] [Other],"Sat, 02 Nov 2019 13:08:46 GMT"
COMBAT_SUIT BEETLE [Free] [Action],"Sun, 02 Sep 2018 00:46:16 GMT"
Timid Toon Monsters [$1.00] [Strategy] [Android],"Sun, 17 Mar 2019 13:50:44 GMT"
Fruit Matcher! Lite [Free] [Other] [Windows],"Wed, 30 Mar 2022 22:28:07 GMT"
Accept the Challenge? - Ultimate [Free] [Other],"Sun, 10 Jun 2018 10:09:21 GMT"
Tebak Beda [Free] [Puzzle],"Sat, 04 Apr 2020 05:39:40 GMT"
Brat Sprayer [Free] [Action],"Sun, 30 Jan 2022 08:03:21 GMT"
DBprototype2 [Free] [Other] [Windows],"Mon, 27 Aug 2018 01:16:18 GMT"
Underground Ant Cafe [$1.99] [Strategy] [Android],"Mon, 22 Apr 2019 13:56:44 GMT"
Relaxing Game For Dogs [Free] [Other],"Sun, 28 Jun 2020 19:43:46 GMT"
Fight the Sadness [Free] [Survival],"Wed, 12 Aug 2020 13:36:25 GMT"
Pivoting People for Android [$1.00] [Puzzle] [Android],"Tue, 19 Jun 2018 09:25:37 GMT"
Puzzling Picture Parts [$1.00] [Puzzle] [Android],"Tue, 24 Dec 2019 15:44:06 GMT"
Dead Wire (Demo) [Free] [Shooter] [Windows],"Fri, 11 Feb 2022 11:43:12 GMT"
Shapes on a Shelf Game [$1.99] [Strategy] [Android],"Sat, 14 Dec 2019 08:50:37 GMT"
5 Festive Faces [Free] [Puzzle],"Thu, 10 Dec 2020 18:40:25 GMT"
Ultimate Epic Dschungel Rocket Experience 2D [Free] [Action] [Windows],"Sun, 12 Sep 2021 07:59:30 GMT"
CCI: Protocol [Free] [Puzzle] [Windows],"Fri, 08 Jan 2021 18:17:11 GMT"
BabI KapI [Free] [Action] [Windows],"Fri, 18 Mar 2022 10:14:53 GMT"
Bprototype [Free] [Windows],"Tue, 28 Aug 2018 22:20:42 GMT"
Szeregowiec Leopold: Remastered [Free] [Action] [Windows],"Sat, 24 Oct 2020 14:59:07 GMT"
DBprototype [Free] [Action] [Windows],"Sun, 26 Aug 2018 23:46:49 GMT"
Hard Answer [Free] [Educational] [Windows],"Thu, 11 Nov 2021 18:16:07 GMT"
Dot's Maze Of Pain Remastered [Free] [Other] [Windows],"Thu, 28 Apr 2022 17:29:01 GMT"
MAZE CHASE [Free] [Puzzle] [Windows],"Sun, 14 Aug 2022 11:25:46 GMT"
Rogue & Knight [Free] [Strategy],"Wed, 25 Mar 2020 03:50:08 GMT"
Flappy Doom [Free] [Action],"Sat, 10 Sep 2022 10:54:08 GMT"
Fill Pessoa [Free] [Windows],"Mon, 11 Oct 2021 15:17:41 GMT"
Akamidori [Free] [Action] [Windows] [macOS],"Wed, 30 Jun 2021 21:45:15 GMT"
Floating Gray Blob Thing [Free] [Other] [Windows],"Sat, 21 Dec 2019 18:29:40 GMT"
They Are My Presents [Free] [Action] [Windows],"Mon, 23 Nov 2020 20:29:20 GMT"
カラフル羊のめーさん/Meesan The colorful fruffy [Free] [Action],"Mon, 03 May 2021 14:17:08 GMT"
Quiz of Five 3: 28π [Free] [Puzzle],"Fri, 22 Mar 2019 03:44:45 GMT"
Dirty Deals [Free] [Fighting] [Windows] [Linux],"Thu, 11 Aug 2022 19:12:57 GMT"
Collect the Coins [Free] [Other],"Mon, 20 Sep 2021 00:11:13 GMT"
MONKEYRANG [Free] [Shooter],"Wed, 17 Feb 2021 19:35:17 GMT"
Szeregowiec Leopold [Free] [Action] [Windows],"Sat, 24 Oct 2020 14:40:52 GMT"
Jumpingman 2 [$1.00] [Platformer] [Windows],"Thu, 09 Jun 2022 17:55:56 GMT"
Davis Adventure 1 [Free] [Adventure] [Windows],"Thu, 28 Jul 2022 11:12:40 GMT"
Aerodynamics [Free] [Racing],"Sun, 22 May 2022 17:51:31 GMT"
Good Morning [Free] [Platformer],"Wed, 30 Mar 2022 22:48:39 GMT"
Touch Ball [Free] [Strategy],"Thu, 16 Jul 2020 17:14:24 GMT"
Batatão Clicker [Free] [Windows],"Tue, 20 Sep 2022 01:59:18 GMT"
OneJump [$1.00] [Platformer] [Windows],"Sun, 12 Sep 2021 17:14:44 GMT"
Iceman [Free] [Platformer],"Thu, 02 Jan 2020 06:19:18 GMT"
地獄のメンボーマン [Free] [Action],"Fri, 24 Jun 2022 06:55:57 GMT"
BAKUO Bounce! [Free] [Action],"Thu, 23 Jun 2022 13:13:50 GMT"
Three Cars [Free] [Action],"Fri, 14 Jan 2022 18:00:30 GMT"
Bobr vs Illuminati [Free] [Action] [Windows],"Mon, 28 Mar 2022 18:45:14 GMT"
"The Ball Is Jumping, The Game Is Annoying [$2.49] [Platformer] [Windows]","Tue, 30 Aug 2022 14:36:30 GMT"
Jumper [Free] [Platformer],"Sat, 03 Sep 2022 10:47:13 GMT"
Bulletsite: Retold [Free] [Shooter] [Windows],"Mon, 21 Mar 2022 04:24:10 GMT"
Paper Plane [Free] [Platformer] [Windows],"Sun, 12 Dec 2021 07:59:49 GMT"
Glitch's Zoms [Free] [Windows],"Mon, 21 Feb 2022 01:58:41 GMT"
Pixel Derby [Free] [Simulation] [Windows],"Fri, 16 Sep 2022 19:57:34 GMT"
Три ночи с барбоскиными [Free] [Survival] [Windows],"Thu, 13 Aug 2020 05:42:46 GMT"
Fnaf Multiplayer [Free] [Strategy] [Windows],"Tue, 31 Dec 2019 09:43:52 GMT"
Project Paradox [$1.50] [Action] [Windows] [Android],"Tue, 28 Jun 2022 17:35:23 GMT"
World Of Squeezie [Free] [Platformer] [Windows],"Fri, 17 Nov 2017 18:09:31 GMT"
KSI Clicker [Free] [Sports] [Windows],"Mon, 02 Jul 2018 18:03:39 GMT"
BREAKING BAD: The Game! [Free] [Puzzle] [Windows],"Tue, 12 Apr 2022 10:08:57 GMT"
Multiplayer MegaClicker [Free] [Action] [Android],"Wed, 28 Feb 2018 08:29:42 GMT"
Meegah Mem II: Shareware Edition [Free] [Platformer] [Windows],"Sat, 26 Jan 2019 21:34:29 GMT"
Baldi's forest 2D [Free] [Other] [Windows] [macOS],"Wed, 24 Mar 2021 20:26:00 GMT"
SUPER NASU BROS [Free] [Windows],"Wed, 20 Jun 2018 21:00:43 GMT"
Gamer 2 [Free] [Platformer],"Tue, 26 Sep 2017 05:15:54 GMT"
Agent Delta 2 [Free] [Action],"Mon, 13 Jan 2020 05:39:36 GMT"
Clickteam Fusion Tutorial [Free] [Platformer],"Sun, 26 Mar 2017 18:39:29 GMT"
MultiBirds [Free] [Other] [Windows],"Sat, 15 Sep 2018 15:15:26 GMT"
allien attack [Free] [Action],"Mon, 12 Nov 2018 16:47:50 GMT"
Skelltuns 2 [Free] [Other] [Windows],"Tue, 09 Mar 2021 08:00:41 GMT"
Find Fifteen Fairies - PC [$1.99] [Other] [Windows],"Fri, 22 Feb 2019 18:43:30 GMT"
Truck Raid [$2.50] [Action] [Windows] [Android],"Sat, 23 Jan 2021 15:28:54 GMT"
Путин.exe [Free] [Fighting] [Windows] [macOS] [Linux],"Sat, 24 Oct 2020 14:09:45 GMT"
Oedipus in my Inventory [Free] [Adventure],"Mon, 26 Sep 2016 07:35:22 GMT"
Upgraded [Free] [Shooter] [Windows],"Sat, 03 Aug 2019 19:57:59 GMT"
Peeblo Quest [Free] [Platformer] [Windows],"Sat, 31 Aug 2019 15:11:00 GMT"
Mario Kong '64 [Free] [Shooter] [Windows],"Sun, 14 Apr 2019 02:15:17 GMT"
Poosh Button [Free] [Simulation] [Windows],"Tue, 22 May 2018 09:28:56 GMT"
Broken Time [Free] [Simulation],"Sat, 14 Apr 2018 19:31:17 GMT"
Mirogox: Mission Crash [Free] [Platformer] [Windows],"Wed, 30 Sep 2020 00:02:01 GMT"
Givetroidvania [Free] [Platformer] [Windows],"Sun, 15 Dec 2019 04:59:34 GMT"
MadCowBalls2 [Free] [Action],"Tue, 12 Mar 2019 18:08:53 GMT"
Dying Time! [Free] [Platformer] [Windows],"Sun, 24 Jun 2018 18:52:53 GMT"
a.m. Monday Zombies [Free] [Action] [Windows],"Sat, 21 Jul 2018 20:03:45 GMT"
GRAVITON [Free] [Action] [Windows],"Thu, 05 Oct 2017 15:02:30 GMT"
Skelltuns [Free] [Other] [Windows],"Sun, 15 Nov 2020 23:46:13 GMT"
Yurasik Adventure 1.9.1 [Free] [Adventure],"Wed, 21 Jun 2017 16:04:45 GMT"
The Asteroid Field [Free] [Action] [Windows],"Sun, 08 Oct 2017 12:21:13 GMT"
Blocknite [Free] [Shooter] [Windows],"Wed, 20 Jun 2018 23:16:17 GMT"
Mokey's Show: krimaaaaaaa disastuuurrrrrr [Free] [Interactive Fiction] [Windows] [macOS] [Linux],"Wed, 06 Jan 2021 05:50:03 GMT"
air hockey [Free] [Other],"Wed, 12 Sep 2018 15:47:04 GMT"
Alex Kidd vs Amy Rose??? [Free] [Action] [Windows],"Sun, 08 Jul 2018 22:16:26 GMT"
The clickerr [Free] [Windows],"Sat, 06 Oct 2018 20:06:54 GMT"
Jim's Challenge [Free] [Puzzle] [Windows],"Tue, 14 Aug 2018 15:43:16 GMT"
Late Night Gaming [Free] [Strategy] [Windows],"Sun, 10 Jun 2018 22:43:33 GMT"
Parakeet Rush [$1.00] [Action] [Windows],"Sat, 09 Nov 2019 16:21:55 GMT"
LOOP [Free] [Platformer] [Windows],"Tue, 27 Oct 2020 17:52:42 GMT"
Five Nights at Happy Tree Friends [Free] [Survival] [Windows],"Fri, 29 Apr 2022 17:39:32 GMT"
Waffles Cloning Factory [Free] [Other] [Windows],"Tue, 29 May 2018 22:38:58 GMT"
Clicking the Lemon [Free] [Strategy] [Windows],"Sun, 30 Dec 2018 18:48:44 GMT"
MOWGLI [Free] [Survival] [Windows],"Sat, 20 Apr 2019 19:53:01 GMT"
Zombie Krul [Free],"Tue, 16 Nov 2021 21:24:49 GMT"
Star Kid [Free] [Action] [Windows],"Fri, 23 Nov 2018 12:42:59 GMT"
Kitty's Schoolhouse [Free] [Other] [Windows],"Tue, 31 Jul 2018 00:32:59 GMT"
Meme Breakout [Free] [Other] [Windows],"Wed, 20 Mar 2019 13:15:49 GMT"
Flame to The Void [Free] [Platformer] [Windows],"Mon, 25 Jun 2018 05:56:44 GMT"
LEMONandBANE! [Free] [Windows],"Wed, 15 Jun 2022 17:01:42 GMT"
Pong Pong (EXTREME) [Free] [Action] [Windows],"Thu, 25 May 2017 14:53:03 GMT"
Candy Thief [Free] [Survival] [Windows],"Sun, 01 Nov 2020 14:06:50 GMT"
AgentRiver's Game Lab - Complete and Unreleased Game Collection [Free] [Other] [Windows],"Thu, 31 May 2018 10:48:18 GMT"
Cure For Apathy [Free] [Strategy] [Windows],"Sat, 12 May 2018 15:32:46 GMT"
Bubble Horde Multiplayer Expansion [Free] [Shooter] [Windows],"Mon, 19 Oct 2015 04:25:45 GMT"
the second-greatest internet war of all time [Free] [Other] [Windows],"Mon, 03 Jun 2019 06:16:33 GMT"
The Ever Unchanging Life of Some Guy Some Where [$5.00] [Simulation] [Windows],"Sun, 28 Mar 2021 22:14:10 GMT"
Downward Dungeon [Free] [Other] [Windows],"Mon, 14 Oct 2019 01:36:08 GMT"
D-R-ooM [Free] [Shooter] [Windows],"Mon, 29 Jul 2019 03:54:00 GMT"
A Quick Spooky Quest [Free] [Other] [Android],"Tue, 11 Oct 2016 18:34:32 GMT"
Desktop Toys [$2.00] [Other] [Windows],"Sat, 01 May 2021 12:36:32 GMT"
This Is Not A Rage Game [Free] [Other] [Windows],"Wed, 22 Jul 2020 20:22:40 GMT"
Fists of Jank [Free] [Action] [Windows],"Sun, 03 Nov 2019 09:54:50 GMT"
Skyiop [$4.00] [Adventure] [Windows],"Thu, 04 Apr 2019 23:58:33 GMT"
Art Block [Free] [Other] [Windows],"Sun, 16 Jul 2017 09:49:44 GMT"
Rustrix Project [Free] [Simulation] [Windows],"Wed, 14 Oct 2020 17:11:21 GMT"
Pong Pong online (EXTREME) [Free] [Action],"Thu, 25 May 2017 15:07:35 GMT"
Charlie Choice: Breaking out of Camp [Free] [Interactive Fiction] [Windows],"Sun, 08 Nov 2020 21:32:46 GMT"
Happy Red Ball Thing [Free] [Platformer] [Windows],"Mon, 03 Jul 2017 15:22:07 GMT"
ROBBERY BROS. [DEMO PROTOTYPE] [Free] [Platformer] [Windows],"Thu, 27 Feb 2020 18:20:49 GMT"
Bobby McStevie's Unstable Adventure [Free] [Platformer] [Windows],"Sat, 02 Oct 2021 21:00:58 GMT"
Super Simple Game [Free] [Strategy],"Sat, 20 May 2017 17:16:25 GMT"
Survive Spike [Free] [Rhythm],"Wed, 01 Aug 2018 19:18:54 GMT"
MultiBirds - HTML5 Edition [Free] [Action],"Mon, 17 Sep 2018 15:51:49 GMT"
Super Meloncity [Free] [Strategy],"Sun, 11 Jun 2017 09:48:30 GMT"
Tic Tac Toe [Free] [Puzzle],"Tue, 31 Jul 2018 17:32:53 GMT"
Fun Fill Factory - Android [$1.00] [Strategy] [Android],"Sat, 10 Dec 2016 07:58:28 GMT"
Apple Clicker [$1.00] [Windows],"Sat, 23 Jul 2022 14:35:49 GMT"
Zom-Noms [Free] [Other] [Android],"Wed, 21 Mar 2018 08:36:33 GMT"
Connect4 Meta [Free] [Puzzle],"Sun, 02 Sep 2018 00:57:19 GMT"
Super Mundo :  Joey's Adventure [Free],"Sun, 15 Oct 2017 16:26:03 GMT"
Jumpingman [$1.00] [Platformer] [Windows],"Mon, 24 Aug 2020 15:12:13 GMT"
Alien Affection PC [$1.99] [Puzzle] [Windows],"Thu, 31 Jan 2019 08:56:08 GMT"
Mu.F.O [Free] [Android],"Thu, 22 Mar 2018 02:08:56 GMT"
Super Box Dropper [Free] [Simulation],"Tue, 19 Apr 2016 18:17:37 GMT"
Confused Christmas 2 PC [$1.99] [Puzzle] [Windows],"Sun, 16 Dec 2018 07:22:35 GMT"
Alien Affection Android [$1.00] [Puzzle] [Android],"Thu, 31 Jan 2019 09:05:46 GMT"
Find Fifteen Fairies - Android [$1.00] [Other] [Android],"Fri, 22 Feb 2019 18:55:55 GMT"
Pizza Toppings Drop [$1.00] [Strategy] [Android],"Wed, 31 Oct 2018 07:43:40 GMT"
Cake Assembly Plant [$1.99] [Strategy] [Android],"Thu, 11 Oct 2018 12:23:30 GMT"
BADASS BEATER [Free] [Shooter],"Sun, 21 May 2017 15:00:50 GMT"
The Smallest Hidathon - Android [$1.00] [Other] [Android],"Sun, 02 Jun 2019 20:18:15 GMT"
Confused Christmas 2 Android [$1.00] [Puzzle] [Android],"Sun, 16 Dec 2018 07:08:27 GMT"
Tapperoo [Free],"Thu, 22 Mar 2018 02:36:00 GMT"
Accept the Challenge? [Free] [Other],"Sun, 10 Jun 2018 08:29:36 GMT"
Clearly Walking Game [$1.99] [Strategy] [Android],"Wed, 29 Jan 2020 14:11:09 GMT"
NFT Simulator [$3.00] [Interactive Fiction] [Windows],"Fri, 08 Apr 2022 16:18:55 GMT"
Find That One Game [$1.00] [Puzzle] [Android],"Wed, 08 Jan 2020 12:00:31 GMT"
The 7th Dimension [$1.00] [Fighting] [Windows],"Sun, 23 Feb 2020 20:31:33 GMT"
Caramel Crunch [$0.50] [Action] [Windows],"Sun, 14 Aug 2016 03:20:05 GMT"
Space Boulders [Free] [Shooter],"Thu, 17 May 2018 00:37:25 GMT"
Jewel Savior Block [$1.00] [Puzzle],"Wed, 04 Mar 2020 13:35:25 GMT"
CHAOSS [Free] [Action] [Windows],"Sat, 20 Jun 2020 10:33:17 GMT"
One Night in F**king China [Free] [Survival] [Windows] [macOS] [Linux],"Tue, 11 Jan 2022 05:38:39 GMT"
Cyborg Boxer [Free] [Action] [Windows],"Wed, 01 Aug 2018 11:35:17 GMT"
Werewolf Takeout [Free] [Platformer] [Windows],"Sat, 18 Jun 2016 07:39:00 GMT"
epic platformer [Free] [Platformer],"Mon, 29 Oct 2018 17:04:54 GMT"
Covid [Free] [Simulation] [Windows],"Sun, 31 Oct 2021 12:49:50 GMT"
Pong [Free] [Action],"Fri, 26 Feb 2021 18:36:15 GMT"
Phantom Quiet Storm (2000) demo [Free] [Action] [Windows],"Fri, 13 Nov 2020 14:51:34 GMT"
Sleepless Nights at Freddy's [Free] [Other],"Sat, 04 Jan 2020 08:30:03 GMT"
Sonic.exe and temporary nightmare [Free] [Platformer] [Windows],"Fri, 06 Mar 2020 08:41:46 GMT"
24 HORAS ANTES DE SUBIR VIDEO (#JasperGameJam) [Free] [Platformer] [Windows],"Thu, 04 Mar 2021 23:11:56 GMT"
Bong Arcade [Free] [Puzzle],"Wed, 03 Jul 2019 11:59:21 GMT"
Sensitive Demo [Free] [Puzzle] [Windows],"Sat, 05 Oct 2019 22:58:49 GMT"
Не Буди Оливию [Free] [Platformer] [Windows],"Sat, 24 Nov 2018 02:44:07 GMT"
[天] Celestial [Free] [Platformer] [Windows],"Sat, 22 Jun 2019 20:17:01 GMT"
Green Cunt The Game [BETA] [Free] [Puzzle] [Windows] [Android],"Mon, 08 Apr 2019 08:57:13 GMT"
Bossing Around [Free] [Action] [Windows],"Sat, 22 Sep 2018 18:24:15 GMT"
Locus [Free] [Action] [Windows],"Wed, 26 Dec 2018 17:09:31 GMT"
Legends of Turtalia [$2.00] [Strategy] [Windows],"Sun, 25 Jul 2021 16:31:17 GMT"
Fall Ball [Free] [Other] [Windows],"Thu, 12 Apr 2018 03:59:22 GMT"
This Is Halloween [Free] [Platformer],"Thu, 17 Oct 2019 22:35:34 GMT"
Making Fiends OS DEMO [Free] [Other] [Windows],"Mon, 01 Aug 2022 18:32:51 GMT"
Re/World [Free] [Puzzle],"Tue, 29 Jan 2019 17:14:37 GMT"
Sailent [Free] [Shooter] [Windows],"Mon, 17 Jun 2019 03:06:33 GMT"
PISSWOLF 19 [Free] [Action] [Windows],"Tue, 20 Mar 2018 05:38:31 GMT"
NIGHTLIGHT [$1.00] [Shooter] [Windows],"Sun, 22 Nov 2020 20:35:37 GMT"
