Far Cry 1 | Mods DataBase [Free] [Shooter] [Windows],"Wed, 01 Jun 2022 18:29:56 GMT"
The Cursed Forest Demo [Free] [Adventure] [Windows],"Tue, 05 Mar 2019 00:09:47 GMT"
The Cursed Forest [$14.00] [Adventure] [Windows],"Fri, 29 Mar 2019 19:07:01 GMT"
BeamNG Unity (PRE) [Free] [Simulation] [Windows],"Sat, 27 Mar 2021 19:29:18 GMT"
Zero Dawn - Chapter 1 [$30.00] [Shooter] [Windows],"Sat, 16 Apr 2016 05:37:58 GMT"
In the Beginning was the Word... [Free] [Puzzle] [Windows],"Fri, 05 Jul 2019 06:39:10 GMT"
Friday Night Funkin VS Michael (M.B UPDATE!) [Free] [Rhythm],"Wed, 24 Nov 2021 03:41:55 GMT"
Kolobok [Free] [Adventure],"Sat, 06 Mar 2021 12:51:39 GMT"
Panzar [Free] [Action] [Windows],"Fri, 20 Apr 2018 10:37:18 GMT"
Pong [Free] [Action],"Fri, 26 Feb 2021 18:36:15 GMT"
SteelShot : Warzone [$14.55] [Action] [Windows],"Mon, 12 Apr 2021 07:02:47 GMT"
