StormCross [Free] [Adventure],"Sat, 06 Oct 2018 16:57:36 GMT"
Everyone is Afraid to be Forgotten [Free] [Interactive Fiction],"Sat, 17 Oct 2020 09:44:05 GMT"
Pomi and the Templar's Labyrinth [Free] [Action],"Fri, 14 May 2021 16:41:51 GMT"
Pong [Free] [Action],"Fri, 26 Feb 2021 18:36:15 GMT"
Welcome to the VOID [Free] [Adventure],"Sat, 23 Mar 2019 16:22:14 GMT"
ðŸŒœðŸŒ² [Free] [Survival],"Sat, 22 Sep 2018 13:45:29 GMT"
"ct.js + Yarn ""educational demo"" [Free] [Interactive Fiction]","Mon, 30 Sep 2019 10:56:23 GMT"
Catsteroids â€” a ct.js demo [Free] [Shooter],"Sun, 25 Mar 2018 07:28:59 GMT"
Disposable Magic [Free] [Shooter],"Sun, 12 Aug 2018 08:41:04 GMT"
Shifted [Free] [Puzzle] [Windows] [macOS] [Linux],"Wed, 26 Sep 2018 11:15:07 GMT"
I am a Fish [Free] [Platformer],"Mon, 14 Jan 2019 01:47:44 GMT"
Wizards And Warriors Alpha [50% Off] [$2.50] [Role Playing],"Thu, 05 Aug 2021 18:14:28 GMT"
Greed â€” a ct.js demo [Free] [Platformer],"Sun, 01 Apr 2018 07:09:18 GMT"
Wagey Wakey [Free] [Action],"Mon, 30 Nov 2020 03:49:43 GMT"
Comigo and the Vacation of Fusion [Free] [Puzzle] [Windows] [Linux],"Sun, 22 Mar 2020 04:56:54 GMT"
I Like Dreams [Free] [Interactive Fiction],"Sun, 30 Dec 2018 13:33:57 GMT"
Memocats â€” a ct.js demo [Free] [Card Game],"Tue, 03 Apr 2018 07:58:05 GMT"
Ideogram Drills (for remote viewers) [Free] [Other],"Mon, 04 Jan 2021 23:57:01 GMT"
Yersisland [Free] [Strategy] [Windows] [Linux],"Mon, 23 Mar 2020 01:36:04 GMT"
Bullet Hell [Free] [Shooter],"Thu, 22 Apr 2021 01:10:34 GMT"
Greed: The Fall [Free] [Platformer],"Sun, 25 Jul 2021 12:22:11 GMT"
Scalar Laser (SHMUP) [Free] [Shooter],"Mon, 30 Mar 2020 22:04:10 GMT"
Greed II [Free] [Platformer],"Sat, 15 May 2021 13:55:28 GMT"
First Date Joe [Free] [Role Playing],"Thu, 08 Jul 2021 13:46:40 GMT"
Sort the Waste [Free] [Windows] [Linux],"Sun, 08 Nov 2020 21:43:51 GMT"
Teh Kitteh [Free] [Platformer],"Sat, 15 May 2021 15:52:09 GMT"
Ponglor [Free] [Action],"Sun, 06 Sep 2020 19:22:12 GMT"
Red Wet Pump: Skull hunter [Free] [Platformer],"Sat, 02 Nov 2019 21:44:57 GMT"
Cosmic Glutton [Free] [Action] [Windows] [Linux],"Sun, 06 Oct 2019 18:05:33 GMT"
Say Sun Goodbye [Free] [Action],"Sun, 04 Apr 2021 14:08:08 GMT"
Georgina and the End of the World [Free] [Simulation],"Sun, 25 Apr 2021 15:27:20 GMT"
Watery Caves [Free] [Windows],"Sat, 07 Aug 2021 15:03:33 GMT"
Shrinky [Free] [Puzzle],"Thu, 17 Oct 2019 07:50:13 GMT"
TTS Angka [Free] [Puzzle] [Android],"Mon, 30 Aug 2021 07:55:00 GMT"
Skiing Game [Free] [Sports],"Sun, 08 Aug 2021 11:06:20 GMT"
Do (not) touch the spikes [Free],"Mon, 01 Mar 2021 13:23:38 GMT"
Pentatonic Bells [Free] [Educational],"Mon, 07 Dec 2020 02:47:45 GMT"
Dumb Dungeons [Free] [Action],"Sun, 12 Jan 2020 01:50:38 GMT"
Alone in Snow [Free] [Windows] [Linux],"Mon, 30 Nov 2020 02:43:45 GMT"
Untitled Space Cats [Free] [Shooter],"Sat, 03 Oct 2020 00:47:14 GMT"
Ð£ Ð¥Ð°Ñ€Ð¾Ð½Ð° Ð’Ñ‹Ñ…Ð¾Ð´Ð½Ð¾Ð¹ [Free] [Action],"Sun, 31 Oct 2021 20:17:46 GMT"
BoNtull [Free] [Puzzle],"Sat, 07 Aug 2021 01:52:48 GMT"
"Switch, Shoot, & Jump [Free] [Platformer]","Mon, 08 Feb 2021 15:47:27 GMT"
Grapple and Swing [Free],"Sun, 17 Jan 2021 13:03:04 GMT"
SquareOne ðŸ”² [Free] [Platformer],"Sun, 28 Feb 2021 22:32:05 GMT"
Chaos Math [Free] [Shooter],"Sun, 21 Feb 2021 17:36:53 GMT"
Map Dowsing Game 2 [Free],"Sun, 07 Feb 2021 02:44:30 GMT"
Miners' Laundry [Free] [Windows] [macOS] [Linux],"Mon, 22 Mar 2021 04:55:44 GMT"
Ilhado [Free] [Survival],"Sat, 31 Jul 2021 22:03:49 GMT"
Trianguloid [Free] [Shooter],"Sun, 14 Mar 2021 02:00:21 GMT"
Flying Reindeer Practice [Free],"Fri, 30 Oct 2020 19:30:17 GMT"
Sheep Herding Game [Free],"Mon, 14 Dec 2020 20:51:54 GMT"
Pick Up via Helicopter [Free],"Mon, 08 Mar 2021 16:59:09 GMT"
Coffee Goodness [Free] [Platformer],"Sun, 16 May 2021 19:08:08 GMT"
On Thin Ice [Free] [Platformer],"Sun, 07 Mar 2021 02:26:53 GMT"
Catch the Ring [Free] [Other],"Mon, 07 Dec 2020 02:49:17 GMT"
Interplanetary Delivery [Free],"Mon, 16 Nov 2020 04:37:00 GMT"
Miniature Against Bacteria [Free],"Mon, 22 Feb 2021 04:27:10 GMT"
Another Circle Game (with vector circles this time) [Free] [Other],"Thu, 24 Jun 2021 19:13:01 GMT"
Sheep Herding Game 2 [Free],"Tue, 15 Dec 2020 17:30:11 GMT"
Raining Candies [Free],"Thu, 31 Dec 2020 04:00:48 GMT"
Kangaroo Game [Free],"Tue, 29 Dec 2020 18:11:51 GMT"
Chaos Math 2 [Free] [Shooter],"Tue, 02 Mar 2021 20:06:44 GMT"
Climbing Champions [Free] [Simulation],"Sun, 19 Apr 2020 17:49:04 GMT"
