Mystery Mansion [Free] [Survival],"Sat, 24 Sep 2022 17:49:49 GMT"
Craftomation 101: Programming & Craft [Free] [Simulation] [Windows] [macOS] [Linux],"Thu, 02 Sep 2021 12:42:57 GMT"
Exolon: REDUX [Free] [Action] [Windows],"Fri, 24 Jun 2022 11:48:29 GMT"
Sector 781 [£2.99] [Platformer] [Windows],"Tue, 15 Sep 2020 18:25:33 GMT"
Curious Fishing [Free] [Puzzle],"Fri, 16 Apr 2021 21:04:09 GMT"
Word Worm [Free] [Puzzle],"Wed, 30 Jan 2019 19:19:16 GMT"
Star Jammer [Free] [Platformer],"Fri, 16 Aug 2019 10:30:51 GMT"
Alpha Squirrel [Free] [Platformer] [Windows],"Thu, 25 Feb 2021 13:43:13 GMT"
A Weekend at Villa Apate [Free] [Adventure] [Windows] [macOS] [Linux],"Sun, 20 Jun 2021 06:39:23 GMT"
Fates of Ort [50% Off] [$7.49] [Role Playing] [Windows] [macOS] [Linux],"Wed, 24 Jul 2019 08:52:03 GMT"
Witchcrafter: Empire Legends [Free] [Platformer],"Sun, 14 Apr 2019 01:31:39 GMT"
Star Runner [Free] [Platformer],"Thu, 13 Feb 2020 14:38:13 GMT"
Furious Golf [Free] [Sports],"Sun, 31 Mar 2019 17:15:26 GMT"
Pixel Crypt [Free] [Action] [Windows],"Sun, 08 Aug 2021 17:46:33 GMT"
PicoShot [Free] [Shooter],"Tue, 06 Aug 2019 10:35:27 GMT"
Station Master [Free] [Adventure] [Windows],"Mon, 20 May 2019 14:50:33 GMT"
My Crush Wants a Yandere? [Free] [Visual Novel] [Windows] [macOS] [Linux],"Mon, 28 Feb 2022 23:13:25 GMT"
Blockdock [Free] [Puzzle],"Sat, 26 Mar 2022 11:47:54 GMT"
Planet Zero [Free] [Platformer],"Mon, 07 Oct 2019 16:46:15 GMT"
Nanowar [Free] [Shooter],"Fri, 12 Apr 2019 11:33:30 GMT"
Unit 4 [Free] [Action] [Windows],"Fri, 07 Jun 2019 11:59:02 GMT"
Helo Storm [Free] [Shooter] [Windows],"Mon, 05 Apr 2021 17:02:09 GMT"
BitcoinMiner Idle Game [Free] [Other] [Windows],"Thu, 11 Feb 2021 20:01:09 GMT"
Pathfinder [Free] [Platformer],"Sun, 05 Dec 2021 15:19:34 GMT"
Escape from Mars [Free] [Strategy] [Windows],"Fri, 28 Jun 2019 16:18:34 GMT"
Cat Stories: New Year [Free] [Puzzle] [Windows] [Linux],"Sat, 31 Oct 2020 23:41:50 GMT"
Bomb Frog [Free] [Action] [Windows],"Mon, 06 May 2019 19:40:29 GMT"
Heli-Rescue [Free] [Action],"Tue, 23 Oct 2018 19:08:37 GMT"
Rock Hopper [Free] [Platformer] [Windows] [macOS] [Linux],"Thu, 23 Jul 2020 13:41:04 GMT"
Sub Strike [Free] [Action],"Wed, 11 Mar 2020 15:42:23 GMT"
Crystal Caverns [Free] [Platformer] [Windows] [macOS] [Linux],"Thu, 07 Mar 2019 15:26:55 GMT"
Faerie Alchemy [Free] [Puzzle] [Windows] [macOS] [Linux],"Sun, 06 Jun 2021 00:14:46 GMT"
A Town Called Fairview [Free] [Adventure],"Fri, 18 Oct 2019 12:57:52 GMT"
SMASH BASH: Date with the Desert [Free] [Shooter],"Fri, 02 Sep 2016 21:11:55 GMT"
Crystal Caverns 2 [Free] [Platformer] [Windows],"Wed, 29 Apr 2020 14:09:42 GMT"
Type to WIN [Free] [Platformer],"Mon, 23 Apr 2018 00:24:20 GMT"
Marginalia hero - medieval one tap game [Free] [Action],"Sun, 09 Sep 2018 19:03:04 GMT"
Swapbot [Free] [Puzzle],"Sat, 05 Mar 2022 12:39:07 GMT"
Rocket Run [Free] [Action],"Thu, 24 Jan 2019 21:00:15 GMT"
Indie Apocalypse Tycoon [Free] [Simulation],"Mon, 23 Oct 2017 06:47:20 GMT"
Reactor [Free] [Platformer] [Windows],"Thu, 05 Dec 2019 15:25:23 GMT"
Faerie Solitaire Harvest [Free] [Card Game] [Windows] [macOS] [Linux],"Sat, 30 Mar 2019 12:58:31 GMT"
The Adventure [Free] [Platformer],"Thu, 16 Aug 2018 21:48:15 GMT"
A Leader [Free] [Action] [Windows] [macOS] [Linux] [Android],"Sun, 17 Apr 2016 16:38:19 GMT"
Zapatron [Free] [Action],"Fri, 22 Apr 2022 16:41:27 GMT"
Multipod [Free] [Action],"Wed, 09 Jan 2019 21:31:23 GMT"
Ice Runner [Free] [Platformer],"Mon, 03 Dec 2018 14:24:50 GMT"
Wizards of the Academy [Free] [Action] [Windows] [Android],"Thu, 24 Aug 2017 13:24:11 GMT"
Typhoon Balloon [Free] [Action],"Sun, 27 Feb 2022 11:06:00 GMT"
Flip a Talk [Free] [Card Game] [Windows] [macOS] [Linux],"Mon, 05 Oct 2020 19:04:19 GMT"
Timelooper [Free] [Strategy] [Windows],"Sun, 24 Jul 2022 15:16:02 GMT"
Circuitron [Free] [Puzzle],"Mon, 17 Dec 2018 19:27:07 GMT"
No Step Back [Free] [Rhythm] [Windows] [macOS],"Sat, 01 Dec 2018 16:04:10 GMT"
Square Fall [Free] [Other],"Tue, 23 Jun 2020 03:42:30 GMT"
Void Scrappers (demo) [Free] [Action],"Thu, 26 May 2022 12:43:29 GMT"
Safe Cracker [Free] [Puzzle],"Wed, 03 Feb 2021 12:15:11 GMT"
Water Sources [Free] [Puzzle],"Sun, 30 Jun 2019 11:50:31 GMT"
Net Runner [Free] [Puzzle] [Windows],"Thu, 30 May 2019 12:34:41 GMT"
Asteroid Robinson [Free] [Puzzle],"Sun, 27 Jan 2019 13:24:36 GMT"
Penguin Pursuit [Free] [Platformer],"Fri, 28 Jan 2022 10:56:31 GMT"
A Short Eternity [Free] [Visual Novel] [Windows] [macOS] [Linux] [Android],"Mon, 25 Jul 2022 16:02:41 GMT"
PANIC-19 [Free] [Platformer],"Fri, 20 Mar 2020 12:54:33 GMT"
Merge Getaway [Free] [Racing],"Mon, 04 Apr 2022 00:09:01 GMT"
Tower Hop [Free] [Action],"Fri, 27 May 2022 21:35:37 GMT"
Driller: The New Fields [Free] [Action],"Wed, 13 Nov 2019 16:04:13 GMT"
Secrets of Atlantis [Free] [Action],"Mon, 16 Nov 2020 19:43:15 GMT"
f18 [Free] [Simulation] [Windows] [macOS] [Linux],"Tue, 21 Dec 2021 08:40:44 GMT"
Boredanoid [Free] [Action],"Thu, 17 Jan 2019 10:28:14 GMT"
Maze Mania [Free] [Puzzle],"Fri, 02 Jul 2021 11:37:36 GMT"
Monster Maze [Free] [Action],"Tue, 04 Feb 2020 20:55:32 GMT"
Tilt'N'Turn [Free] [Puzzle],"Tue, 09 Jul 2019 15:51:03 GMT"
The Mysterious Gear Chest [Free] [Adventure] [Windows] [macOS] [Linux],"Mon, 13 Jun 2022 12:01:43 GMT"
Melancholica [Free] [Visual Novel] [Windows] [macOS] [Linux] [Android],"Sat, 27 Feb 2021 16:48:49 GMT"
Backyard Brawl [Free] [Action] [Windows],"Mon, 08 Apr 2019 10:40:50 GMT"
Death Percent [Project 2021-3] [Free] [Platformer],"Mon, 01 Mar 2021 04:16:26 GMT"
Employee of the Year [Free] [Adventure] [Windows] [macOS],"Mon, 10 Aug 2020 11:40:51 GMT"
Dino Strike [Free] [Action],"Mon, 08 Mar 2021 17:56:24 GMT"
Moon Golf [Free] [Sports] [Windows],"Wed, 15 Apr 2020 13:32:41 GMT"
Valchemy [Free] [Action],"Thu, 28 Nov 2019 10:49:45 GMT"
Rebound [Free] [Action],"Mon, 08 May 2017 14:30:35 GMT"
Trigger Dungeon [Free] [Platformer] [Windows],"Tue, 20 Apr 2021 15:23:30 GMT"
Urban Climber [Free] [Action],"Thu, 03 Feb 2022 18:17:32 GMT"
Jetpack Jeopardy [Free] [Action],"Fri, 29 Nov 2019 21:40:49 GMT"
Out of Ruin - Idle RPG Adventure [Free] [Role Playing],"Wed, 27 Nov 2019 10:19:16 GMT"
Tricky Spin [Free] [Action],"Tue, 15 Sep 2020 02:46:58 GMT"
Cave Runner [Free] [Action],"Thu, 13 Dec 2018 17:35:19 GMT"
Handshake [Free] [Simulation],"Sun, 27 Jan 2019 13:28:49 GMT"
Asteroid Apocalypse [Free] [Action],"Fri, 17 Jan 2020 11:30:12 GMT"
Magic Blocks [Free] [Strategy],"Thu, 15 Sep 2022 10:36:13 GMT"
Blood Shift [Free] [Interactive Fiction] [Windows] [macOS] [Linux],"Fri, 05 Nov 2021 18:09:33 GMT"
Droptic [Free] [Puzzle] [Windows] [Linux] [Android],"Sat, 03 Jul 2021 21:12:13 GMT"
SMASH BASH: Sukhov vs Zombies [Free] [Shooter],"Sun, 28 Aug 2016 20:39:34 GMT"
StackPack [Free] [Action],"Fri, 15 Jan 2021 19:43:11 GMT"
Heroes of Lowrez [Free] [Strategy],"Fri, 13 Aug 2021 20:42:44 GMT"
Mech Project [Free] [Platformer],"Fri, 17 Jan 2020 12:07:47 GMT"
Victory Lane [Free] [Racing],"Sun, 20 Jan 2019 17:43:53 GMT"
Patisserie Academy [Free] [Visual Novel] [Windows] [macOS] [Linux],"Fri, 01 Apr 2022 00:13:00 GMT"
A Drunk Thief [GMTK 2020] [Free] [Survival],"Sun, 12 Jul 2020 03:47:20 GMT"
Hall of Monsters [Free] [Action],"Sat, 19 Feb 2022 21:42:19 GMT"
Rush Hour [Free] [Strategy],"Sat, 14 May 2022 21:48:02 GMT"
Welcome to the Bikiniverse (beta) [Free] [Puzzle],"Fri, 13 Jan 2017 00:41:14 GMT"
"Craft, Code, Burnout [Free] [Educational] [Windows] [Linux]","Mon, 26 Apr 2021 20:55:41 GMT"
Dungeon Stacker [Free] [Action],"Wed, 26 Feb 2020 09:07:28 GMT"
Dino Hipster Survival [Free] [Action] [Windows] [macOS] [Linux],"Sun, 28 Aug 2016 18:11:57 GMT"
Pipe Panic [Free] [Action],"Sat, 19 Mar 2022 16:02:40 GMT"
Fork vs Monzie [Free] [Action] [Windows] [macOS],"Tue, 12 Feb 2019 18:26:29 GMT"
WORD SHOT [Free] [Educational] [Windows] [macOS] [Linux],"Thu, 06 Jun 2019 17:59:50 GMT"
Natural Resources [Free] [Strategy],"Mon, 04 Apr 2022 16:36:11 GMT"
Second Son [Project 2021-8] [Free] [Shooter] [Windows],"Sat, 28 Aug 2021 16:44:10 GMT"
Astrogue [Free] [Adventure],"Sun, 23 Jan 2022 14:46:38 GMT"
BOX IT! [Free] [Other] [Android],"Mon, 13 Aug 2018 20:36:51 GMT"
Number Drop [Free] [Educational],"Wed, 19 Jan 2022 13:02:47 GMT"
S.M.S. [Secret Moon Station] [Free] [Platformer],"Wed, 25 Nov 2020 13:20:08 GMT"
Junkyard [Free] [Action],"Wed, 08 Aug 2018 12:03:11 GMT"
Rogue Royale [Project 2021-4] [Free] [Fighting] [Windows],"Sun, 14 Mar 2021 06:02:06 GMT"
Sheeps Empire [Free] [Action],"Sun, 02 Dec 2018 23:45:13 GMT"
Driller [Free] [Action] [Windows],"Mon, 04 Feb 2019 15:55:49 GMT"
Cat Tower [Free] [Platformer] [Windows] [macOS] [Linux],"Mon, 17 May 2021 03:32:07 GMT"
Four Distant Daughters [Free] [Adventure],"Mon, 22 Jun 2020 18:32:56 GMT"
Monster Chase [Free] [Action],"Tue, 19 Jul 2022 11:48:59 GMT"
Asteroid Blaster [Free] [Shooter],"Wed, 04 Jan 2017 19:07:36 GMT"
Snowline [Free] [Shooter] [Windows],"Tue, 14 Dec 2021 11:53:20 GMT"
DRILLER [Free] [Shooter],"Mon, 26 Apr 2021 00:46:22 GMT"
Remember the cards [Free] [Card Game],"Tue, 20 Sep 2022 16:51:22 GMT"
Angry Caveman [Free] [Puzzle],"Mon, 06 Apr 2020 13:42:57 GMT"
Flip Flop [Free] [Puzzle],"Mon, 24 Feb 2020 12:45:05 GMT"
Armor of God [Project 2021-2] [Free] [Adventure],"Sat, 20 Feb 2021 00:06:08 GMT"
Meteoro [Free] [Puzzle],"Sun, 15 Mar 2020 18:17:44 GMT"
Lost Boss [Free] [Action],"Fri, 12 Apr 2019 12:50:57 GMT"
Cyberpunk Stories: Kaitlin [Free] [Adventure] [Windows] [Linux],"Sat, 24 Sep 2022 06:51:08 GMT"
No Space In My Stomach [Free] [Puzzle] [Windows],"Mon, 13 Aug 2018 20:26:52 GMT"
Last Man Standing [Project 2021-6] [Free] [Action],"Fri, 04 Jun 2021 07:04:25 GMT"
DinoBall [Free] [Sports] [Android],"Fri, 05 Feb 2021 23:52:36 GMT"
Guise of Sunrise [Free] [Other] [Windows],"Thu, 08 Sep 2016 15:28:30 GMT"
The Misadventure of Bogart the Frog [Free] [Platformer],"Sat, 01 May 2021 03:20:08 GMT"
Pogo-T [Free] [Action],"Sat, 12 Feb 2022 20:08:23 GMT"
To the Light [Free] [Platformer] [Android],"Mon, 18 May 2020 18:00:44 GMT"
Bitchin Stitchin [Free] [Simulation] [Windows] [macOS] [Linux] [Android],"Sun, 22 Jan 2017 20:52:41 GMT"
A Drunk Thief Returns [Free] [Adventure] [Windows],"Mon, 13 Dec 2021 05:37:41 GMT"
Joining Forces [Project 2021 - 7] [Free] [Platformer] [Windows],"Sun, 13 Jun 2021 11:53:25 GMT"
Death Percent 2: On the Edge of Destruction [Project 2021-9] [Free] [Platformer] [Windows],"Mon, 20 Sep 2021 05:11:40 GMT"
Pixel Crawler [Free] [Role Playing],"Sat, 23 Feb 2019 18:54:08 GMT"
Journey to Hell [Free] [Platformer] [Windows] [macOS],"Fri, 29 Oct 2021 01:25:46 GMT"
Island Escape [Free] [Adventure],"Fri, 20 Dec 2019 13:31:14 GMT"
Immagication [Free] [Visual Novel] [Windows] [macOS],"Sun, 19 Apr 2020 15:21:20 GMT"
Samurai Shucker [Free] [Rhythm],"Thu, 15 Sep 2022 04:17:54 GMT"
Bullseye Shoot'n Gallery [Free] [Shooter],"Sun, 28 Nov 2021 00:00:10 GMT"
Kat's Flowery Fever Dream [Free] [Other],"Fri, 26 Apr 2019 09:26:10 GMT"
The Wooter [Free] [Windows],"Tue, 28 Jul 2020 04:37:32 GMT"
Good Hamster — Dead Hamster [Free] [Strategy] [Windows],"Mon, 23 Apr 2018 21:00:25 GMT"
The Hollow Men [Free] [Adventure] [Windows] [macOS] [Linux],"Tue, 30 Aug 2022 01:28:51 GMT"
Ninjarai [Free] [Platformer],"Sat, 12 Jun 2021 06:47:58 GMT"
Buddel [Free] [Puzzle],"Fri, 11 Feb 2022 11:08:42 GMT"
BlockOperatedSnakeSystem [Free] [Puzzle] [Windows] [macOS],"Sun, 14 Apr 2019 15:52:02 GMT"
Yolka [Free] [Action],"Fri, 17 Dec 2021 19:38:52 GMT"
Fatman and Dancer [Free] [Action],"Mon, 11 Feb 2019 12:36:45 GMT"
Galaxy Force [Free] [Shooter],"Thu, 21 Mar 2019 14:57:03 GMT"
Darts Loop [Free] [Sports],"Sat, 18 Dec 2021 23:10:25 GMT"
Out Of Time [Project 2021-1] [Free] [Adventure],"Fri, 29 Jan 2021 07:04:09 GMT"
Weird Reflections [Free] [Puzzle],"Mon, 26 Apr 2021 07:03:00 GMT"
commandoFada [Free] [Shooter] [Windows] [macOS],"Mon, 25 May 2020 18:21:11 GMT"
Lifeless Space [Free] [Puzzle],"Mon, 29 Apr 2019 23:00:30 GMT"
Sword Boss [Free] [Action],"Sat, 13 Apr 2019 23:47:28 GMT"
[Web Demo] Chess For Millennials [Free] [Action],"Mon, 24 Aug 2020 13:33:54 GMT"
Catalization [Free] [Strategy] [Windows] [macOS] [Linux],"Fri, 12 Nov 2021 16:45:32 GMT"
What's Your Color ? [Free] [Puzzle] [Windows] [macOS] [Linux],"Sun, 31 Jan 2021 02:11:15 GMT"
Somnium [Free] [Platformer] [Android],"Tue, 09 Jun 2020 11:45:04 GMT"
Stonk Go Up [Free],"Thu, 08 Sep 2022 04:05:17 GMT"
Santa's Sort Center [Free] [Action],"Mon, 21 Dec 2020 10:48:56 GMT"
Noname 2.5D Shooter Festival [Free] [Shooter],"Fri, 10 Apr 2020 19:55:49 GMT"
EA Simulator [Free] [Simulation] [Windows],"Sun, 05 Aug 2018 23:20:08 GMT"
Librarian Barbarians [Free] [Fighting] [Windows],"Sun, 31 May 2020 15:23:21 GMT"
VFX demo defold [Free],"Sun, 24 Apr 2022 18:42:43 GMT"
Rotate Ring - EndlessGame [$3.00] [Platformer] [Android],"Fri, 17 Jul 2020 20:47:59 GMT"
Dark Vessel [Free] [Other],"Sun, 30 Jun 2019 16:04:04 GMT"
Sola spaco [Free],"Tue, 09 Apr 2019 08:31:30 GMT"
The Evil Boss [Free],"Thu, 11 Apr 2019 04:34:30 GMT"
Defold Arcade Demo [Free] [Shooter],"Tue, 17 May 2022 20:00:07 GMT"
Cuteness Overload [Free] [Platformer] [Windows] [Linux],"Fri, 22 Oct 2021 19:37:02 GMT"
Paragon Redux [Free] [Strategy],"Thu, 11 Feb 2021 19:55:53 GMT"
Swamp Frenzy [Free] [Windows],"Sun, 18 Jul 2021 11:55:02 GMT"
D-Fold [Free] [Platformer] [Windows] [Linux],"Sat, 24 Sep 2022 18:37:05 GMT"
From the Ashes [Project 2021-12] [Free] [Adventure],"Sun, 30 Jan 2022 06:33:35 GMT"
DR0P Light demo [Free] [Rhythm],"Wed, 26 Jan 2022 14:01:59 GMT"
[DEMO] Marginalia Hero - medieval one tap RPG [Free] [Action],"Sat, 29 Sep 2018 15:35:38 GMT"
Poips! [Free] [Puzzle] [Windows],"Sat, 08 Feb 2020 16:49:35 GMT"
StarClick [Free],"Tue, 30 Jun 2020 10:44:29 GMT"
The Adventures of Diasi [Free] [Platformer],"Wed, 12 Jan 2022 14:00:08 GMT"
Pong Fever [Free] [Sports],"Mon, 17 Feb 2020 20:01:19 GMT"
Space Football [Free] [Action] [Windows],"Sun, 31 Oct 2021 01:00:12 GMT"
Don Muchacho: Vigilante [Free] [Platformer],"Sun, 03 Oct 2021 16:30:47 GMT"
Fly Swat [Free],"Tue, 14 Dec 2021 12:34:04 GMT"
In The Walls [Free] [Adventure] [Windows],"Sun, 17 Jul 2022 18:00:36 GMT"
Furry Burst [Free] [Other],"Fri, 24 Jul 2020 03:06:01 GMT"
Oneclickwarrior [Free] [Action],"Sun, 04 Aug 2019 13:41:04 GMT"
Cash Dash [Free] [Strategy],"Mon, 10 Dec 2018 19:25:16 GMT"
Mine Shaft [Free] [Other],"Sat, 23 Oct 2021 18:08:33 GMT"
Mine Runner [Free] [Action],"Sat, 24 Sep 2022 13:51:01 GMT"
Boulder and Troubles [Free] [Adventure] [Windows],"Fri, 18 Sep 2020 11:24:09 GMT"
Polka Scape [Free] [Puzzle],"Sat, 01 May 2021 14:27:31 GMT"
round-a-bout [Free] [Puzzle],"Sun, 24 Apr 2022 20:58:25 GMT"
Food Escape [Free] [Shooter] [Windows] [Linux],"Sat, 12 Mar 2022 11:26:25 GMT"
Hyperloops [Free] [Puzzle],"Wed, 13 May 2020 10:11:43 GMT"
Sokoban [Free] [Puzzle],"Sun, 21 Jun 2020 14:56:09 GMT"
Mutt & Run [Free] [Other] [Android],"Fri, 30 Aug 2019 05:43:30 GMT"
LineEmUp [Free] [Action],"Thu, 01 Apr 2021 02:59:26 GMT"
Hash & Slash Pre-Alpha 5 [Free] [Role Playing],"Sat, 10 Sep 2022 21:25:19 GMT"
Azu [Free] [Puzzle] [Windows] [macOS] [Linux] [Android],"Sat, 27 Feb 2021 11:57:34 GMT"
100 Step Dungeon [Free] [Puzzle] [Windows] [macOS] [Linux],"Thu, 13 Jun 2019 11:37:11 GMT"
Bit Riders [Free] [Racing] [Windows] [Linux] [Android],"Sun, 30 Jun 2019 18:57:06 GMT"
Ancient Invaders [Free] [Action] [Windows],"Sun, 28 Aug 2016 16:09:23 GMT"
Save Your Cogs Demo HTML5 [Free] [Puzzle],"Wed, 28 Nov 2018 10:53:55 GMT"
Reptiloid Simulator [Free] [Simulation] [Windows] [Linux],"Mon, 13 Aug 2018 21:13:29 GMT"
MetroidPich [Free] [Platformer] [Windows] [macOS] [Linux],"Wed, 20 Mar 2019 01:48:45 GMT"
Running out of Sugar [Free] [Other],"Thu, 10 Jan 2019 23:00:34 GMT"
Void Tapper [Free] [Other] [Android],"Sun, 26 Jul 2020 17:52:23 GMT"
Human Trials [Free] [Puzzle] [Windows] [macOS] [Linux],"Sun, 30 Jun 2019 21:01:18 GMT"
Food Rescue [Free] [Action] [Windows] [macOS] [Linux],"Fri, 08 Sep 2017 19:03:10 GMT"
Idea [Free] [Action],"Sun, 27 Mar 2022 10:26:10 GMT"
Bridgeman [Free] [Platformer] [Windows] [macOS],"Sun, 02 Feb 2020 13:21:14 GMT"
Ouroboros Input [Free] [Puzzle] [Windows] [Linux],"Sun, 30 Sep 2018 22:25:55 GMT"
Sliderz [Free] [Puzzle] [Windows] [macOS] [Linux],"Thu, 18 Jun 2020 18:32:47 GMT"
Windiness [Free] [Platformer] [Windows] [macOS] [Linux],"Mon, 06 Apr 2020 12:19:31 GMT"
Tavern Halloween Monsters HTML5 [Free] [Action],"Mon, 31 Oct 2016 08:11:30 GMT"
Dino Quest [Free] [Platformer],"Sun, 13 Jun 2021 17:59:33 GMT"
Ideal Date [Free] [Puzzle] [Android],"Sun, 06 Oct 2019 16:59:10 GMT"
When jump jumped wrong [Free] [Action] [Windows],"Sun, 01 Nov 2020 12:25:59 GMT"
OPERATOR Extended [Free] [Survival] [Windows] [macOS],"Tue, 01 May 2018 08:29:38 GMT"
GBJamRausers [Free] [Action],"Mon, 10 Oct 2016 04:56:05 GMT"
Elephant Smash [Free] [Action],"Tue, 01 Jan 2019 22:39:16 GMT"
GreenGuy BETA [Free] [Shooter] [Android],"Sat, 11 Sep 2021 19:33:53 GMT"
E Street Fighter Band [Free] [Action] [Windows] [macOS],"Sun, 14 Apr 2019 15:54:43 GMT"
Economic Bubble [Free] [Simulation],"Mon, 20 Apr 2020 21:55:44 GMT"
O / > [Free] [Action],"Wed, 27 Sep 2017 07:12:36 GMT"
Shipwreck! [Free] [Platformer],"Sun, 03 Oct 2021 22:51:32 GMT"
somewhere [Free] [Adventure],"Sun, 11 Sep 2016 17:26:33 GMT"
Combo Champ [Free] [Fighting],"Sat, 17 Aug 2019 14:31:48 GMT"
Imagine Death [Free] [Shooter] [Windows] [macOS] [Linux],"Thu, 22 Apr 2021 18:31:30 GMT"
Run To Live [Free] [Platformer],"Tue, 20 Jul 2021 17:01:26 GMT"
L45ER_BOT - lasers & mirrors puzzle platformer [Free] [Platformer],"Mon, 26 Apr 2021 07:38:10 GMT"
Dance With Swords [Free] [Fighting] [Windows],"Sun, 21 Mar 2021 13:12:10 GMT"
"Me, My Robot, & I [Free] [Platformer] [Windows] [Linux]","Sun, 12 Jul 2020 06:14:26 GMT"
Isometric Invaders [Free] [Shooter],"Fri, 31 Jul 2020 23:36:22 GMT"
Carte Ponte [Free] [Card Game],"Sun, 26 Dec 2021 10:45:38 GMT"
St Matthew Passion [Free] [Simulation] [Windows] [macOS] [Linux],"Tue, 07 Aug 2018 11:15:19 GMT"
On Blackwatch [Free],"Thu, 27 Jun 2019 13:33:11 GMT"
Neon Orbis' BlackJack [Free] [Card Game] [Windows] [macOS] [Linux],"Sat, 19 Feb 2022 19:53:53 GMT"
Mr. Money [Free] [Action] [Windows],"Mon, 29 Apr 2019 20:33:46 GMT"
Clear The Dungeon [Free] [Card Game] [Windows] [macOS] [Linux],"Sat, 19 Mar 2022 22:54:13 GMT"
Facts about the Ogres [Free] [Platformer],"Thu, 28 Sep 2017 20:17:19 GMT"
Lost Treasure Digger [Free] [Platformer] [Windows] [macOS] [Linux],"Sun, 31 Jan 2021 15:36:47 GMT"
"Die, Ghost! [Free] [Windows] [macOS]","Tue, 19 May 2020 01:56:01 GMT"
Throwing Spear [Free] [Other],"Mon, 19 Jul 2021 13:29:59 GMT"
Paper Space [Free] [Action],"Sat, 16 Nov 2019 14:03:18 GMT"
The Secret Laboratory [Free] [Interactive Fiction],"Fri, 31 Jul 2020 20:40:53 GMT"
Yacht [Free] [Windows],"Sun, 16 Feb 2020 11:26:46 GMT"
2x2 Game [Free] [Educational] [Windows],"Mon, 13 Dec 2021 04:19:32 GMT"
Sakana [Free] [Other],"Mon, 29 Jul 2019 01:22:33 GMT"
Meet Me At The Corner [Free] [Puzzle],"Fri, 31 Jan 2020 09:21:51 GMT"
Snek [Free] [Action] [Windows],"Sat, 01 Feb 2020 22:40:07 GMT"
Ship go brrr [Free] [Other] [Windows],"Fri, 31 Jul 2020 18:00:13 GMT"
Static Lifeline [Free] [Platformer] [Windows],"Sun, 19 Jun 2022 04:00:20 GMT"
Streets of the Dead [Free] [Card Game] [Windows] [Linux],"Sun, 03 Apr 2022 18:40:00 GMT"
Survive 60 seconds [Free] [Action],"Tue, 21 Jul 2020 10:07:22 GMT"
Jumpy [Free] [Adventure] [Windows] [Linux],"Sun, 23 Jan 2022 02:15:51 GMT"
Don't Cursed [Free] [Action],"Sat, 22 Aug 2020 19:53:03 GMT"
Space Gunfight [Free],"Mon, 27 Jul 2020 08:46:41 GMT"
You Picked the Wrong Dungeon [Free] [Shooter],"Sat, 08 Aug 2020 07:19:46 GMT"
Get Me Out [Free] [Puzzle],"Sat, 07 Nov 2020 11:13:16 GMT"
Super Snake: Mini Edition [Free] [Action] [Windows],"Sat, 20 Oct 2018 04:17:12 GMT"
Rod One Out [Free] [Puzzle] [Windows] [macOS] [Linux],"Fri, 13 May 2022 19:35:18 GMT"
Intergalactic Arena: First Blood [Free] [Action],"Thu, 28 Sep 2017 11:34:51 GMT"
Three Men in a spaceship (To Say Nothing of the AI) [Free] [Adventure],"Mon, 13 Aug 2018 22:14:52 GMT"
Control [Free] [Simulation],"Tue, 14 Apr 2020 19:06:09 GMT"
LostBone [Free] [Adventure],"Sat, 23 May 2020 17:03:51 GMT"
Rapprechaun [Free] [Action],"Sun, 03 Dec 2017 19:50:23 GMT"
Pocket Witch Garden [Free] [Action],"Mon, 01 Nov 2021 02:01:13 GMT"
Neon Orbis' Solitaire [Free] [Card Game] [Windows] [Linux],"Sat, 05 Mar 2022 10:34:06 GMT"
ULTRA BOW GOLF DEMO [Free] [Platformer],"Sun, 27 Feb 2022 11:41:40 GMT"
ldj43 [Free] [Platformer] [Windows] [Linux],"Mon, 03 Dec 2018 02:19:24 GMT"
Ingrid and the Exalted Coven [Free] [Card Game],"Mon, 30 Jul 2018 22:36:46 GMT"
Cheese Hunt [Free] [Survival],"Tue, 23 Jul 2019 23:59:12 GMT"
VHS Loop [Free] [Puzzle] [Windows] [macOS] [Linux],"Sat, 03 Oct 2020 11:40:57 GMT"
Zling [Free] [Action],"Wed, 14 Jun 2017 07:33:57 GMT"
Cherry Blossom [Free] [Platformer],"Sat, 18 Mar 2017 23:38:27 GMT"
GunsAndGoos [Free] [Strategy],"Sun, 12 Jul 2020 17:28:09 GMT"
Roy [Free] [Platformer],"Sun, 28 Feb 2021 23:57:14 GMT"
Ladybug Ball - Github Game Off 2021 [Free] [Platformer],"Mon, 29 Nov 2021 08:18:05 GMT"
Farming of Isaac [Free] [Action],"Fri, 12 Mar 2021 07:24:23 GMT"
Post mortem [Free] [Interactive Fiction],"Mon, 07 Oct 2019 15:58:56 GMT"
Climb Jumper [Free] [Platformer],"Fri, 29 Sep 2017 10:54:05 GMT"
Sunny [Free] [Platformer],"Wed, 31 Mar 2021 20:04:31 GMT"
"Dear Hero, [Free] [Windows]","Fri, 23 Jul 2021 10:32:08 GMT"
Space Oddities [Free],"Sun, 25 Apr 2021 17:02:32 GMT"
Bottom bomber [Free],"Sun, 04 Apr 2021 14:29:48 GMT"
Tohatra [Free] [Platformer],"Sun, 26 Jul 2020 15:40:52 GMT"
Obstacle [Free] [Action],"Fri, 26 Jun 2020 14:26:17 GMT"
Faith Shuttle [Free] [Windows] [macOS] [Linux],"Sun, 17 Oct 2021 20:24:47 GMT"
Airdnd [Free] [Action],"Tue, 11 Dec 2018 05:36:04 GMT"
This is a Test [$1.50] [Platformer] [Windows],"Wed, 13 Jul 2022 23:50:08 GMT"
Memory Game [Free] [Educational],"Fri, 11 Sep 2020 18:42:06 GMT"
Fish Line 2 [Free] [Windows] [macOS] [Linux],"Sun, 01 Aug 2021 21:23:23 GMT"
Dissolve Shader Defold [Free] [Other],"Fri, 27 May 2022 21:05:40 GMT"
Summer Dream Run (DEMO) [100.00€] [Platformer],"Tue, 11 Apr 2017 23:59:13 GMT"
Glue Time [Free] [Shooter],"Tue, 20 Sep 2016 19:38:15 GMT"
Icarus Saves The World [Free] [Other],"Fri, 29 Sep 2017 09:13:51 GMT"
Distant [Free] [Puzzle],"Sun, 02 Aug 2020 23:18:29 GMT"
Weather Change [Free] [Puzzle],"Fri, 10 May 2019 08:49:02 GMT"
A Name Is Earned [Project 2021-5] [Free] [Shooter],"Thu, 22 Apr 2021 17:48:12 GMT"
Perro gris [Free] [Other],"Tue, 21 Jun 2022 21:30:51 GMT"
Turtle Dance [Free] [Rhythm],"Fri, 27 Dec 2019 19:42:58 GMT"
Submarine Frenzy [Free] [Action],"Mon, 26 Apr 2021 21:35:56 GMT"
Deadline [Free] [Adventure],"Mon, 03 Dec 2018 19:15:23 GMT"
Antibody [Free] [Action],"Mon, 04 Dec 2017 22:45:36 GMT"
Simple Runner [Free] [Action],"Mon, 03 Aug 2020 16:15:29 GMT"
El Mate Infinito [Free] [Adventure],"Mon, 09 Nov 2020 02:01:53 GMT"
Nothingland [Free] [Shooter],"Wed, 09 Oct 2019 07:19:21 GMT"
Please Stay [Free] [Simulation],"Sun, 19 Apr 2020 22:30:24 GMT"
Executioner [Free] [Other],"Mon, 31 Aug 2020 21:16:54 GMT"
Monster Island [Free],"Mon, 20 Sep 2021 13:06:52 GMT"
DeepDream [Free] [Puzzle],"Sun, 25 Apr 2021 15:44:36 GMT"
You are the President and Mahluks [Free],"Sun, 22 Jul 2018 12:32:16 GMT"
Dig Game [Free] [Action],"Fri, 24 Jul 2020 16:36:45 GMT"
V.Ampere [Free],"Thu, 28 Sep 2017 20:23:50 GMT"
Snake [Free] [Action],"Sun, 12 Jul 2020 20:23:03 GMT"
Don't Go To Hell [Free] [Puzzle],"Mon, 14 Dec 2020 04:40:39 GMT"
Stick Basketball Arcade [Free] [Sports],"Mon, 18 Apr 2022 00:10:33 GMT"
Letter Carnival [Free] [Educational],"Thu, 27 Aug 2020 20:39:33 GMT"
A Drunk Thief (10 lines of Code Challenge) [Free] [Survival] [Windows],"Tue, 13 Sep 2022 02:00:18 GMT"
Defold Shooter [Free] [Action],"Sun, 07 Jun 2020 06:50:53 GMT"
Blackjack Rally [Free] [Card Game],"Tue, 02 Feb 2021 13:21:59 GMT"
Funny Flight [Free] [Action],"Sun, 18 Aug 2019 12:30:44 GMT"
Neon Orbis Emperor [Free] [Card Game] [Windows] [Linux],"Fri, 22 Apr 2022 07:42:56 GMT"
3 Hour Rumble [Free] [Shooter],"Sat, 31 Oct 2020 22:16:00 GMT"
BLOODWAVE [Free],"Mon, 27 Jul 2020 20:51:52 GMT"
Day 64 [Free] [Adventure],"Mon, 15 Aug 2022 10:37:33 GMT"
warbattlesmp [Free] [Action] [Windows] [Linux],"Sun, 14 Nov 2021 13:48:23 GMT"
BloodShooting [Free] [Shooter],"Wed, 01 Dec 2021 15:05:25 GMT"
Kaibutsu: Another World - Flashcards Prototype #1 [Free] [Educational] [Windows] [macOS],"Wed, 16 Jun 2021 23:58:46 GMT"
GraviTrouble [Free] [Platformer],"Mon, 04 Oct 2021 20:24:45 GMT"
BeforeTheFire [Free] [Platformer],"Mon, 29 Aug 2016 21:43:44 GMT"
Pegasus [Free] [Action],"Mon, 27 Jul 2020 14:18:24 GMT"
Architector Supremus [Free] [Simulation] [Windows] [macOS] [Linux],"Fri, 26 Feb 2021 21:02:43 GMT"
pick some FLOWERS! [Free] [Puzzle],"Sat, 01 May 2021 07:46:04 GMT"
Snake [Free] [Adventure],"Tue, 26 Apr 2022 12:25:11 GMT"
GBRausers-2 [Free],"Sun, 16 Feb 2020 18:30:36 GMT"
Barsik No Way [Free] [Platformer],"Wed, 13 May 2020 11:29:46 GMT"
Ent merchant(LD44) [Free],"Sun, 28 Apr 2019 21:00:07 GMT"
Catch The Connection [Free] [Platformer],"Sun, 30 Aug 2020 19:16:02 GMT"
Resist the Devil [Free],"Mon, 28 Dec 2020 04:18:30 GMT"
Bibukot [Free] [Puzzle],"Sun, 29 Aug 2021 05:41:05 GMT"
For the Love of Griffons [Free] [Other],"Thu, 13 Feb 2020 20:06:08 GMT"
asteroids [Free] [Shooter] [Windows],"Mon, 14 Jun 2021 19:37:47 GMT"
Against All Odds [Free] [Survival] [Windows],"Sun, 14 Aug 2022 05:38:32 GMT"
NNFlappyBird [Free] [Simulation],"Fri, 15 Mar 2019 15:53:08 GMT"
Welcome to the Gallows [Free],"Thu, 28 Oct 2021 04:36:20 GMT"
Artifact [Free] [Puzzle],"Mon, 29 Aug 2016 22:14:33 GMT"
Garden [Free] [Puzzle],"Sun, 01 May 2022 15:53:42 GMT"
Texture Scrolling in Defold [Free] [Other],"Thu, 01 Sep 2022 20:35:28 GMT"
Tsy voafehy [Free] [Action],"Sun, 12 Jul 2020 18:34:14 GMT"
Smoothaplex [Free] [Puzzle],"Fri, 31 Jul 2020 20:46:12 GMT"
Balloon Popper [Free] [Other],"Fri, 08 Oct 2021 02:09:30 GMT"
A Drunk Thief Returns [Mobile] [Free] [Adventure],"Tue, 14 Dec 2021 16:31:54 GMT"
Alien Mixtape Blues [Free] [Action],"Sun, 18 Feb 2018 09:24:59 GMT"
On Thin Ice [Free] [Strategy],"Mon, 30 May 2022 07:08:05 GMT"
Gravity Skull [Free] [Puzzle] [macOS],"Tue, 13 Jul 2021 04:51:45 GMT"
Solitaire Jazz Travel [Free] [Card Game],"Thu, 25 Mar 2021 16:00:40 GMT"
Loopformer [Free] [Platformer] [Windows],"Tue, 05 Apr 2022 09:19:42 GMT"
Dice pool [Free] [Action],"Sun, 17 Jul 2022 17:01:57 GMT"
Neon Orbis Tiny Spider [Free] [Card Game] [Windows] [Linux],"Tue, 31 May 2022 23:03:28 GMT"
010 [Free] [Interactive Fiction],"Thu, 30 Dec 2021 02:31:01 GMT"
Loops for Breakfast! [Free] [Other],"Wed, 06 Apr 2022 13:45:42 GMT"
Mutually Assured Destruction [Free] [Action],"Sun, 19 Nov 2017 11:34:48 GMT"
FlickerHockey [Free] [Sports],"Mon, 14 Dec 2020 21:21:53 GMT"
Work In Progress [Free] [Shooter],"Sun, 30 Jan 2022 19:09:18 GMT"
YuleTris [Free] [Puzzle],"Wed, 22 Dec 2021 03:11:50 GMT"
Lucky Fishing [Free] [Other],"Tue, 04 Jul 2017 14:44:32 GMT"
Dock The Boat (Vectors) [Free] [Educational],"Tue, 05 Jul 2022 05:38:44 GMT"
Pong de l'ennuie [Free],"Fri, 19 Feb 2021 08:47:43 GMT"
Clean Cut [Free] [Other] [Windows],"Sun, 19 Dec 2021 21:31:07 GMT"
Breakout [Free],"Mon, 13 Dec 2021 22:55:35 GMT"
Asteroids [Free] [Shooter],"Sat, 29 Jan 2022 18:05:43 GMT"
Kaibutsu: Another World - Flashcards Prototype #2 [Free] [Educational] [Windows] [Linux],"Fri, 11 Feb 2022 23:01:55 GMT"
alta [Free],"Sun, 07 Feb 2021 19:30:36 GMT"
Gravity [Free] [Action],"Mon, 11 Jul 2022 00:58:07 GMT"
Pong [Free],"Wed, 10 Nov 2021 22:42:11 GMT"
Capitoline Wolf Run [Free] [Other],"Fri, 06 May 2022 11:18:52 GMT"
The Space [Free] [Action],"Sat, 09 Apr 2022 20:46:54 GMT"
Save shelter [Free] [Shooter],"Sat, 26 Aug 2017 07:19:23 GMT"
Kitty Champion [Free] [Adventure],"Thu, 28 Sep 2017 18:33:41 GMT"
Chemaria [Free] [Adventure] [Windows] [macOS] [Linux],"Wed, 27 Feb 2019 03:07:24 GMT"
路邊攤找袋袋 [Free] [Windows] [macOS] [Linux] [Android],"Sun, 14 Apr 2019 14:35:22 GMT"
Xolotl - Ludum Dare 36 [Free] [Platformer] [Windows] [macOS],"Sun, 28 Aug 2016 06:39:20 GMT"
Portal Billiards [Free] [Sports] [Windows] [macOS] [Linux],"Sat, 24 Apr 2021 19:45:46 GMT"
DNAPet - Ludum Jam 38 [Free] [Simulation] [Windows] [macOS] [Linux],"Mon, 24 Apr 2017 09:55:04 GMT"
Gnommm Tower Defense [Free] [Strategy] [Windows] [Android],"Sun, 20 Oct 2019 11:25:01 GMT"
Noname 2.5d shooter [Free],"Sun, 30 Jun 2019 19:21:05 GMT"
brutal [Free],"Tue, 13 Sep 2016 17:55:58 GMT"
Hog Post [Free] [Action],"Fri, 29 Sep 2017 09:45:47 GMT"
Tapmoji (Web) [Free] [Action],"Thu, 30 May 2019 20:20:48 GMT"
Yarnman [Free] [Platformer] [Windows],"Thu, 09 Mar 2017 20:45:28 GMT"
Cave Defender [Free] [Action],"Sun, 25 Sep 2016 06:15:14 GMT"
Beach Drive HTML5 [Free] [Action],"Mon, 10 Jul 2017 12:56:54 GMT"
Climberz [Free] [Platformer],"Tue, 20 Oct 2020 22:35:27 GMT"
Gold Rush [Free] [Action],"Sat, 08 Jun 2019 08:37:11 GMT"
Match 3 Swipe [Free] [Puzzle],"Sat, 29 Jun 2019 12:32:35 GMT"
Final Disaster - Tornado Scene [Free] [Action],"Fri, 29 Sep 2017 10:47:17 GMT"
Crazy Run Game [Free] [Other],"Tue, 08 Oct 2019 04:56:49 GMT"
Castle Battle [Free],"Sun, 08 Nov 2020 16:21:35 GMT"
Ying-Goo-Di [Free] [Shooter],"Sat, 30 Sep 2017 20:31:12 GMT"
Secrets of the Isle [Free] [Adventure],"Mon, 30 Nov 2020 05:45:27 GMT"
Planet [Free],"Sun, 27 Jan 2019 09:55:42 GMT"
"Lampo, the Travelling Dog [Free] [Action]","Sat, 04 Mar 2017 20:59:03 GMT"
master's apprentice [Free] [Platformer],"Wed, 24 Jul 2019 18:50:26 GMT"
[LD42] Sweatin' Spinnin' Spacin' [Free] [Action],"Mon, 13 Aug 2018 03:00:22 GMT"
Johny in Space [Free] [Action] [Windows] [macOS] [Linux],"Sun, 12 Jul 2020 18:12:43 GMT"
Dodgeball [Free] [Sports],"Sun, 24 Mar 2019 15:57:06 GMT"
Defold-test [Free],"Tue, 17 Dec 2019 04:37:51 GMT"
BrOtters [Free] [Other],"Fri, 15 Jan 2016 22:35:36 GMT"
Advanced Test [Free] [Simulation] [Windows],"Fri, 01 Jun 2018 16:42:51 GMT"
Spin Survival [Free] [Action],"Sun, 25 Sep 2016 13:43:17 GMT"
Awkward situation and Vegan Fox [Free] [Survival],"Mon, 03 Dec 2018 21:45:09 GMT"
chopper [Free] [Other],"Tue, 29 Sep 2020 16:25:36 GMT"
Antorchas2016 [Free] [Other],"Sun, 18 Sep 2016 16:51:04 GMT"
Сапер [Free] [Puzzle],"Wed, 27 Jul 2022 17:01:06 GMT"
Pong [Free] [Action],"Fri, 26 Feb 2021 18:36:15 GMT"
Blowin' in the Wind [Free] [Puzzle],"Sat, 24 Sep 2016 04:02:28 GMT"
Engineless - GMTK [Free] [Racing],"Sun, 02 Sep 2018 14:18:03 GMT"
Ferrofluid the Game (Game Jam) [Free] [Platformer] [Windows] [macOS] [Android],"Sun, 24 Sep 2017 21:27:03 GMT"
Drift Dodge Drive - 3D Drive! for MadeWithDefoldJam [Free] [Racing],"Mon, 27 Jul 2020 03:15:26 GMT"
Running out of breakfast (Game Jam) [Free] [Platformer],"Wed, 06 Sep 2017 00:42:05 GMT"
Super Lobby Shootout [Free] [Shooter],"Sun, 11 Feb 2018 23:22:07 GMT"
The Traveller [Free] [Puzzle],"Sun, 20 Nov 2016 10:34:33 GMT"
SAME DASH [Free],"Thu, 22 Jul 2021 12:17:46 GMT"
Idle Hero Chronicles [Free] [Other],"Sat, 13 Apr 2019 19:16:04 GMT"
Collapsing Worlds [Free] [Puzzle] [Windows] [macOS],"Sat, 30 Sep 2017 18:05:28 GMT"
Lunar League Fütbol [Free] [Sports],"Wed, 23 Aug 2017 02:06:23 GMT"
Grand Atlant [Free] [Action],"Sun, 25 Sep 2016 20:28:17 GMT"
Harrier Command [Free] [Action],"Thu, 23 Mar 2017 22:28:39 GMT"
Reactor Defence [Free] [Strategy] [Windows] [macOS] [Linux] [Android],"Tue, 19 Sep 2017 22:05:08 GMT"
Brick Boss [Free] [Puzzle],"Wed, 17 Mar 2021 23:40:41 GMT"
The Lost Caves [Free] [Platformer],"Fri, 16 Jul 2021 16:04:03 GMT"
