Dwarfs gone deeper [Free] [Adventure] [Windows] [macOS] [Linux],"Fri, 30 Aug 2019 18:30:37 GMT"
Pong [Free] [Action],"Fri, 26 Feb 2021 18:36:15 GMT"
Tiny Necromancer [Free] [Other] [Windows] [macOS] [Linux],"Sun, 07 Feb 2021 22:37:29 GMT"
Mutant Snake [Free] [Puzzle] [Windows] [macOS] [Linux],"Mon, 08 Feb 2021 12:55:51 GMT"
Spooky Midnight Snack [Free] [Survival] [Windows] [macOS],"Sun, 07 Feb 2021 17:46:44 GMT"
blokia 3310 [Free] [Puzzle] [Windows] [macOS] [Linux],"Sat, 06 Feb 2021 01:38:40 GMT"
Roguelike Tutorial 2021 [Free] [Role Playing] [Windows] [macOS] [Linux],"Thu, 22 Jul 2021 16:34:34 GMT"
Fishercat 3310 [Free] [Adventure] [Windows] [macOS] [Linux],"Thu, 04 Feb 2021 20:09:12 GMT"
Human Rescue Lander [Free] [Action],"Mon, 08 Feb 2021 00:34:05 GMT"
Fake Moon [Free] [Action] [Windows] [macOS] [Linux],"Mon, 26 Oct 2020 18:13:43 GMT"
Dragon Solitaire [Free] [Card Game] [Windows] [macOS] [Linux],"Mon, 31 Aug 2020 04:14:05 GMT"
7drl_Chesslike [Free] [Action] [macOS] [Linux],"Sat, 06 Mar 2021 19:24:54 GMT"
TeenyTiny DragonRuby MiniGameJam SimpleSample [Free] [Puzzle] [Windows] [macOS] [Linux],"Wed, 30 Sep 2020 15:21:38 GMT"
Typing Twister [Free] [Other] [Windows] [macOS] [Linux],"Sun, 12 Jul 2020 15:24:50 GMT"
08-ROOMS [Free] [Puzzle] [Windows] [macOS] [Linux],"Thu, 08 Jul 2021 13:26:17 GMT"
COLOLINKS! [Free] [Puzzle] [Windows] [macOS] [Linux] [Android],"Mon, 16 Aug 2021 11:36:46 GMT"
Pixaboom [Free] [Puzzle] [Windows] [macOS] [Linux],"Sun, 09 Aug 2020 19:36:54 GMT"
Valkyrie Junior [Free] [Rhythm] [Windows] [macOS] [Linux],"Fri, 28 May 2021 14:33:26 GMT"
Pindenburg [Free] [Action] [Windows] [macOS] [Linux],"Mon, 27 Jul 2020 18:25:41 GMT"
Quantum Veil [Free] [Adventure] [Windows] [macOS] [Linux],"Sun, 02 Aug 2020 13:46:55 GMT"
Island Life [Free] [Strategy] [Windows] [macOS] [Linux],"Mon, 09 Aug 2021 17:52:24 GMT"
Pop It [Free] [Shooter] [Windows] [macOS] [Linux],"Mon, 02 Nov 2020 03:53:08 GMT"
DragonJump [Free] [Platformer] [Windows] [macOS] [Linux],"Mon, 02 Nov 2020 08:24:26 GMT"
Dink [Free] [Adventure] [Windows] [macOS] [Linux],"Fri, 27 Nov 2020 03:32:14 GMT"
Tiny TTY [Free] [Other] [Windows] [macOS] [Linux],"Fri, 14 Aug 2020 21:08:42 GMT"
Spotlight Search [Free] [Action] [Windows] [macOS] [Linux],"Wed, 30 Sep 2020 18:21:49 GMT"
Cubicle Commotion [Free] [Action] [Windows] [macOS] [Linux],"Fri, 25 Jun 2021 18:23:54 GMT"
Ghost Trap [Free] [Action] [Windows] [macOS] [Linux],"Sun, 29 Nov 2020 03:57:45 GMT"
Vertices! [Free] [Windows] [macOS] [Linux],"Thu, 08 Oct 2020 13:43:40 GMT"
Teeny Tiny Smithy [Free] [Puzzle] [Windows] [macOS] [Linux],"Thu, 29 Oct 2020 02:30:14 GMT"
Glory To Pakusa [Free] [Interactive Fiction] [Windows] [macOS] [Linux],"Mon, 31 Aug 2020 18:13:38 GMT"
Svipugong [Free] [Rhythm] [Windows] [macOS] [Linux],"Sun, 23 May 2021 18:14:04 GMT"
BLACKVOID [Free] [Action] [Windows] [macOS] [Linux] [Android],"Mon, 31 May 2021 22:28:15 GMT"
Dragon Sweeper [Free] [Puzzle] [Windows] [macOS] [Linux],"Tue, 28 Jul 2020 16:35:13 GMT"
A simple DragonRuby parallax [Free] [Other] [Windows] [macOS] [Linux],"Sun, 23 Feb 2020 20:58:29 GMT"
Cloud Miner [Free] [Action],"Mon, 28 Sep 2020 02:28:00 GMT"
SwatGame [Free] [Action] [Windows] [macOS] [Linux],"Sat, 28 Nov 2020 06:30:25 GMT"
Edge of Night [Free] [Adventure] [Windows] [macOS] [Linux],"Mon, 01 Nov 2021 01:57:24 GMT"
LD48 Digging? [Free] [Puzzle] [Windows] [macOS] [Linux],"Sat, 24 Apr 2021 11:35:17 GMT"
Typing Game [Free] [Other] [Windows] [Linux],"Fri, 15 Oct 2021 22:50:54 GMT"
Tiny Splatterpillars [Free] [Action] [Windows] [macOS] [Linux],"Sat, 23 Oct 2021 16:41:25 GMT"
cakestack [Free] [Other] [Windows] [macOS] [Linux] [Android],"Sat, 14 Nov 2020 04:40:26 GMT"
Liz [Free] [Platformer] [Windows] [Linux],"Wed, 28 Oct 2020 15:22:40 GMT"
Game of Life [Free] [Simulation] [Windows] [macOS] [Linux],"Wed, 01 Jul 2020 08:27:28 GMT"
OpenSenet [Free] [Strategy] [Windows] [macOS] [Linux] [Android],"Wed, 11 Nov 2020 18:15:11 GMT"
Dragon Tetris [Free] [Puzzle] [Windows] [macOS] [Linux],"Fri, 26 Jun 2020 09:52:42 GMT"
DragonRuby Particle Explosion Demo [Free] [Other] [Windows] [macOS] [Linux],"Wed, 22 Jul 2020 15:14:11 GMT"
Words Und Letras [Free] [Educational] [Windows] [Linux],"Sat, 08 Aug 2020 10:53:03 GMT"
Clear the Graveyard [Free] [Action] [Windows] [macOS] [Linux],"Sat, 05 Jun 2021 15:06:10 GMT"
You Do Not Have Infinite Swords (You Have 99) [Free] [Action] [Windows] [macOS] [Linux],"Tue, 01 Jun 2021 00:37:29 GMT"
luckpaint [Free] [Other] [Windows] [macOS] [Linux] [Android],"Wed, 05 May 2021 22:24:52 GMT"
Tiny Plumbing [Free] [Puzzle] [Windows] [macOS] [Linux],"Sun, 15 Nov 2020 19:48:50 GMT"
Untitled Snake Game [Free] [Puzzle] [Windows] [macOS] [Linux],"Thu, 10 Sep 2020 14:09:43 GMT"
Lander [Free] [Other] [Windows] [macOS] [Linux],"Sat, 19 Dec 2020 07:45:46 GMT"
Spikefall [Free] [Survival] [Windows] [macOS] [Linux],"Fri, 08 Oct 2021 20:25:50 GMT"
Breaking Gauntlets [Free] [Action] [Windows] [macOS] [Linux],"Sat, 12 Jun 2021 00:57:21 GMT"
breakNoUhhhGauntlet [Free] [Action] [Windows] [macOS] [Linux],"Sat, 15 May 2021 14:58:26 GMT"
"Game Jam ""Escape"" [Free] [Action] [Windows] [macOS] [Linux]","Sun, 26 Apr 2020 17:54:23 GMT"
1-bit Mini Game [Free] [macOS] [Linux],"Sun, 04 Apr 2021 19:56:47 GMT"
The Power of Barking [Free] [Windows] [macOS] [Linux],"Tue, 12 Oct 2021 04:22:42 GMT"
Dewey Decimate System [Free] [Puzzle],"Thu, 09 Jul 2020 22:07:03 GMT"
Astrolet! [Free] [Action],"Fri, 04 Jun 2021 23:19:37 GMT"
Bad Lander Prototype [Free] [Action],"Wed, 26 Aug 2020 17:45:23 GMT"
Lander DragonRuby [Free] [Action] [Windows] [macOS] [Linux] [Android],"Tue, 13 Jul 2021 20:09:57 GMT"
adrift [Free] [Windows] [macOS] [Linux],"Mon, 23 Nov 2020 15:24:26 GMT"
Wonky Pong [Free] [Action] [Windows] [macOS] [Linux],"Sun, 31 Oct 2021 20:36:37 GMT"
Just Click it [Free] [Other] [Windows] [macOS] [Linux],"Thu, 16 Jul 2020 21:25:15 GMT"
it's all balls [Free] [Shooter] [Windows] [Linux],"Tue, 12 Oct 2021 05:36:53 GMT"
3minuteSantaJam2021 [Free] [Windows] [macOS] [Linux],"Sun, 19 Dec 2021 17:39:11 GMT"
We Come To Attack [Free] [Shooter] [Windows] [macOS] [Linux],"Thu, 13 Aug 2020 19:59:04 GMT"
OrthoPaint [Free] [Windows] [macOS] [Linux],"Fri, 24 Jul 2020 01:07:44 GMT"
Snow Racer [Free] [Racing] [Windows] [macOS] [Linux],"Sun, 31 Oct 2021 18:13:53 GMT"
Teeny Tiny Space Game [Free] [Shooter] [Windows] [macOS] [Linux],"Tue, 24 Nov 2020 21:23:06 GMT"
Tiny Space Shooter [Free] [Shooter] [Windows] [macOS] [Linux],"Wed, 28 Apr 2021 22:19:05 GMT"
Simple Tetris [Free] [Puzzle] [Windows] [macOS] [Linux],"Sun, 22 Aug 2021 01:54:07 GMT"
[WIP] Dungeon Crawler Demo [Free] [Action] [Linux],"Sun, 16 May 2021 17:45:34 GMT"
fragments [Free] [Other] [Windows] [macOS] [Linux],"Wed, 27 Oct 2021 04:22:49 GMT"
Doge it [Free] [Other] [Windows],"Mon, 20 Jul 2020 16:35:18 GMT"
Untitled Shmup Game [Free] [Shooter] [Windows] [macOS] [Linux],"Mon, 02 Nov 2020 22:42:28 GMT"
Don't Press B [Free] [Shooter],"Fri, 16 Apr 2021 22:45:53 GMT"
DragonRuby Hello [Free] [Windows] [macOS] [Linux],"Wed, 22 Dec 2021 07:32:41 GMT"
Pong Platformer [Free] [Platformer],"Mon, 05 Oct 2020 08:37:02 GMT"
Block Evader [Free] [Action],"Mon, 27 Sep 2021 19:37:05 GMT"
A Lenda de Elisia II - Um novo despertar [Free] [Role Playing] [Windows] [macOS] [Linux],"Sun, 30 Sep 2018 15:39:55 GMT"
Dragon Hex Generator [Free] [Simulation] [Windows] [macOS] [Linux],"Thu, 21 May 2020 00:40:15 GMT"
Delve Deep [Free] [Adventure] [Windows],"Mon, 26 Apr 2021 01:05:44 GMT"
Tiny Ski [Free] [Action] [Windows] [macOS] [Linux],"Sat, 12 Dec 2020 15:30:23 GMT"
Bug Count [Free] [Puzzle] [Windows] [macOS] [Linux],"Sat, 21 Nov 2020 16:46:01 GMT"
Footie Kit Designer [Free] [Simulation] [Windows] [macOS] [Linux],"Sat, 12 Sep 2020 20:15:03 GMT"
Dragon Shooter [Free] [Action] [Windows] [macOS] [Linux],"Tue, 17 Sep 2019 21:43:50 GMT"
Dino Jump [Free] [Action] [Windows] [macOS] [Linux],"Thu, 21 May 2020 19:01:53 GMT"
