LcdDem (Lucid Dream) [Free] [Role Playing] [Windows],"Wed, 17 Nov 2021 09:22:48 GMT"
MANONNIKKI Version 0.0001 [Free],"Thu, 25 Nov 2021 16:23:32 GMT"
Slay the Lizard of Lunenberg! (and other thankless sidequests) [Free] [Role Playing] [Windows],"Sun, 03 Apr 2022 06:28:59 GMT"
Saint Seiya -The Myth- [Free] [Role Playing] [Windows] [Android],"Sat, 10 Apr 2021 09:56:15 GMT"
The Alley [Free] [Role Playing] [Windows],"Tue, 30 Nov 2021 20:52:41 GMT"
Victorian Fear - The First Chapter [Free] [Interactive Fiction],"Wed, 14 Sep 2016 04:16:56 GMT"
ALIVE [Free] [Adventure] [Windows],"Thu, 16 Dec 2021 00:36:29 GMT"
Pail in the Court of the Demon King [Free] [Role Playing],"Sat, 03 Jul 2021 09:24:51 GMT"
The Ranch [Free] [Survival],"Thu, 15 Sep 2022 20:54:57 GMT"
/vrpgm/ Jam 2021 - Goburin no Tower [Free] [Role Playing] [Windows],"Tue, 12 Jan 2021 09:49:19 GMT"
Octillery VS Putin [Free] [Role Playing] [Windows],"Sat, 02 Apr 2022 17:07:34 GMT"
召喚ガキ Shoukan Gaki - Bratty Summoner Story [Free] [Role Playing] [Windows],"Mon, 22 Feb 2021 14:43:33 GMT"
Sleepless [Free] [Role Playing],"Sun, 25 Jul 2021 19:29:47 GMT"
Legend of Heroen (All Versions) [Free] [Role Playing] [Windows] [Linux],"Thu, 14 May 2020 14:47:58 GMT"
Dungeon Conquest [Free] [Action] [Windows],"Sun, 21 Nov 2021 11:46:05 GMT"
Zacharias [Free] [Role Playing],"Mon, 30 Nov 2020 20:17:40 GMT"
LISA the Fisrt [Free],"Thu, 10 Feb 2022 01:03:30 GMT"
Spooky Time [Free] [Windows] [macOS],"Mon, 18 May 2020 03:38:58 GMT"
Super Crystal Hunter [5.99€] [Adventure] [Windows],"Sat, 21 Dec 2019 16:53:58 GMT"
Final Fantasy IX Demake [Free] [Role Playing] [Windows] [macOS],"Mon, 04 May 2020 15:40:35 GMT"
Pokémon Emerald: Dewford Gym Remake [Free] [Windows] [macOS],"Mon, 04 May 2020 21:49:21 GMT"
A Lenda de Rombo [$5.00] [Role Playing] [Windows],"Thu, 17 May 2018 05:32:42 GMT"
Octillery VS Xi Jinping [Free] [Role Playing] [Windows],"Sun, 23 Jan 2022 05:50:51 GMT"
Final Fantasy VII: Jenova Corona [Free] [Role Playing] [Windows] [macOS],"Mon, 04 May 2020 07:51:11 GMT"
Et2Game [Free] [Role Playing] [Windows],"Thu, 12 Aug 2021 13:35:20 GMT"
Western Plains [Free] [Other] [Windows] [macOS],"Mon, 18 May 2020 21:04:48 GMT"
Santa's Sled Racing [Free] [Racing],"Sat, 19 Dec 2020 18:36:34 GMT"
Octillery Social Credit Test DX [Free] [Other] [Windows],"Thu, 24 Feb 2022 15:04:22 GMT"
Okami Redux [Free] [Adventure] [Windows] [macOS],"Mon, 04 May 2020 19:23:56 GMT"
Sweet Dreams [Free] [Simulation] [Windows] [macOS],"Mon, 18 May 2020 07:38:55 GMT"
Mienu Monogatari: Shoukan Gaki 2nd - UNSEEN [Free] [Role Playing] [Windows],"Sun, 04 Jul 2021 04:53:09 GMT"
walk home [Free],"Mon, 18 May 2020 21:05:55 GMT"
Rampion Champion [Free] [Role Playing] [Windows] [macOS],"Thu, 11 Jun 2020 06:57:40 GMT"
nighttime beats to chill/study to [Free] [Other] [Windows] [macOS],"Mon, 18 May 2020 13:39:07 GMT"
Sarah's Pizza Adventure [Free] [Adventure] [Windows],"Wed, 04 May 2022 06:55:11 GMT"
Nightwalk [Free] [Other] [Windows],"Fri, 31 Dec 2021 11:47:00 GMT"
Senior Year Adventure [Free] [Role Playing] [Windows] [Linux],"Sun, 14 Mar 2021 18:30:35 GMT"
Moving On [Free] [Role Playing] [Windows] [macOS],"Thu, 11 Jun 2020 05:32:18 GMT"
Archeblaze [Free] [Adventure] [Windows] [macOS],"Fri, 20 May 2022 01:29:06 GMT"
Koragusu Dream World [Free] [Adventure],"Sun, 19 Sep 2021 23:03:42 GMT"
graduation [Free] [Interactive Fiction],"Tue, 29 Jun 2021 04:12:39 GMT"
Escape From Planet Chase (HTML Version) [Free],"Wed, 20 Oct 2021 23:51:24 GMT"
Super Sonic RPG [Free] [Role Playing] [Windows] [macOS],"Wed, 06 May 2020 20:19:22 GMT"
Pong [Free] [Action],"Fri, 26 Feb 2021 18:36:15 GMT"
Divine Inspiration [Free] [Adventure],"Sun, 26 Jun 2016 06:06:33 GMT"
The Restful (2020) [Free] [Interactive Fiction] [Windows],"Sun, 06 Sep 2020 13:24:29 GMT"
