just a cool lil guy [Free] [Other],"Fri, 18 Jun 2021 04:11:05 GMT"
Animal Crossing [Free],"Sat, 26 Dec 2015 00:06:09 GMT"
TV Guide [Free] [Interactive Fiction],"Sun, 16 Jun 2019 15:57:49 GMT"
Seeing Red [Free] [Adventure],"Wed, 30 Jan 2019 13:22:20 GMT"
A Spot of Tea [Free] [Other],"Wed, 13 Jun 2018 02:12:00 GMT"
A Good Tree [Free] [Adventure],"Sun, 22 Dec 2019 10:17:49 GMT"
Muscle Mass [Free] [Visual Novel],"Sat, 07 Jul 2018 10:57:25 GMT"
vivid guy maker [Free] [Other],"Sun, 20 Jun 2021 03:08:52 GMT"
Paintings [Free] [Visual Novel],"Wed, 23 Jan 2019 19:32:07 GMT"
Goblin Trilogy Part 1 - a goblin [Free] [Educational],"Sun, 15 Mar 2020 03:58:07 GMT"
The Alchemist Stash [Free] [Puzzle],"Sun, 25 Feb 2018 10:46:14 GMT"
one with nature [Free] [Adventure],"Sun, 20 Sep 2015 03:01:12 GMT"
My Computer [Free],"Thu, 12 Jan 2017 18:45:07 GMT"
Mario is Dead [Free] [Visual Novel],"Fri, 20 Sep 2019 20:57:41 GMT"
A Sponge Dreams [Free] [Visual Novel],"Wed, 13 Nov 2019 20:24:06 GMT"
wax [Free] [Other],"Mon, 03 Dec 2018 17:54:58 GMT"
flickguy demo [Free] [Simulation],"Wed, 16 Jun 2021 15:23:16 GMT"
WHO ARE YOU [Free] [Other],"Sat, 05 Oct 2019 22:50:41 GMT"
Get Big [Free] [Simulation],"Sat, 17 Feb 2018 21:38:42 GMT"
Under Control [Free] [Simulation],"Sun, 18 Mar 2018 14:14:12 GMT"
loot the dragon's hoard [Free],"Fri, 25 Jun 2021 19:07:35 GMT"
Froglin Friend and the White Tower: Pt1 [Free] [Adventure],"Wed, 06 Sep 2017 18:14:08 GMT"
Dreams [flickgame] [Free] [Other],"Mon, 27 Mar 2017 09:24:38 GMT"
emu [Free] [Simulation],"Mon, 09 Nov 2020 05:27:44 GMT"
major shootsman's first night off [Free] [Other],"Sun, 11 Oct 2015 15:08:08 GMT"
sobface [Free],"Sat, 19 Jun 2021 03:58:52 GMT"
Baum-Flickgame [Free] [Adventure],"Wed, 15 Apr 2020 12:08:00 GMT"
The Gift for all kids [Free],"Mon, 26 Jul 2021 15:05:19 GMT"
Survey from the Orange Lighthouse [Free] [Interactive Fiction],"Thu, 12 Dec 2019 05:07:17 GMT"
What Shall I Wear? [Free],"Tue, 25 Oct 2016 15:04:20 GMT"
Rise & Shine [Free] [Other],"Sun, 16 Oct 2016 13:10:27 GMT"
Goblin Trilogy Part 3 - is that a goblin? [Free] [Interactive Fiction],"Sun, 15 Mar 2020 04:19:10 GMT"
Oracle of flicks [Free] [Card Game],"Sun, 20 Jun 2021 17:10:42 GMT"
starlit spacedream [Free] [Adventure],"Sun, 20 Sep 2015 02:47:55 GMT"
Welcome to Beckvale [GGJ19] [Free] [Visual Novel],"Sun, 27 Jan 2019 15:20:11 GMT"
Goblin Trilogy Part 2 - a goblin's home [Free] [Adventure],"Sun, 15 Mar 2020 04:15:10 GMT"
Face-O [Free] [Simulation],"Fri, 10 Dec 2021 01:06:58 GMT"
Fliccolors [Free] [Other],"Tue, 05 May 2015 00:31:07 GMT"
"CDM72 GAME - ""I AM THE STRONGEST"" [Free] [Role Playing]","Tue, 24 Nov 2020 03:03:53 GMT"
"Most Watched, Most Trusted [Free]","Thu, 21 Jun 2018 15:08:26 GMT"
Beach Game [Free] [Other],"Wed, 26 Feb 2020 02:09:37 GMT"
Welcome to the SLab [Free] [Other],"Thu, 26 Apr 2018 19:22:47 GMT"
Mila's dreams [Free] [Interactive Fiction],"Mon, 12 Aug 2019 11:18:18 GMT"
Haus-Flickgame [Free] [Adventure],"Wed, 15 Apr 2020 12:10:58 GMT"
haha fairy maker [Free] [Other],"Sun, 20 Jun 2021 16:28:04 GMT"
make up a kind of skeleton [Free],"Thu, 17 Jun 2021 22:48:21 GMT"
It Was a Dark and Stormy Night [Free] [Visual Novel],"Fri, 18 Oct 2019 00:49:50 GMT"
make up a kind of demon [Free],"Wed, 16 Jun 2021 15:07:33 GMT"
Space [Free],"Thu, 08 Jul 2021 13:58:29 GMT"
Stuck [Free],"Tue, 03 Dec 2019 04:51:46 GMT"
The House [Free] [Adventure],"Wed, 15 Apr 2020 12:13:09 GMT"
HEY! - A self-care guide I drew with a trackpad [Free] [Other],"Mon, 29 Jun 2020 13:25:42 GMT"
An Untitled Adventure [Free],"Thu, 15 Oct 2020 16:24:51 GMT"
DRILINQUENCY [Free] [Interactive Fiction],"Thu, 10 May 2018 14:09:41 GMT"
exhauspital [Free],"Sat, 11 Jul 2020 23:31:36 GMT"
Hikari’s Journey 光の旅 — the umbral world [Free] [Adventure],"Mon, 04 Oct 2021 18:22:35 GMT"
A Day in Space [Free] [Adventure],"Fri, 17 Jan 2020 08:22:35 GMT"
Smith [Free] [Visual Novel],"Wed, 02 Oct 2019 07:27:16 GMT"
yourbeautifulwife [Free] [Interactive Fiction],"Sat, 05 Dec 2020 20:40:36 GMT"
The Silent Carnival [Free],"Fri, 02 Jul 2021 05:54:45 GMT"
Dragons Flickguy [Free] [Other],"Sun, 20 Jun 2021 17:58:03 GMT"
I Hate Stickman [Free] [Action],"Tue, 01 Sep 2020 00:45:17 GMT"
Sacculos: the Game [Free],"Sun, 12 Aug 2018 16:10:44 GMT"
bedtime - FILM 155 [Free] [Interactive Fiction],"Fri, 07 May 2021 21:43:13 GMT"
three friends [Free],"Mon, 01 Jun 2020 09:25:39 GMT"
Slime Quest [Free] [Interactive Fiction],"Tue, 24 Nov 2020 01:33:31 GMT"
Neighborhood Drive [Free],"Tue, 01 Sep 2020 01:39:39 GMT"
Han's flick game [Free] [Interactive Fiction],"Thu, 10 May 2018 01:05:50 GMT"
Ambitious Ambivalence (A Wizard Jam game) [Free] [Adventure],"Wed, 11 May 2016 03:36:36 GMT"
A Very Short Break [Flickgame] [Free] [Visual Novel],"Mon, 17 May 2021 16:11:19 GMT"
Avant-garde! [Free],"Mon, 17 Aug 2020 17:53:16 GMT"
Moon [Free] [Visual Novel],"Sun, 17 Jun 2018 15:22:49 GMT"
"Fuck Apple, Get Mer Tiddy [Free] [Simulation]","Sat, 08 May 2021 18:20:42 GMT"
questions [Free],"Tue, 17 Sep 2019 14:11:51 GMT"
Scrunge Crew [Free] [Other],"Tue, 15 Jun 2021 21:14:07 GMT"
The river of forever [Free],"Sun, 27 Jun 2021 15:29:27 GMT"
Lightness [Free],"Wed, 02 Dec 2020 15:48:10 GMT"
más reverb [Free] [Simulation],"Mon, 30 Sep 2019 21:50:02 GMT"
Code@Night [Free] [Simulation],"Mon, 04 Dec 2017 02:42:07 GMT"
Grimoire [Free] [Puzzle],"Sun, 12 Jan 2020 21:49:47 GMT"
You are not psychic [Free] [Other],"Sun, 02 Jun 2019 14:45:22 GMT"
a long journey [Free] [Interactive Fiction],"Mon, 21 Oct 2019 02:31:46 GMT"
H U N G E R [Free] [Interactive Fiction],"Mon, 28 Oct 2019 22:34:23 GMT"
I am not whole [Free] [Interactive Fiction],"Thu, 19 Aug 2021 04:06:19 GMT"
un juego para gente triste [Free] [Adventure],"Wed, 01 Apr 2020 03:06:20 GMT"
My 'Lil Mon! [Free] [Simulation],"Sun, 26 Jul 2015 17:11:09 GMT"
Drinking Game [Free] [Visual Novel],"Tue, 24 Nov 2020 01:07:11 GMT"
Fork in the Road [Free] [Puzzle],"Tue, 02 Feb 2021 20:35:19 GMT"
Suicide? Murder? [Free] [Other],"Thu, 13 Sep 2018 07:48:49 GMT"
Big Meanie [Free],"Wed, 05 Dec 2018 17:42:44 GMT"
blobby crisis [Free] [Other],"Sun, 27 Sep 2015 10:30:40 GMT"
Pull [Free] [Interactive Fiction],"Sat, 10 Aug 2019 19:33:41 GMT"
Escape [Free] [Interactive Fiction],"Sun, 17 Nov 2019 12:12:21 GMT"
Math Exam [Free] [Puzzle],"Mon, 11 May 2015 12:42:18 GMT"
Baldi Math Time (GBC 1929) [Free],"Sat, 11 Apr 2020 20:12:18 GMT"
Beavis N Butthead - Burger World [Free],"Tue, 21 Sep 2021 11:44:36 GMT"
YES or NO [Free] [Educational],"Fri, 20 Aug 2021 03:20:59 GMT"
Bored River [Free] [Other],"Thu, 06 Aug 2015 08:32:34 GMT"
Bisexuals in Need -- Short Informative Project [Free] [Educational],"Thu, 06 May 2021 04:48:41 GMT"
The twinkling of the world [Free],"Mon, 13 Jul 2020 03:47:22 GMT"
Carpet [Free] [Puzzle],"Thu, 02 Dec 2021 23:57:51 GMT"
The station [Free] [Other],"Sun, 17 Jul 2016 05:36:52 GMT"
bugs [Free] [Adventure],"Tue, 12 Nov 2019 21:40:49 GMT"
RAT GAME [Free],"Thu, 20 Dec 2018 08:53:38 GMT"
The Colour Out Of Space [Free] [Adventure],"Sun, 26 Mar 2017 18:27:08 GMT"
a new normal [Free],"Sun, 15 Nov 2020 20:47:13 GMT"
It's All In The Mind [Free] [Adventure],"Sun, 19 Jul 2015 15:05:20 GMT"
HIGH SEAS [Free] [Visual Novel],"Sat, 26 Oct 2019 21:48:40 GMT"
K8:C2 [Free] [Puzzle],"Mon, 20 Jul 2015 05:20:03 GMT"
"When it snows, you sled [Free]","Tue, 12 Nov 2019 21:45:37 GMT"
THE SUN AND THE SEA [Free] [Other],"Tue, 17 Sep 2019 02:00:54 GMT"
The Quest [Free] [Adventure],"Fri, 27 Nov 2020 07:42:32 GMT"
some guys [Free] [Other],"Wed, 16 Jun 2021 20:54:09 GMT"
Space craft [Free],"Wed, 10 Oct 2018 12:10:56 GMT"
nótt [Free] [Visual Novel],"Sat, 26 Oct 2019 22:21:08 GMT"
The Joy of Painting [Free] [Other],"Sun, 14 Feb 2021 16:34:44 GMT"
"Go Number 2, Pencil! [Free]","Fri, 07 Sep 2018 19:43:47 GMT"
The Encounter [Free] [Visual Novel],"Thu, 13 Feb 2020 16:29:08 GMT"
StickManDude Adventure [Free],"Thu, 27 Sep 2018 14:17:05 GMT"
A Day in the Life of a Flower [Free],"Sun, 13 Sep 2015 14:22:57 GMT"
TRash [Free],"Wed, 27 Oct 2021 01:29:56 GMT"
Sacculus V: Ghost in the Sacculos [Director's Cut] [Free],"Sun, 12 Aug 2018 16:00:31 GMT"
The Wheel of Life [Free],"Thu, 29 Apr 2021 15:34:57 GMT"
Make Out Master [Free] [Adventure],"Tue, 07 Dec 2021 23:03:21 GMT"
Finding Peter [Free] [Simulation],"Thu, 27 Sep 2018 14:16:09 GMT"
it is goblin week 2020 [Free] [Other],"Sun, 19 Jan 2020 18:08:55 GMT"
Welcome [Free] [Interactive Fiction],"Thu, 24 Oct 2019 04:41:11 GMT"
What Time Is It? [Free] [Other],"Sun, 26 Jul 2020 08:31:27 GMT"
Who is the killer? [Free],"Thu, 17 Jun 2021 14:09:12 GMT"
Wendigo [Free] [Adventure],"Thu, 02 Dec 2021 00:29:24 GMT"
Space Game [30 minute flickjam] [Free] [Other],"Sat, 10 Sep 2016 17:12:28 GMT"
Constipation [Free] [Educational],"Sat, 18 Sep 2021 14:53:13 GMT"
path of doom [Free] [Educational],"Thu, 21 Nov 2019 00:16:08 GMT"
Wassisname Has an Adventure [Free] [Adventure],"Mon, 25 May 2020 16:22:26 GMT"
smoothsodadracula [Free] [Simulation],"Sat, 29 Sep 2018 20:39:33 GMT"
Don`t Touch This Button [Free],"Thu, 13 Sep 2018 04:23:37 GMT"
SUMMER TIMES [Free] [Other],"Mon, 17 Sep 2018 15:30:24 GMT"
on tracks of never-ending light [Free] [Other],"Sun, 17 May 2020 06:27:58 GMT"
The Flowers [Free] [Adventure],"Mon, 25 May 2020 16:11:29 GMT"
Spooky Season [Free],"Tue, 17 Sep 2019 14:27:46 GMT"
Duck in Space [Free] [Adventure],"Wed, 13 Feb 2019 18:39:17 GMT"
Bad Day [Free],"Thu, 26 Apr 2018 19:24:06 GMT"
Great Escape from Sans's Mansion [Free],"Tue, 21 Sep 2021 09:56:57 GMT"
The Fortuneteller [Free] [Other],"Wed, 25 Sep 2019 01:25:24 GMT"
Treasure trove [Free],"Sun, 12 Jan 2020 11:44:29 GMT"
One day a Cat [Free] [Adventure],"Mon, 30 Sep 2019 11:08:47 GMT"
A relaxing day [Free] [Other],"Mon, 16 Mar 2020 10:14:23 GMT"
I'm Thorsty [Free],"Tue, 05 Nov 2019 23:22:45 GMT"
wish you were here [Free] [Simulation],"Thu, 25 Jun 2020 05:01:03 GMT"
The Dentist will See you Now... [Free],"Fri, 28 Sep 2018 16:23:22 GMT"
plz.. find my... [Free] [Adventure],"Mon, 30 Sep 2019 11:19:04 GMT"
THE WAY TO LOOK THE ROSE [Free] [Other],"Sat, 12 Oct 2019 20:52:54 GMT"
Your Men are Hungry [Free],"Fri, 07 Sep 2018 19:59:10 GMT"
Memories About Summer [Free] [Interactive Fiction],"Sat, 03 Oct 2020 23:06:23 GMT"
Conclusive Chess [Free] [Simulation],"Sat, 31 Mar 2018 07:24:24 GMT"
Tear [Free] [Interactive Fiction],"Sat, 21 Aug 2021 01:59:41 GMT"
Fish [Free] [Interactive Fiction],"Tue, 17 Sep 2019 14:11:35 GMT"
Chase [Free],"Tue, 17 Sep 2019 14:26:52 GMT"
The Ruins v2.8 [Free] [Adventure],"Fri, 19 Jun 2020 01:03:11 GMT"
The Plane Escape [Free] [Puzzle],"Tue, 17 Sep 2019 14:38:47 GMT"
Condemned [Free],"Fri, 07 Sep 2018 20:11:14 GMT"
Five Finger Fillet [Free],"Fri, 18 Sep 2020 10:13:21 GMT"
Treasure Cave [Free] [Adventure],"Tue, 21 Sep 2021 11:33:37 GMT"
Rounds (Flickgame) [Free] [Adventure],"Mon, 29 Nov 2021 23:44:20 GMT"
Ominous Balloon [Free] [Other],"Fri, 18 Sep 2020 10:46:39 GMT"
Crown [Free] [Adventure],"Thu, 21 Nov 2019 00:17:47 GMT"
clocking into work [Free],"Mon, 22 Nov 2021 07:47:12 GMT"
Dream #1 [Free],"Sat, 14 Jan 2017 14:10:57 GMT"
Mail Something to the President 2: Tokyo Drift [Free] [Educational],"Fri, 18 Oct 2019 00:53:35 GMT"
trash game [Free] [Adventure],"Wed, 27 Oct 2021 01:34:15 GMT"
The Epiphany Saga. [Free] [Interactive Fiction],"Tue, 26 Feb 2019 23:34:58 GMT"
Where is my key [Free] [Other],"Fri, 18 Oct 2019 00:53:44 GMT"
Get The Money! [Free] [Action],"Wed, 03 Oct 2018 16:26:42 GMT"
what is a bird [Free] [Visual Novel],"Fri, 18 Oct 2019 00:53:43 GMT"
Space Man [Free] [Survival],"Fri, 28 Sep 2018 16:26:39 GMT"
kiwiiiii [Free],"Mon, 30 Sep 2019 03:50:38 GMT"
TV [Free],"Sun, 30 Sep 2018 06:02:51 GMT"
bad cat [Free] [Other],"Fri, 28 Sep 2018 16:23:11 GMT"
Good Cop Bad Cop [Free] [Visual Novel],"Fri, 28 Aug 2020 16:20:20 GMT"
Tableshoot [Free] [Action],"Wed, 30 Sep 2020 15:57:03 GMT"
Hunger Simulator 2021 Enhanced Edition DELUXE [Free] [Simulation],"Fri, 15 Oct 2021 16:00:37 GMT"
The restless [Free] [Other],"Fri, 18 Sep 2020 10:11:22 GMT"
The Crow Game [Free] [Adventure],"Fri, 18 Sep 2020 10:10:20 GMT"
Into the woods... [Free] [Adventure],"Fri, 18 Oct 2019 00:52:13 GMT"
The Pirate's Life [Free] [Adventure],"Fri, 28 Sep 2018 16:23:21 GMT"
Failing Cat [Free] [Simulation],"Tue, 17 Sep 2019 14:27:06 GMT"
The Mirror [Free],"Mon, 04 Mar 2019 07:51:47 GMT"
Hungry Bunny [Free],"Tue, 24 Nov 2020 04:17:28 GMT"
Boat Survival [Free],"Fri, 18 Oct 2019 00:51:54 GMT"
The end [Free] [Visual Novel],"Mon, 12 Apr 2021 09:13:19 GMT"
CDM game [Free],"Sun, 21 Nov 2021 20:51:14 GMT"
Where is Thay? [Free] [Interactive Fiction],"Wed, 03 Oct 2018 13:54:18 GMT"
4Corners [Free] [Strategy],"Fri, 18 Oct 2019 00:53:06 GMT"
DTC: Defeat the creature [Free],"Tue, 17 Sep 2019 14:26:44 GMT"
Game Over [Free],"Tue, 17 Sep 2019 14:25:56 GMT"
Who Dunnit? [Free] [Adventure],"Fri, 10 Dec 2021 23:02:18 GMT"
The Florp [Free] [Visual Novel],"Thu, 18 Nov 2021 19:26:17 GMT"
No Stars [Free] [Other],"Sat, 04 Dec 2021 00:45:09 GMT"
What Child is THIS? [Free] [Platformer],"Fri, 19 Apr 2019 19:23:10 GMT"
Flick Boxing [Free],"Tue, 17 Sep 2019 15:53:16 GMT"
Theory [Free] [Puzzle],"Sat, 20 Nov 2021 23:19:47 GMT"
Slime fight [Free] [Action],"Fri, 18 Sep 2020 10:20:44 GMT"
MILO [Free] [Adventure],"Mon, 22 Nov 2021 07:40:58 GMT"
we start here [Free],"Mon, 07 Oct 2019 20:53:22 GMT"
trashGame [Free],"Wed, 27 Oct 2021 01:28:39 GMT"
Pinball [Free] [Action],"Wed, 01 Dec 2021 01:16:24 GMT"
CERN [Free],"Fri, 18 Oct 2019 00:57:39 GMT"
Who Are You? [Free],"Fri, 18 Oct 2019 00:52:22 GMT"
Cave Adventure [Free] [Other],"Fri, 28 Sep 2018 16:22:38 GMT"
A night with my thoughts [Free],"Fri, 19 Nov 2021 01:07:56 GMT"
orange2 [Free],"Fri, 07 Sep 2018 19:52:01 GMT"
|||Look out||| [Free],"Tue, 18 May 2021 19:06:09 GMT"
Smelly Shark [Free],"Fri, 19 Apr 2019 19:15:20 GMT"
Camden: The Game [Free] [Role Playing],"Fri, 19 Apr 2019 19:17:22 GMT"
OctoDeath [Free],"Thu, 26 Apr 2018 19:22:00 GMT"
Colour Game [Free] [Other],"Fri, 26 Mar 2021 17:57:13 GMT"
Droplet [Free] [Visual Novel],"Mon, 22 Nov 2021 02:52:43 GMT"
quien vive ahi [Free],"Tue, 09 Oct 2018 14:18:28 GMT"
Doors to paradice [Free] [Survival],"Fri, 18 Sep 2020 10:29:42 GMT"
Fump [Free] [Simulation],"Thu, 19 Nov 2020 15:43:09 GMT"
hot guy flies [Free],"Fri, 19 Apr 2019 19:16:43 GMT"
Dead End [Free] [Adventure],"Tue, 02 Feb 2021 16:28:45 GMT"
Mise-en-Scène [Free] [Interactive Fiction],"Tue, 24 Nov 2020 04:26:03 GMT"
Beautiful Day [Free],"Fri, 19 Apr 2019 19:15:55 GMT"
Race-o [Free] [Racing],"Mon, 06 Dec 2021 21:40:40 GMT"
La batalla [Free] [Interactive Fiction],"Wed, 24 Mar 2021 10:36:11 GMT"
Barrel Boy [Free] [Action],"Sat, 11 Dec 2021 22:32:03 GMT"
sonic?? [Free] [Interactive Fiction],"Thu, 17 Oct 2019 07:01:43 GMT"
Sonic The Hedgehog 2018 [Free] [Interactive Fiction],"Tue, 06 Mar 2018 22:50:28 GMT"
Pizza [Free] [Simulation],"Thu, 11 Jan 2018 12:05:21 GMT"
Eat Soup [Free],"Sat, 14 Jan 2017 13:53:17 GMT"
Æga [Free],"Sun, 23 Jul 2017 14:06:11 GMT"
pili multigemini [Free] [Simulation],"Wed, 30 Dec 2015 20:59:16 GMT"
thirsty [Free] [Other],"Sat, 29 Sep 2018 20:33:32 GMT"
interguylactic [Free] [Other],"Thu, 24 Jun 2021 07:24:04 GMT"
don't give up [Free],"Tue, 24 Nov 2015 12:07:55 GMT"
MEDICAL SCHOOL [Free] [Adventure],"Wed, 06 May 2015 04:38:14 GMT"
Do Nice Things [Free] [Other],"Mon, 05 Dec 2016 09:59:48 GMT"
Successful man showing something [Free] [Interactive Fiction],"Thu, 03 Aug 2017 15:17:27 GMT"
canicit [Free] [Simulation],"Sun, 01 Apr 2018 21:43:50 GMT"
Unity1D [Free],"Fri, 16 Sep 2016 13:36:20 GMT"
Make Play Code Christmas Bonanza 2017 (Where's my hat?) [Free] [Adventure],"Sat, 16 Dec 2017 15:08:28 GMT"
It's Amy [Free] [Interactive Fiction],"Thu, 27 Sep 2018 14:16:57 GMT"
FitBitch [Free],"Sat, 14 Jan 2017 13:48:09 GMT"
Twin Peaks Fangame [Free] [Other],"Sat, 26 Nov 2016 14:16:35 GMT"
Cool Blick [Free],"Mon, 06 Jun 2016 20:04:31 GMT"
HACK-R [Free],"Thu, 12 Jan 2017 20:43:52 GMT"
Midsummer Snow [Free],"Wed, 21 Jun 2017 18:03:32 GMT"
Fortnite Quiz [Free],"Tue, 17 Sep 2019 14:40:38 GMT"
Fiesta loca [Free],"Sat, 18 Feb 2017 23:44:22 GMT"
ENCOUNTERS [Free] [Interactive Fiction],"Fri, 23 Mar 2018 18:59:48 GMT"
PLAY BREATH OF THE WILD FR££ IN YOUR BROWSER [Free],"Sat, 16 Sep 2017 23:41:29 GMT"
Dog Target [Free],"Sat, 29 Sep 2018 20:42:47 GMT"
Overheat (1h Jam) [Free],"Sat, 28 Sep 2019 21:05:18 GMT"
Damn Daniel the Journey to Fame [Free] [Adventure],"Fri, 28 Sep 2018 16:22:06 GMT"
Welcome to Hell [Free] [Interactive Fiction],"Sat, 16 Jun 2018 21:32:03 GMT"
Stars are terrible gossips [Free],"Sat, 14 Jan 2017 13:59:14 GMT"
Wreath [Free],"Fri, 07 Sep 2018 20:00:14 GMT"
Elephant Mimosa [Free] [Other],"Sun, 19 Mar 2017 14:00:28 GMT"
Travis doesn't strike again [Free],"Tue, 21 Sep 2021 11:30:56 GMT"
Cactus Juice [Free] [Adventure],"Fri, 26 Aug 2016 22:21:31 GMT"
Christmas 2015 [Free],"Sat, 14 Jan 2017 14:17:14 GMT"
Molehill [Flickgame] [Free] [Other],"Fri, 22 Jun 2018 05:38:15 GMT"
Pac-Man's Dietitian [Free] [Other],"Sun, 24 Dec 2017 16:03:10 GMT"
mar-roto [Free] [Adventure],"Tue, 06 Mar 2018 23:14:00 GMT"
B C D (Birth Choice Death) [Free],"Thu, 13 Sep 2018 07:37:21 GMT"
Room Painting Simulator 2015 [Free] [Adventure],"Sun, 19 Jul 2015 06:42:37 GMT"
Eat Crisp [Free],"Fri, 12 Oct 2018 17:18:29 GMT"
compound interest [Free] [Adventure],"Sun, 10 May 2015 22:21:40 GMT"
Buckethead [Free] [Puzzle],"Mon, 05 Dec 2016 23:24:16 GMT"
Eat Burgers (And Other Stuff) [Free],"Sun, 30 Dec 2018 01:56:40 GMT"
Life is pointless [Free] [Interactive Fiction],"Sat, 16 Jun 2018 18:34:23 GMT"
Harold [Free] [Interactive Fiction],"Sun, 31 May 2020 16:25:32 GMT"
Domingo (Sunday) [Free] [Interactive Fiction],"Sun, 30 Sep 2018 21:03:46 GMT"
Quaker Meeting Simulator [Free] [Simulation],"Mon, 05 Dec 2016 23:33:14 GMT"
camarão que dorme na praia a onda leva [Free] [Adventure],"Tue, 06 Mar 2018 22:42:59 GMT"
MOVIE TIME! [Free] [Adventure],"Mon, 15 Oct 2018 15:47:58 GMT"
Escape from elevator [Free] [Puzzle],"Tue, 06 Nov 2018 00:39:52 GMT"
A Sadder Love Story than Titanic [Free],"Fri, 07 Sep 2018 19:58:54 GMT"
fire [Free] [Visual Novel],"Fri, 07 Sep 2018 20:10:15 GMT"
Saturday 20/1/18 [Free],"Sat, 20 Jan 2018 18:12:45 GMT"
Howard The Alien [Free] [Simulation],"Thu, 27 Sep 2018 14:17:07 GMT"
flower propagator [Free],"Thu, 20 Dec 2018 06:09:41 GMT"
Television [Free],"Fri, 07 Sep 2018 20:04:05 GMT"
boom boom dance [Free] [Rhythm],"Sun, 22 Dec 2019 18:41:38 GMT"
Gril's Bag [Free] [Interactive Fiction],"Fri, 28 Sep 2018 16:25:49 GMT"
Flickgame - Infiltrate the Castle [Free] [Puzzle],"Thu, 27 Sep 2018 14:19:07 GMT"
Choice [Free] [Other],"Thu, 13 Sep 2018 07:38:58 GMT"
chomp [Free] [Other],"Fri, 02 Mar 2018 02:52:46 GMT"
Greatest Minecraft Playthrough [Free],"Sun, 13 Dec 2020 08:41:44 GMT"
pop machine simulator [Free] [Other],"Sat, 12 Dec 2015 09:15:43 GMT"
a flickgame christmas story. [Free],"Sat, 02 Dec 2017 20:09:52 GMT"
the archers challenge [Free],"Fri, 28 Sep 2018 16:26:29 GMT"
Dreamy rabbit [Free],"Thu, 13 Sep 2018 04:15:51 GMT"
Just a little bit of prank [Free] [Adventure],"Sun, 21 Nov 2021 23:52:01 GMT"
pole vault [Free],"Thu, 13 Sep 2018 07:37:03 GMT"
Bear Game [Free] [Adventure],"Tue, 24 Nov 2020 01:49:13 GMT"
Thisty flower [Free],"Thu, 13 Sep 2018 07:50:08 GMT"
hi [Free],"Tue, 25 Aug 2015 11:52:40 GMT"
it's hot [Free] [Simulation],"Sun, 19 Nov 2017 17:55:30 GMT"
gas station taqueria [Free] [Simulation],"Tue, 21 Nov 2017 16:22:35 GMT"
Go back home [Free] [Interactive Fiction],"Sun, 17 Nov 2019 12:06:46 GMT"
Death Wish [Free],"Fri, 02 Feb 2018 12:08:09 GMT"
Flowerfield Abode. [Free] [Adventure],"Tue, 21 Sep 2021 09:55:49 GMT"
cat [Free],"Thu, 13 Sep 2018 07:50:04 GMT"
Money [Free] [Interactive Fiction],"Sun, 17 Nov 2019 11:39:01 GMT"
Pet the kitty [Free],"Thu, 26 Apr 2018 19:25:16 GMT"
Under the sea [Free] [Interactive Fiction],"Sun, 17 Nov 2019 11:15:07 GMT"
Food [Free] [Interactive Fiction],"Sun, 17 Nov 2019 11:22:01 GMT"
chair [Free],"Tue, 25 Aug 2015 11:34:39 GMT"
Trial And Error [Free] [Adventure],"Tue, 24 Nov 2020 05:29:35 GMT"
Soda Blood [Free] [Adventure],"Sat, 29 Sep 2018 20:54:33 GMT"
Baby army [Free] [Interactive Fiction],"Sun, 17 Nov 2019 12:16:19 GMT"
Look out [Free] [Interactive Fiction],"Sun, 17 Nov 2019 11:28:33 GMT"
War [Free] [Interactive Fiction],"Sun, 17 Nov 2019 12:09:30 GMT"
Lost ghost [Free] [Interactive Fiction],"Sun, 17 Nov 2019 11:35:32 GMT"
Chloe [Free] [Interactive Fiction],"Sun, 17 Nov 2019 11:03:53 GMT"
