Opossum Country [Free] [Adventure],"Fri, 11 Dec 2020 02:30:01 GMT"
Small Town Emo (demo) [Free] [Adventure],"Fri, 05 Aug 2022 22:23:54 GMT"
Disco Elysium: Game Boy Edition [Free] [Role Playing],"Thu, 24 Sep 2020 05:30:35 GMT"
Do I Pass? [Free] [Visual Novel],"Mon, 05 Aug 2019 20:39:43 GMT"
PHOBOS DERE .GB [$2.99] [Platformer] [Windows] [macOS] [Linux] [Android],"Fri, 04 Mar 2022 11:53:38 GMT"
Nyghtmare: The Ninth King [$6.66] [Platformer],"Sun, 01 May 2022 08:50:45 GMT"
Neighbor [Free] [Action],"Mon, 03 Aug 2020 23:20:18 GMT"
Cookie's Bakery [Free] [Visual Novel],"Sun, 06 Dec 2020 22:35:42 GMT"
My Dinner with Andr√© [Free] [Other],"Tue, 15 Nov 2022 08:51:07 GMT"
Murder Mansion (GB-Studio Game) [Free] [Puzzle],"Sat, 16 Nov 2019 23:03:54 GMT"
Marron Helps a Friend [Free] [Adventure],"Fri, 28 Jun 2019 08:45:53 GMT"
Unearthed [Free] [Puzzle],"Wed, 29 Sep 2021 05:13:55 GMT"
Traumatarium [Free] [Adventure],"Sun, 13 Mar 2022 17:23:20 GMT"
Swordbird Song: The Iron Owl Tower [Free] [Adventure],"Sun, 19 Dec 2021 23:50:43 GMT"
Bitterroot [Free] [Puzzle],"Thu, 21 Jan 2021 21:11:02 GMT"
Fix My Heart [Free] [Platformer],"Tue, 28 Sep 2021 18:12:58 GMT"
Cargo [Free] [Adventure],"Sun, 09 Oct 2022 21:18:26 GMT"
Virtual BMO [Free] [Simulation],"Sat, 23 Oct 2021 05:02:44 GMT"
Mud Warriors - Gameboy [Free] [Adventure],"Tue, 24 Aug 2021 16:10:42 GMT"
Delia: The Traveling Witch [Free] [Platformer],"Sat, 19 Feb 2022 23:52:40 GMT"
Glory Hunters [Free] [Adventure],"Tue, 21 Sep 2021 21:20:36 GMT"
Yurivania 1: Uhaul of the Night [Free] [Platformer],"Tue, 01 Dec 2020 06:37:35 GMT"
Wink GameBoy - Beta 5.8 [Free] [Platformer] [Windows] [macOS] [Linux],"Tue, 03 Nov 2020 15:23:08 GMT"
Super Jacked Up Tomato Face Johnson [Free] [Platformer],"Thu, 26 May 2022 20:57:06 GMT"
Spooky Station [$4.99] [Action] [Windows],"Wed, 25 Sep 2019 23:45:52 GMT"
Hauntsfield [Free] [Role Playing],"Wed, 29 Sep 2021 20:51:59 GMT"
Ravenia [Free] [Puzzle],"Mon, 31 Oct 2022 02:19:27 GMT"
Gorf the Ghost Saves Halloween [Free] [Adventure],"Fri, 22 Oct 2021 17:33:13 GMT"
An Autumn With You [Free] [Adventure],"Sun, 30 Aug 2020 22:28:54 GMT"
Dawn Will Come [Free] [Survival],"Fri, 10 Sep 2021 15:34:57 GMT"
Feed IT Souls [Free] [Platformer],"Sun, 20 Aug 2023 22:15:23 GMT"
The Machine [Free] [Interactive Fiction],"Tue, 01 Sep 2020 17:02:21 GMT"
Sofia the Witch Curse of the Monster Moon - Demo [Free] [Platformer],"Wed, 20 Sep 2023 13:29:10 GMT"
Dog's Muck Island [Free] [Role Playing],"Mon, 24 May 2021 20:10:57 GMT"
Decline [Free] [Adventure],"Sun, 29 May 2022 01:40:16 GMT"
Cupid [Free] [Puzzle],"Mon, 04 Oct 2021 00:14:31 GMT"
CRUSH GB [Free] [Shooter],"Wed, 09 Mar 2022 21:00:41 GMT"
The Year After [Free] [Visual Novel],"Thu, 27 Aug 2020 02:14:40 GMT"
Resident Evil: Grim Beginnings (Game Boy Demake) [Free] [Survival],"Fri, 12 Mar 2021 00:15:53 GMT"
ghostfriend [Free] [Simulation],"Fri, 28 Oct 2022 05:28:19 GMT"
Princess Poffin and the Spider Invasion [Free] [Adventure],"Sat, 03 Jun 2023 06:49:32 GMT"
Date with Falco [Free] [Interactive Fiction],"Fri, 26 Nov 2021 21:13:19 GMT"
A dark winter wander [Free] [Visual Novel],"Thu, 23 Dec 2021 15:38:55 GMT"
Saint Seiya - El regreso del F√©nix (GameBoy Color) [Free] [Platformer],"Thu, 02 Jun 2022 23:41:55 GMT"
Pilgrim's Peril [$3.89] [Other],"Thu, 13 Jan 2022 18:11:00 GMT"
StarPiece [Free],"Sat, 18 Sep 2021 01:38:39 GMT"
SPACE SAMURAI [Free] [Shooter],"Fri, 26 Feb 2021 16:53:15 GMT"
Take It Racing 2 [$12.99] [Racing],"Sat, 06 Mar 2021 11:57:41 GMT"
Capybara Quest [Free] [Platformer],"Thu, 16 Jun 2022 20:29:36 GMT"
Office Combat [$2.00] [Fighting],"Fri, 10 Sep 2021 12:52:02 GMT"
Yurivania 2: Josette's Quest [Free] [Platformer],"Sun, 21 Nov 2021 22:19:19 GMT"
Quest Arrest (Gameboy) [Free] [Role Playing] [Android],"Sat, 29 Feb 2020 06:15:48 GMT"
Sofia the Witch Curse of the Monster Moon Demo 1 [Free] [Platformer],"Thu, 14 Jul 2022 12:44:37 GMT"
A 20 second platformer [Free] [Platformer],"Thu, 24 Nov 2022 02:24:51 GMT"
GBJam10 - Potbound [Free] [Adventure],"Sun, 25 Sep 2022 10:50:06 GMT"
Abyss Story [Free] [Adventure],"Sun, 19 Jul 2020 06:30:46 GMT"
Sushi Gun [Free] [Action],"Thu, 14 Jan 2021 05:57:17 GMT"
Fall from Space Demo (Gameboy / Analogue Pocket) [Free] [Role Playing],"Wed, 20 Apr 2022 14:00:28 GMT"
Dead Dungeon [Free] [Action],"Tue, 14 Sep 2021 14:02:07 GMT"
Baldi's Gameboy All-Stars V3.0.5c [Free] [Other] [Windows] [macOS] [Linux] [Android],"Tue, 23 Feb 2021 20:31:17 GMT"
Merry's Errands [$2.00] [Other],"Sat, 25 Jun 2022 00:00:57 GMT"
The Mist [Free] [Puzzle],"Mon, 07 Feb 2022 11:14:55 GMT"
Ciao Nonna [Free] [Adventure],"Fri, 05 Jun 2020 10:26:11 GMT"
The Pact [Free] [Platformer],"Sat, 20 May 2023 05:05:45 GMT"
Agent B [$4.00] [Platformer],"Thu, 23 Dec 2021 16:01:53 GMT"
High Tide [Free] [Action],"Sat, 26 Jun 2021 18:43:58 GMT"
Life In The Analog Age: Rainy Day [Free] [Puzzle],"Fri, 14 Aug 2020 16:44:31 GMT"
Cheesy Town [$2.99] [Adventure],"Tue, 15 Nov 2022 00:35:48 GMT"
The Game Boy Camera Gallery 2022 [Free] [Simulation],"Fri, 14 Jan 2022 01:44:14 GMT"
The Garden: Chapter 1 [Free] [Adventure],"Wed, 04 Oct 2023 16:37:48 GMT"
Oni [Free] [Adventure] [Windows] [macOS] [Linux] [Android],"Fri, 11 Sep 2020 10:12:42 GMT"
Cosmo Knight ZiON (GameBoy Color) [$2.00] [Platformer],"Mon, 10 Apr 2023 20:21:43 GMT"
A New Friend [Free] [Visual Novel],"Sun, 06 Sep 2020 18:59:12 GMT"
GBVR - Virtual Trader [Free] [Puzzle],"Mon, 11 Apr 2022 22:24:57 GMT"
Sacred Meat [Free] [Adventure],"Thu, 15 Jun 2023 01:28:25 GMT"
The Mirror Between Us [$1.00] [Puzzle],"Thu, 25 Nov 2021 22:30:48 GMT"
Magic and Legend: Time Knights [67% Off] [Free] [Action] [Windows] [macOS] [Linux],"Sat, 18 Sep 2021 01:20:57 GMT"
Tech and Blood [Free] [Visual Novel],"Sat, 17 Jul 2021 22:09:01 GMT"
Children of the Flower [Free] [Role Playing],"Sun, 25 Sep 2022 08:58:59 GMT"
Pokettohiro! [Free] [Adventure],"Mon, 02 Jan 2023 12:25:22 GMT"
Birdie Bartender [Free] [Simulation],"Thu, 02 Jun 2022 04:28:22 GMT"
Shera's Music Party (Demo version) [Free] [Rhythm],"Sat, 06 May 2023 10:34:56 GMT"
MHGB [Free] [Adventure],"Wed, 22 Sep 2021 23:36:09 GMT"
Dante's Detour - Chapter I [Free] [Adventure],"Fri, 18 Mar 2022 16:35:33 GMT"
Deisanebe [Free] [Puzzle],"Sun, 19 Feb 2023 03:46:44 GMT"
Winging It [Free] [Interactive Fiction],"Sat, 03 Oct 2020 07:00:13 GMT"
Purls of Magic DEMO [Free] [Platformer],"Sat, 05 Aug 2023 14:47:38 GMT"
Ghostly Labyrinth [Free] [Platformer],"Tue, 22 Sep 2020 18:46:39 GMT"
Borbo's Quest [Free] [Adventure],"Sun, 20 Dec 2020 04:54:50 GMT"
In The Dark [$4.99] [Puzzle],"Wed, 02 Feb 2022 17:38:02 GMT"
Iron Cor - Stainless [Free] [Action],"Thu, 27 Jul 2023 04:22:11 GMT"
Five Nights at Freddy's GB [Free] [Survival],"Tue, 06 Sep 2022 22:05:04 GMT"
Tales of Monsterland (Gameboy / Analogue Pocket) [Free] [Platformer],"Tue, 16 Mar 2021 10:02:39 GMT"
AF+ER [Free] [Adventure],"Sat, 11 Feb 2023 19:53:16 GMT"
Octopus Stressus [Free] [Platformer],"Sun, 23 Apr 2023 12:42:50 GMT"
Sam the optimistic hedgehog [Free] [Platformer],"Mon, 16 Jan 2023 04:41:45 GMT"
Hack-R [$3.00] [Puzzle],"Sat, 19 Sep 2020 11:10:50 GMT"
Take It Racing [$3.00] [Racing],"Thu, 03 Sep 2020 16:36:51 GMT"
SCP game [Free] [Role Playing],"Mon, 24 Aug 2020 02:28:17 GMT"
A Clockmaker's Tale [$2.00] [Adventure],"Sat, 28 May 2022 14:27:20 GMT"
Miaobot Zero [Free] [Shooter],"Sat, 25 Sep 2021 16:18:51 GMT"
SK8-BIT [Free] [Other],"Sat, 07 Jan 2023 14:53:44 GMT"
Gamejammin: OH NO! I forgot about the game jam and need to make a game in a single day! [Free] [Platformer],"Tue, 01 Sep 2020 16:55:58 GMT"
Super covid go get biscuits adventure [Free] [Adventure] [macOS],"Tue, 09 Feb 2021 19:56:43 GMT"
Knit-Wit [Free] [Puzzle],"Tue, 01 Jun 2021 02:16:57 GMT"
Ruby & Rusty Save the Crows [50% Off] [$4.00] [Platformer] [Windows] [macOS] [Linux] [Android],"Thu, 30 Sep 2021 23:20:37 GMT"
Meadow GB Demo [Free] [Role Playing],"Sun, 23 Oct 2022 20:16:34 GMT"
BirdSpotter - Demo [Free],"Tue, 08 Sep 2020 10:07:13 GMT"
Weldon [Free] [Adventure],"Sat, 06 Mar 2021 22:25:27 GMT"
Putrid Shark [Free] [Role Playing],"Thu, 13 May 2021 18:09:02 GMT"
Little Nemo: The Slumberland Hero [Free] [Platformer],"Wed, 21 Apr 2021 19:09:41 GMT"
Elorri [Free] [Survival],"Sat, 31 Aug 2019 17:21:47 GMT"
ROT (vertical slice) [Scareverse Jam '23] [Free] [Adventure],"Fri, 01 Sep 2023 20:12:57 GMT"
Postie [Free] [Platformer],"Thu, 26 May 2022 09:22:51 GMT"
G√ºnter the monster and his friends [Free] [Action],"Fri, 11 Aug 2023 20:10:18 GMT"
Fireball Factory (GB Studio) [Free] [Puzzle],"Wed, 11 Mar 2020 23:24:59 GMT"
a cat & his boy [$2.00] [Adventure],"Mon, 17 May 2021 19:28:30 GMT"
Dusky Dungeon [Free] [Action],"Wed, 22 Sep 2021 18:01:06 GMT"
Sapphire & Shiny Kidnap the Crows [50% Off] [$4.00] [Platformer] [Windows] [macOS] [Linux] [Android],"Fri, 28 Oct 2022 01:15:14 GMT"
Retro Quiz Tower (JAM Edition) [Free] [Adventure],"Sat, 20 May 2023 20:21:38 GMT"
BULB! [$3.99] [Platformer] [Windows] [macOS] [Linux] [Android],"Wed, 10 Feb 2021 02:45:49 GMT"
Animus Toil [Free] [Adventure] [Windows],"Mon, 25 Oct 2021 17:42:41 GMT"
The Host [Free] [Platformer],"Mon, 11 Sep 2023 03:22:54 GMT"
GB Doom [Free] [Action],"Thu, 03 Sep 2020 03:15:01 GMT"
1-Bit Escape [Free] [Adventure],"Wed, 06 Oct 2021 13:06:10 GMT"
Daisu-ki [Free] [Puzzle],"Sat, 16 Jul 2022 19:41:37 GMT"
Blink's Pet Lizard [$5.00] [Platformer] [Windows] [macOS] [Linux] [Android],"Sun, 23 May 2021 19:58:32 GMT"
Fetch Quest (DEMO) [Free] [Adventure],"Wed, 09 Jun 2021 15:26:03 GMT"
TUNIC GBC [Free] [Adventure] [Windows] [macOS] [Linux] [Android],"Sat, 08 Oct 2022 00:16:42 GMT"
MONSTER MONSTER MONSTER MONSTER MONSTER MONSTER MONSTER MONSTER MONSTER MONSTER MONSTER MONSTER MONSTER MONSTER MONSTER [Free],"Sun, 09 Apr 2023 08:16:40 GMT"
The legend of Zelda (Gameboy) [Free] [Adventure],"Thu, 13 Jun 2019 16:48:43 GMT"
2021: Moon Escape [Free] [Adventure],"Fri, 27 May 2022 07:43:26 GMT"
Fishing Simulator 2D [Free] [Simulation] [Windows],"Mon, 19 Jul 2021 08:05:39 GMT"
One Impostor Among Us: Crewmate Version [Free] [Adventure],"Sat, 12 Dec 2020 19:25:59 GMT"
Candy Quest Demo V1 - GameBoy Color [Free] [Platformer],"Fri, 17 Feb 2023 18:27:29 GMT"
All Humans Must Die! [4.99‚Ç¨] [Action],"Thu, 08 Sep 2022 06:51:56 GMT"
Candy Quest Demo V2 - GameBoy Color [Free] [Platformer],"Fri, 25 Aug 2023 04:38:06 GMT"
Bin Day! [Free],"Fri, 19 May 2023 22:42:48 GMT"
Gravitorque [Free] [Puzzle],"Thu, 10 Feb 2022 23:43:53 GMT"
Multivers-Roguelite/platformer for GBC [Free] [Platformer],"Fri, 04 Aug 2023 15:12:44 GMT"
A Western Ballad [$2.00] [Adventure],"Sat, 20 Jun 2020 12:51:36 GMT"
The Dead in my Living Room [Free] [Adventure],"Tue, 05 Jan 2021 15:20:43 GMT"
Snooze [Free] [Platformer],"Sat, 26 Feb 2022 18:08:59 GMT"
Mad Monster [Free] [Action],"Tue, 11 Jul 2023 10:38:59 GMT"
The Last Employee DX [Free] [Interactive Fiction],"Mon, 02 Dec 2019 04:50:23 GMT"
Mangotronics Employment Collection [$9.99] [Other] [Windows],"Sun, 22 May 2022 16:45:54 GMT"
The Weeping Statue [Free] [Other],"Sat, 30 Jan 2021 01:44:16 GMT"
Wrath of Nightmare [Free] [Adventure],"Mon, 14 Sep 2020 13:16:49 GMT"
Cosmic Courier: Trapped in Limbo [Free] [Interactive Fiction],"Fri, 05 Mar 2021 18:08:50 GMT"
Plants Eat My Zombies [Free] [Platformer],"Sun, 25 Sep 2022 18:41:32 GMT"
Dragon Battle [$9.99] [Role Playing],"Tue, 13 Oct 2020 21:35:12 GMT"
golden rays of sunshine [Free] [Adventure],"Sat, 31 Oct 2020 17:15:28 GMT"
GB_OS [Free] [Simulation],"Thu, 21 Jan 2021 17:33:24 GMT"
Development Metaverse(US/JPN) [Free] [Adventure],"Wed, 18 Oct 2023 02:00:48 GMT"
Hololore: Amethyst [Free] [Adventure],"Thu, 27 Oct 2022 17:01:01 GMT"
1bit Game Collection (GBS3 test) [$1.00],"Wed, 15 Dec 2021 22:40:32 GMT"
Pride Parade [Free] [Other],"Sat, 06 Aug 2022 22:52:19 GMT"
Fields of Eutomia [Free] [Role Playing],"Mon, 02 Mar 2020 12:11:42 GMT"
Sloth Story [Free] [Role Playing],"Sun, 03 Jan 2021 20:14:37 GMT"
Pushingo [Free] [Puzzle],"Sun, 18 Jul 2021 18:49:45 GMT"
The Evershifting Tower of Doom [Free] [Other],"Tue, 07 Feb 2023 11:03:38 GMT"
Adventure Spell [Free] [Puzzle],"Sun, 20 Dec 2020 01:34:01 GMT"
Feeding Time [Free] [Survival],"Sun, 29 May 2022 08:50:15 GMT"
Laser Squad Alter [Free] [Strategy],"Fri, 04 Feb 2022 15:07:24 GMT"
Space Crawler [Free] [Adventure],"Sun, 26 Sep 2021 16:03:21 GMT"
Vetgans [Free] [Puzzle],"Sat, 21 Jan 2023 20:00:11 GMT"
birb [Free] [Platformer],"Wed, 27 Jan 2021 21:55:05 GMT"
Hercules [Free] [Action],"Mon, 09 Oct 2023 15:13:07 GMT"
Enceladus - GBCompo2023 Version [Free] [Platformer],"Tue, 05 Sep 2023 07:06:52 GMT"
Off Grid [Free] [Role Playing],"Sun, 28 Feb 2021 20:55:01 GMT"
Yo!Joe! GB port (GB studio) [Free] [Platformer],"Mon, 05 Apr 2021 20:54:33 GMT"
NINJA GARDEN [Free] [Simulation],"Fri, 12 Feb 2021 08:30:58 GMT"
Oblique Strategies GB [Free] [Card Game],"Sat, 19 Mar 2022 14:41:01 GMT"
All Humans Must Die! GBCompo2021 Edition [Free] [Action],"Wed, 11 Aug 2021 12:37:22 GMT"
BUG FAVOR [Free] [Puzzle],"Mon, 20 Dec 2021 22:53:02 GMT"
Song of Morus: Ghostly Night [Free] [Adventure],"Fri, 19 May 2023 06:16:54 GMT"
Mollen [Free] [Puzzle],"Sun, 06 Mar 2022 21:28:48 GMT"
The Little Tales Of Alexandria - UPDATE - Physical Gameboy cartridges available now! [Free] [Interactive Fiction],"Tue, 06 Sep 2022 13:44:43 GMT"
Little Dungeon Renovator [Free] [Adventure],"Thu, 31 Aug 2023 22:28:00 GMT"
Blitz Bomber [Free] [Shooter],"Sun, 15 Aug 2021 18:54:43 GMT"
Ghost Town [Free] [Adventure],"Sun, 10 Oct 2021 08:39:03 GMT"
Father (GB Studio) [Free] [Role Playing],"Fri, 28 May 2021 05:45:44 GMT"
Wizard of Wor [Free] [Action],"Sun, 06 Jun 2021 19:16:56 GMT"
Misteryium [Free] [Puzzle],"Thu, 14 Jan 2021 22:13:37 GMT"
Cold Cross Pocket [Free] [Adventure],"Fri, 09 Dec 2022 22:35:17 GMT"
Jurassic Jamboree (DEMO) [Free] [Action],"Fri, 13 Jan 2023 00:11:03 GMT"
Traditional Evils [Free] [Puzzle],"Sun, 18 Sep 2022 23:10:45 GMT"
PowerBall: Monster's Quest [Free] [Action],"Fri, 08 Sep 2023 13:44:50 GMT"
Kikstart [Free] [Action],"Mon, 14 Feb 2022 12:33:32 GMT"
The Way to Dusty Death [Free] [Visual Novel],"Sun, 23 Aug 2020 15:46:49 GMT"
Consume [Free] [Role Playing],"Tue, 29 Jun 2021 23:35:28 GMT"
All The People - The Game [Free] [Adventure],"Wed, 19 Jan 2022 13:16:59 GMT"
Black Tape [Free] [Adventure],"Mon, 29 Mar 2021 20:15:55 GMT"
Monty on the Run [Free] [Platformer],"Mon, 18 Oct 2021 20:21:26 GMT"
Forgotten Encounters: Two Wolves [Free] [Role Playing],"Wed, 28 Oct 2020 00:45:47 GMT"
The Rosebed and the Bicycle [Free] [Adventure],"Fri, 18 Nov 2022 18:09:59 GMT"
Thankyou Robot [Free] [Role Playing],"Wed, 04 Nov 2020 09:23:14 GMT"
STOPT.DED. [Scream Jam 2022+1] [Free] [Action],"Fri, 14 Apr 2023 10:37:15 GMT"
Hololore [Demo] [Free] [Adventure],"Wed, 19 Oct 2022 16:59:33 GMT"
1351: The Darkest Days [$1.00] [Strategy],"Fri, 23 Apr 2021 14:47:39 GMT"
Snake [Free] [Other],"Sat, 01 May 2021 15:54:36 GMT"
He-Man: Escape from Snake Mountain [Free] [Role Playing] [Windows] [macOS] [Linux] [Android],"Fri, 28 Aug 2020 10:39:30 GMT"
Mina The Hollower GBC Demake [Free] [Adventure],"Fri, 25 Feb 2022 21:27:44 GMT"
"Be Brave, Bob! [Free] [Platformer] [Windows] [macOS] [Linux] [Android]","Sun, 01 May 2022 14:37:27 GMT"
Tomte Trouble [$3.00] [Platformer],"Tue, 13 Dec 2022 04:12:03 GMT"
Gameboy - Parasol Islands [Free] [Platformer],"Mon, 22 Feb 2021 16:42:18 GMT"
two way street [Free] [Role Playing] [Windows] [macOS] [Android],"Thu, 10 Dec 2020 03:50:00 GMT"
Liberator [Free] [Shooter],"Wed, 05 May 2021 20:15:07 GMT"
Musical Notes [Free] [Puzzle],"Tue, 16 May 2023 10:29:05 GMT"
Featherless: Cake Delivery! [Free] [Platformer],"Mon, 02 Oct 2023 01:50:07 GMT"
Sleep at Night [Free] [Interactive Fiction] [Windows] [macOS] [Linux] [Android],"Fri, 14 Oct 2022 20:34:17 GMT"
Auto Zone [Free] [Platformer],"Sun, 10 Oct 2021 08:48:17 GMT"
Puppers Delivers [$7.00] [Action] [Windows] [macOS] [Linux] [Android],"Thu, 29 Apr 2021 20:22:56 GMT"
Blaze [Free] [Shooter],"Fri, 14 Apr 2023 14:49:30 GMT"
Treasure Island [Free] [Adventure],"Sun, 28 Mar 2021 20:03:53 GMT"
Pocket Penguin: Physical Version [Free] [Platformer],"Fri, 28 Oct 2022 00:09:35 GMT"
The Dance Of Death - Game Boy Edition 2022 [Free] [Visual Novel],"Sun, 29 May 2022 21:05:15 GMT"
TANDEM: THE GAME [Free] [Adventure],"Mon, 24 Oct 2022 04:59:19 GMT"
Tynesoft Commodore 16 Classics (Physical Release) [Free] [Action],"Fri, 11 Nov 2022 14:57:11 GMT"
Zap'em [Free] [Shooter],"Wed, 20 Jul 2022 15:08:44 GMT"
Escape Room Game [Free] [Puzzle],"Sat, 23 Jul 2022 15:08:31 GMT"
A Friend In Need [Free] [Adventure],"Sat, 20 May 2023 17:04:12 GMT"
"Moki, the Monster Kid - GBCompo23 [Free] [Adventure]","Mon, 21 Aug 2023 19:40:02 GMT"
Toilet Bound Hanako-kun Gameboy Edition (Web Build) [Free] [Other],"Wed, 09 Feb 2022 11:38:45 GMT"
Canal Caveira [Free] [Puzzle],"Tue, 07 Mar 2023 20:08:14 GMT"
Splitted in the Midst [Free] [Puzzle],"Mon, 31 Aug 2020 18:49:51 GMT"
High Noon [Free] [Shooter],"Wed, 06 Jul 2022 12:04:26 GMT"
The Farm [Free] [Action],"Sun, 18 Jul 2021 19:29:24 GMT"
Blinky's Revenge [Free] [Action],"Wed, 22 Jun 2022 13:09:58 GMT"
Do I Pass? (Version Fran√ßaise) [Free] [Visual Novel],"Mon, 04 Nov 2019 00:29:06 GMT"
Fix-It Felix Jr. for Game Boy [Free] [Action],"Sun, 04 Oct 2020 23:12:59 GMT"
Una Moneda [Free] [Puzzle],"Sun, 31 Jan 2021 13:27:32 GMT"
Insectopia (Demo) [Free] [Role Playing],"Fri, 19 Feb 2021 19:55:54 GMT"
Toilet Bound Hanako-Kun Gameboy Edition [Free] [Other] [Linux],"Wed, 09 Feb 2022 08:08:45 GMT"
Nightshift [Free] [Action],"Sun, 13 Nov 2022 09:00:19 GMT"
IB Gameboy Demake [Free] [Adventure],"Thu, 24 Jun 2021 17:33:50 GMT"
[WIP] Super Mario Bros. USA 2 [Free] [Platformer],"Sat, 12 Jun 2021 15:01:24 GMT"
Quick Draw [Free] [Shooter],"Sat, 04 Feb 2023 15:10:38 GMT"
Gun Law [Free] [Action],"Fri, 03 Dec 2021 14:16:36 GMT"
Mr. Angry [Free] [Platformer],"Tue, 28 Jun 2022 08:54:35 GMT"
Spiky David [Free] [Platformer],"Sat, 02 Oct 2021 14:54:06 GMT"
2123 [Free] [Adventure],"Mon, 12 Jun 2023 23:42:41 GMT"
Fireman [Free] [Platformer],"Wed, 04 Aug 2021 16:27:34 GMT"
(CANCELADO) Among Us GameBoy - The Skeld [Free],"Sun, 19 Jul 2020 18:56:33 GMT"
Sync [Free] [Puzzle],"Fri, 19 Mar 2021 19:05:18 GMT"
Gnarly (Game Boy version) [Free] [Action],"Mon, 14 Aug 2023 14:23:33 GMT"
Heebie Jeebies [Free] [Puzzle],"Thu, 09 Feb 2023 16:18:34 GMT"
Zone Control [Free] [Shooter],"Fri, 05 May 2023 18:37:41 GMT"
Skycon [Free] [Shooter],"Mon, 04 Jul 2022 12:23:53 GMT"
Judy's Adventure [Free] [Platformer],"Wed, 04 Jan 2023 07:53:58 GMT"
Gods of the Universe (GOTU) [Free] [Shooter],"Thu, 25 May 2023 13:10:34 GMT"
Light Below The Surface [Free] [Interactive Fiction],"Thu, 30 Jul 2020 18:32:01 GMT"
BullShit Simulator - OG/!st [Free] [Interactive Fiction],"Mon, 15 Nov 2021 17:39:52 GMT"
Suicide Run [Free] [Shooter],"Fri, 03 Feb 2023 14:58:14 GMT"
The Old Explosives Mine [Free] [Puzzle],"Sun, 19 Jul 2020 20:46:59 GMT"
Monkey Magic [Free] [Shooter],"Sat, 18 Feb 2023 16:06:04 GMT"
Cuthbert in the Cooler [Free] [Action],"Sat, 13 Nov 2021 11:27:11 GMT"
Lost In Iquea [Free] [Adventure],"Mon, 20 Feb 2023 21:38:36 GMT"
RATANO [Free] [Adventure],"Sat, 02 Apr 2022 06:46:28 GMT"
Prima Materia ( a GB Studio game) [Free] [Platformer] [Windows],"Tue, 02 Feb 2021 14:13:53 GMT"
Panik!16 [Free] [Action],"Fri, 21 May 2021 09:56:40 GMT"
mystery creature [Free] [Visual Novel],"Fri, 27 Jan 2023 19:52:25 GMT"
Fire Ant [Free] [Action],"Thu, 28 Apr 2022 16:31:37 GMT"
My Global Game Jam Is Over 2023 Roots [Free] [Other],"Mon, 06 Feb 2023 00:07:21 GMT"
Venal [Free] [Adventure],"Thu, 16 Mar 2023 09:27:10 GMT"
Space Shipper [Free] [Strategy],"Thu, 21 Sep 2023 11:20:24 GMT"
The Warehouse [Free] [Puzzle],"Wed, 10 Mar 2021 23:27:36 GMT"
Back to Nature [Free] [Action],"Tue, 10 May 2022 18:11:31 GMT"
The Magician's Curse [Free] [Adventure],"Mon, 14 Mar 2022 17:35:26 GMT"
VAPORWAVE MICROGAME [Free] [Adventure],"Sat, 05 Aug 2023 19:45:40 GMT"
The Toast That Died And Went To Heaven [Free] [Platformer],"Mon, 12 Jul 2021 20:30:53 GMT"
Mission Mars [Free] [Action],"Wed, 12 Jan 2022 19:14:19 GMT"
Hugo [Free] [Action],"Sun, 13 Nov 2022 11:24:27 GMT"
Reflection [Free] [Interactive Fiction],"Sun, 15 Sep 2019 18:53:43 GMT"
Meteorite [Free] [Shooter],"Thu, 22 Sep 2022 13:09:15 GMT"
Let's Bee Friends [Free] [Adventure],"Sat, 20 May 2023 12:36:30 GMT"
Chomp N Stomp GB ROM [Free] [Action],"Wed, 13 Sep 2023 21:52:23 GMT"
Island Life [Free] [Adventure],"Sun, 22 Mar 2020 21:43:42 GMT"
Toilet Bound Hanako-Kun Gameboy Edition Test Build (Web Build available) [Free] [Other] [Windows] [macOS] [Linux] [Android],"Wed, 16 Sep 2020 10:39:54 GMT"
NEONSOMNIA [Free] [Adventure],"Mon, 19 Jun 2023 07:43:17 GMT"
Escape from the Tomb of Apep [Free] [Puzzle],"Sat, 02 Jan 2021 21:50:32 GMT"
Felix and Friends [Free] [Action],"Sat, 28 May 2022 18:41:02 GMT"
Microidvania [Free] [Platformer],"Wed, 08 Jun 2022 11:44:23 GMT"
Commando [Free] [Action],"Sun, 27 Mar 2022 19:43:02 GMT"
G-Man [Free] [Action],"Tue, 30 Nov 2021 14:46:23 GMT"
Bird-Boy [Free] [Platformer],"Wed, 19 Jan 2022 18:25:32 GMT"
Waking up in LS [Free] [Adventure],"Tue, 21 Feb 2023 18:49:33 GMT"
Bandits at Zero [Free] [Action],"Wed, 23 Jun 2021 18:11:15 GMT"
Rig Attack [Free] [Action],"Thu, 01 Jul 2021 16:58:08 GMT"
Zagan Warrior [Free] [Shooter],"Sun, 08 Jan 2023 13:44:59 GMT"
Burger Quest [Free] [Role Playing],"Sat, 09 Apr 2022 17:18:57 GMT"
Michael the Ant Thumper [$1.99] [Adventure],"Mon, 15 Aug 2022 15:35:22 GMT"
Finders Keepers [Free] [Platformer],"Sun, 10 Oct 2021 10:33:42 GMT"
Dino Game GB Studio [Free] [Platformer],"Fri, 03 Sep 2021 16:14:14 GMT"
3D Quasars [Free] [Shooter],"Fri, 14 Oct 2022 15:29:21 GMT"
Cat and Stick [Free] [Adventure],"Thu, 27 Feb 2020 14:39:45 GMT"
Alter Ego [Free] [Role Playing],"Fri, 12 Mar 2021 01:58:12 GMT"
Beta Soul [Free] [Role Playing],"Thu, 13 Oct 2022 12:01:11 GMT"
The Exploits of Fingers Malone [Free] [Action],"Sun, 29 May 2022 17:20:51 GMT"
Lunar Docking [Free] [Action],"Thu, 30 Dec 2021 08:50:39 GMT"
Skeleton with a Skateboard [Free] [Platformer],"Sat, 29 Jul 2023 03:45:09 GMT"
Tycoon Tex [Free] [Action],"Mon, 07 Mar 2022 17:24:40 GMT"
Dr. Cruz and the Quest of Indra (GB Studio - Prototype) [Free] [Adventure],"Mon, 05 Oct 2020 11:43:27 GMT"
Super Monkey Land [Free] [Platformer],"Thu, 10 Nov 2022 00:43:18 GMT"
World Cup [Free] [Sports],"Wed, 28 Apr 2021 16:38:32 GMT"
Booty [Free] [Action],"Tue, 10 May 2022 19:09:09 GMT"
Crazy Golf [Free] [Sports],"Tue, 22 Feb 2022 08:04:17 GMT"
Apollo Mission [Free] [Action],"Sat, 13 May 2023 12:42:23 GMT"
Death Race 16 [Free] [Racing],"Wed, 15 Feb 2023 19:54:00 GMT"
Olympic Skier [Free] [Sports],"Tue, 14 Dec 2021 13:44:10 GMT"
Rock Paper Scissors GB [Free] [Role Playing],"Thu, 05 May 2022 22:22:38 GMT"
Dork's Dilemma [Free] [Action],"Tue, 01 Mar 2022 19:05:58 GMT"
Yaguarete [Free] [Role Playing],"Thu, 06 Aug 2020 22:45:49 GMT"
Night at the Full Moon Motel DEMO [Free] [Adventure],"Fri, 16 Jun 2023 18:59:36 GMT"
Forest [Free] [Puzzle],"Wed, 14 Oct 2020 18:03:54 GMT"
Retro Trivia Quest (Demo) [Free] [Role Playing] [Windows] [macOS] [Linux] [Android],"Fri, 03 Jan 2020 19:35:28 GMT"
Ninja Master [Free] [Sports],"Sun, 23 Jul 2023 07:36:55 GMT"
Robo Knight [Free] [Action],"Sat, 30 Sep 2023 14:01:08 GMT"
Climb It [Free] [Action],"Sat, 23 Jul 2022 13:49:56 GMT"
Harry Paint [Free] [Action],"Wed, 08 Jun 2022 05:23:34 GMT"
Blockade [Free] [Shooter],"Sun, 25 Jul 2021 18:18:56 GMT"
Rising Pines [Free] [Platformer],"Fri, 01 Jan 2021 00:31:51 GMT"
Berks [Free] [Action],"Sat, 06 Nov 2021 19:55:42 GMT"
Büé≥wling [Free] [Action],"Tue, 15 Sep 2020 19:41:24 GMT"
Alone [Free] [Adventure],"Sat, 31 Oct 2020 18:47:58 GMT"
Alley Cat [Free] [Platformer],"Tue, 21 Feb 2023 09:42:57 GMT"
CITY OF NATSUDO„ÄÄÂ§èÊà∏Â∏Ç [Free] [Role Playing],"Wed, 29 Apr 2020 02:31:35 GMT"
Dash [Free] [Platformer],"Thu, 23 Sep 2021 10:56:07 GMT"
ROVR (Remote Operated Vehicle Recovery) [Free] [Action],"Fri, 27 Jan 2023 16:11:28 GMT"
[Prototype] Maniac Mansion GB [Free] [Adventure],"Tue, 27 Oct 2020 19:49:56 GMT"
Out on a Limb [Free] [Platformer],"Sun, 13 Nov 2022 13:18:48 GMT"
One-Hit Wonder [Free] [Visual Novel],"Thu, 13 May 2021 18:22:52 GMT"
Wizard Woes [Free] [Platformer] [Windows],"Wed, 15 Jun 2022 03:42:39 GMT"
Fillo - Crystal Version [Free] [Action],"Fri, 01 Apr 2022 17:15:59 GMT"
UXB [Free] [Action],"Tue, 06 Sep 2022 18:17:29 GMT"
Mori Story (GB Demo) [Free] [Role Playing],"Mon, 11 May 2020 04:39:27 GMT"
Cake Quest [Free] [Puzzle],"Tue, 27 Sep 2022 08:08:26 GMT"
Robin to the Rescue [Free] [Action],"Fri, 07 Jan 2022 19:33:12 GMT"
Gameboy otoki In Runaru World [1.00‚Ç¨] [Platformer] [Windows] [Android],"Sun, 14 Feb 2021 19:00:57 GMT"
Bubble Trouble [Free] [Action],"Mon, 01 Nov 2021 08:17:19 GMT"
Stellar Wars [Free] [Shooter],"Thu, 19 May 2022 19:50:19 GMT"
Marmalade Thief [Free] [Puzzle] [Windows] [Linux],"Mon, 11 Jan 2021 20:23:20 GMT"
The Forest Calls [Free] [Interactive Fiction],"Sun, 12 Apr 2020 06:22:01 GMT"
Extract (Prototype) [Free] [Puzzle],"Sun, 20 Oct 2019 21:22:48 GMT"
Tazz [Free] [Shooter],"Thu, 13 Oct 2022 12:06:58 GMT"
Chroma Aqui! [Free] [Action],"Tue, 30 Mar 2021 03:09:01 GMT"
The Fair [Free] [Adventure],"Mon, 05 Jun 2023 09:08:46 GMT"
The Mountain [Free] [Adventure],"Sun, 20 Jun 2021 15:13:57 GMT"
Tir Na Nog [Free] [Role Playing],"Wed, 19 Oct 2022 17:50:01 GMT"
Shark Attack [Free] [Shooter],"Mon, 07 Nov 2022 16:15:53 GMT"
Rockman [Free] [Action],"Wed, 06 Apr 2022 15:20:41 GMT"
The Warp Coin Catastrophe [Free] [Interactive Fiction],"Tue, 24 Sep 2019 20:37:49 GMT"
Dijon Gameboy [$2.00] [Other],"Tue, 29 Nov 2022 06:30:11 GMT"
Pogo Pete [Free] [Action],"Sun, 28 Nov 2021 07:58:06 GMT"
Potion Brews [Free] [Other],"Fri, 16 Jul 2021 00:22:22 GMT"
Cave Fighter [Free] [Action],"Sun, 23 Oct 2022 14:55:04 GMT"
Battle Star [Free] [Shooter],"Sun, 07 Aug 2022 08:18:20 GMT"
Jet Set Willy [Free] [Platformer],"Mon, 15 Aug 2022 16:32:28 GMT"
Purple Turtles [Free] [Action],"Thu, 10 Nov 2022 12:25:07 GMT"
Super Bunny Mission [Free] [Platformer],"Sat, 20 May 2023 15:25:33 GMT"
Garden: Urada Chapter Part 1 [Free] [Role Playing] [Windows],"Fri, 03 Dec 2021 07:49:16 GMT"
Tutti Frutti [Free] [Action],"Sun, 30 Oct 2022 13:43:53 GMT"
Joe Blade 2 [Free] [Action],"Sun, 22 Jan 2023 20:15:49 GMT"
Solar Surfer [Free] [Adventure],"Wed, 14 Oct 2020 23:07:36 GMT"
Cyber Vampire - The Spaghetti Incident [Free] [Adventure],"Sun, 18 Apr 2021 21:00:33 GMT"
Humpty's Trouble [Free] [Adventure],"Tue, 04 Feb 2020 19:53:48 GMT"
Loco-coco [Free] [Action],"Thu, 27 Oct 2022 19:40:24 GMT"
Spiky Harold [Free] [Platformer],"Thu, 22 Sep 2022 14:03:51 GMT"
DF project [Free] [Action],"Thu, 14 Sep 2023 13:11:32 GMT"
No Single Thing Abides [Free] [Adventure],"Fri, 07 Aug 2020 19:37:55 GMT"
Zodiac [Free] [Action],"Sat, 27 Aug 2022 07:29:32 GMT"
Fireman Fred [Free] [Platformer],"Sat, 10 Dec 2022 16:29:12 GMT"
La Linea [Free] [Educational],"Sat, 25 Mar 2023 09:01:15 GMT"
Tank Attack [Free] [Shooter],"Thu, 22 Sep 2022 14:21:09 GMT"
Wacky Painter [Free] [Action],"Thu, 10 Nov 2022 15:31:40 GMT"
Varmit [Free] [Action],"Mon, 16 Jan 2023 05:28:48 GMT"
Bourgogne Game Show 2022 [Free] [Platformer],"Sat, 10 Sep 2022 04:54:11 GMT"
Re-Pear It Peary [Free] [Adventure],"Sun, 02 Feb 2020 03:30:20 GMT"
Cartboy Adventure [DEMO] [Free] [Puzzle],"Tue, 05 May 2020 19:23:08 GMT"
The Heist in LS [Free] [Puzzle],"Thu, 02 Mar 2023 21:33:17 GMT"
Super Gran [Free] [Action],"Sun, 07 Aug 2022 07:31:41 GMT"
Mayhem [Free] [Action],"Tue, 27 Sep 2022 13:28:44 GMT"
Vox [Free] [Shooter],"Sun, 07 Aug 2022 07:54:23 GMT"
Backseat [Free] [Interactive Fiction],"Sun, 05 Apr 2020 18:33:01 GMT"
Harbour Attack [Free] [Action],"Sat, 05 Nov 2022 08:18:21 GMT"
Last Hope [Free] [Adventure],"Mon, 18 Oct 2021 09:22:21 GMT"
Lucy and the Gem Dungeon [Free] [Platformer],"Fri, 24 Sep 2021 17:11:44 GMT"
Raffles [Free] [Action],"Sun, 07 Aug 2022 06:37:23 GMT"
Choro-Q [Free] [Platformer],"Fri, 07 Apr 2023 10:26:36 GMT"
Pac ghost [Free] [Action],"Sun, 01 Nov 2020 14:46:18 GMT"
Erya's Chronicles [Free] [Platformer],"Mon, 21 Dec 2020 00:28:47 GMT"
Go Play in Traffic 1.0 [Free] [Action],"Sun, 21 Aug 2022 01:20:10 GMT"
Leaper [Free] [Action],"Tue, 03 Jan 2023 10:15:05 GMT"
The Harvest [Free] [Adventure],"Mon, 09 Jan 2023 02:01:54 GMT"
The Estate (DEMO) [Free] [Adventure],"Sun, 06 Dec 2020 06:08:42 GMT"
Tower Topple [Free] [Platformer],"Tue, 27 Apr 2021 18:07:14 GMT"
Xzap [Free] [Action],"Fri, 17 Mar 2023 18:25:58 GMT"
Spacepunk (Demo) [Free] [Role Playing],"Mon, 05 Oct 2020 08:10:22 GMT"
Cyber Dreamscape Battle-Deckers 2199 [Free] [Card Game],"Wed, 24 May 2023 19:51:30 GMT"
Arcade Legend [Game Boy] [Free] [Role Playing],"Sun, 04 Oct 2020 17:19:10 GMT"
Number Builder [Free] [Educational],"Sun, 26 Feb 2023 18:01:21 GMT"
Water Grandprix [Free] [Racing],"Sat, 04 Mar 2023 13:28:01 GMT"
414 South (Shareware Version) [Free] [Adventure],"Sat, 17 Dec 2022 09:26:01 GMT"
Moverrow [Free] [Puzzle],"Mon, 08 Aug 2022 14:36:18 GMT"
Astro Plumber [Free] [Action],"Mon, 01 May 2023 15:20:47 GMT"
endless vertical shmup test [Free] [Shooter],"Fri, 17 Mar 2023 08:59:20 GMT"
TP Restoration [Free] [Adventure],"Mon, 06 Apr 2020 17:18:52 GMT"
Arena 3000 [Free] [Shooter],"Tue, 25 Apr 2023 15:04:38 GMT"
Guzzler [Free] [Action],"Sun, 16 Jul 2023 11:07:55 GMT"
1-bit escape [Free] [Platformer],"Fri, 01 Oct 2021 02:47:31 GMT"
Runner [Free] [Platformer],"Tue, 09 May 2023 12:28:28 GMT"
ScorOS [Free] [Simulation],"Thu, 03 Sep 2020 19:07:40 GMT"
Je fais pousser des ronces [Free] [Interactive Fiction],"Fri, 19 Nov 2021 13:42:07 GMT"
Chase The Chuck Wagon [Free] [Action],"Thu, 27 Jul 2023 19:45:39 GMT"
Dogfight '99 [Free] [Shooter],"Thu, 28 Apr 2022 16:54:21 GMT"
Deliver 51 [Free] [Adventure],"Sun, 17 Jan 2021 04:16:28 GMT"
The Broken Knight [Free] [Role Playing],"Sun, 05 Jul 2020 01:07:54 GMT"
UNDERLIER: Deeper; Darker (Black and White Jam ‚Ññ11) [Free] [Adventure],"Wed, 01 Feb 2023 16:45:31 GMT"
Starlla Raining Cookies [Free] [Other],"Thu, 01 Jun 2023 03:24:16 GMT"
MARESIA [Free] [Role Playing],"Tue, 21 Sep 2021 21:41:34 GMT"
Yogurt Quest [Free] [Adventure],"Sat, 08 Aug 2020 11:54:50 GMT"
Fury [Free] [Action],"Wed, 24 May 2023 15:18:34 GMT"
Mint's Summer Bash! [Free] [Adventure],"Tue, 22 Jun 2021 19:59:28 GMT"
Europa rescue! [Free] [Simulation] [Windows],"Sun, 16 Jan 2022 16:34:51 GMT"
Baila con la flaca [Free] [Other],"Thu, 14 Oct 2021 23:41:57 GMT"
Sapphire Hotel - The Little Tales of [$2.99] [Adventure],"Wed, 25 Jan 2023 14:37:58 GMT"
Singular Event [Free] [Platformer],"Tue, 26 Apr 2022 16:31:39 GMT"
Orchard Heroic [Free] [Platformer],"Sun, 18 Apr 2021 15:09:05 GMT"
Dissassembly [Free] [Role Playing],"Mon, 13 Apr 2020 10:14:27 GMT"
Bomb Runner 1-2 [Free] [Action],"Tue, 15 Aug 2023 12:12:47 GMT"
GRC presents SUPER AGBIC 3-IN-1!!! [A Game By Its Cover 2023] [Free] [Action],"Tue, 18 Jul 2023 00:06:40 GMT"
BATTLE DOT EXE [Free] [Action],"Sun, 30 Aug 2020 05:31:31 GMT"
Purgatory Post [Free] [Adventure],"Thu, 17 Sep 2020 04:39:21 GMT"
Froggo and Spood [Game Boy Showdown 2023] [Free] [Action],"Wed, 17 May 2023 07:29:27 GMT"
Small and Gem Battle [Free] [Platformer],"Sun, 11 Oct 2020 07:48:52 GMT"
I'm here to shit ass for Game Boy [Free] [Action],"Mon, 27 Mar 2023 05:38:59 GMT"
The Train [¬£5.00] [Puzzle],"Wed, 15 Jun 2022 20:29:02 GMT"
Gunslinger [Free] [Action],"Sun, 07 Aug 2022 07:15:19 GMT"
My Saturday Grounded [Free] [Adventure],"Mon, 27 Sep 2021 23:52:06 GMT"
Ari's Delivery Palooza [Free] [Adventure],"Thu, 30 Sep 2021 02:59:37 GMT"
Plant! At the End of the World [Free] [Platformer],"Sun, 25 Sep 2022 02:26:36 GMT"
Paris GB [Free],"Fri, 31 Mar 2023 14:37:17 GMT"
Cubic Dungeon [Open Alpha] [Free] [Puzzle] [Windows],"Mon, 19 Jul 2021 05:47:35 GMT"
UNDERLIER: Even Deeper [UNFINISHED PROTOTYPE] [Free] [Adventure],"Thu, 16 Feb 2023 06:19:43 GMT"
Friendly Curse [Free] [Platformer],"Sat, 20 May 2023 07:08:00 GMT"
Computer Game [Free],"Mon, 28 Feb 2022 07:58:13 GMT"
Myte Byte [$10.00] [Puzzle] [Windows] [macOS] [Linux] [Android],"Thu, 23 Jun 2022 03:39:21 GMT"
Quest - The Adventure for the 6 Stones [Free] [Role Playing],"Thu, 02 Sep 2021 21:32:08 GMT"
Normal Spectrum [Free] [Other],"Thu, 31 Aug 2023 14:47:25 GMT"
Flap The Bird [Free] [Platformer],"Sun, 06 Feb 2022 20:03:47 GMT"
Power Bee (GB) [Free] [Shooter],"Thu, 30 Sep 2021 20:01:23 GMT"
Cabbage Raccoon (Beta) [Free] [Puzzle] [Windows],"Sat, 05 Aug 2023 20:45:12 GMT"
Isla Encontrar [Free],"Tue, 04 May 2021 08:28:20 GMT"
OIOPOLIS (espa√±ol) [Free] [Role Playing] [Windows] [macOS] [Linux] [Android],"Wed, 23 Aug 2023 20:12:20 GMT"
A Guy's Dreams [Free] [Adventure],"Thu, 16 Jul 2020 12:58:24 GMT"
Chronicles of 2020 [Free] [Visual Novel],"Sun, 05 Jul 2020 19:57:22 GMT"
Dino Voldann et la qu√™te de l'inspiration [Free] [Adventure],"Fri, 17 Sep 2021 14:26:23 GMT"
Pipes [Free] [Puzzle],"Tue, 01 Dec 2020 18:05:21 GMT"
Two Blobs and a Sunflower [Free] [Adventure] [Windows] [macOS] [Linux],"Mon, 16 Oct 2023 00:47:57 GMT"
Phantom Fright [Free] [Role Playing],"Mon, 07 Sep 2020 02:34:38 GMT"
Crowded Bus [Free] [Puzzle],"Sun, 24 Sep 2023 02:11:45 GMT"
ESCAPE [Free] [Interactive Fiction],"Mon, 13 Jan 2020 04:31:19 GMT"
Aesop & the Paradox Fable [Free] [Role Playing],"Thu, 13 Apr 2023 19:26:28 GMT"
PlayTime [Free] [Educational],"Fri, 05 May 2023 22:20:59 GMT"
Chopper War [Free] [Shooter],"Sat, 29 Apr 2023 08:22:34 GMT"
Kamoplay GameBoy [Free],"Sun, 13 Nov 2022 10:14:52 GMT"
Cave Copter (demo) [Free] [Adventure],"Wed, 17 Mar 2021 16:38:21 GMT"
Square Biz [Free] [Platformer],"Fri, 17 Feb 2023 04:36:26 GMT"
"""AQUILO"" [Free] [Interactive Fiction]","Sun, 09 Apr 2023 18:39:02 GMT"
Ovochi [Free] [Simulation],"Wed, 31 Aug 2022 13:35:17 GMT"
Robo Gallery [Free] [Shooter],"Sat, 20 Feb 2021 21:41:19 GMT"
THE FADU EXPERIENCE [Free] [Adventure],"Thu, 17 Dec 2020 03:22:44 GMT"
Space Federation [Free] [Action],"Thu, 20 Jan 2022 10:26:14 GMT"
"""AQUILO"" English Version [Free] [Interactive Fiction]","Wed, 12 Apr 2023 20:38:00 GMT"
__VISIBLE [Free] [Platformer],"Sat, 11 Mar 2023 16:21:21 GMT"
Spectipede [Free] [Action],"Sun, 23 Jul 2023 18:35:32 GMT"
GB Studio Metroidvania(Prototype) [Free] [Action],"Fri, 22 Jan 2021 01:48:01 GMT"
One Day [Free] [Visual Novel],"Thu, 18 May 2023 22:16:10 GMT"
Little Snow [Free] [Puzzle],"Tue, 28 Sep 2021 08:02:54 GMT"
6ROOMS [Free] [Interactive Fiction],"Fri, 19 Jul 2019 17:30:40 GMT"
Baldi Builder V1.2.0 [Free] [Simulation] [Windows] [macOS] [Linux] [Android],"Sat, 24 Sep 2022 17:14:04 GMT"
Gameboy Adventure [Free] [Role Playing] [Windows] [macOS] [Linux] [Android],"Tue, 13 Sep 2022 01:57:59 GMT"
Chashitsu Experience [Free] [Educational],"Wed, 12 Jul 2023 13:51:28 GMT"
The Enigma [Free] [Puzzle],"Mon, 27 Dec 2021 16:05:05 GMT"
Super Kigurumi Zone - Gameboy [Free] [Puzzle],"Tue, 07 Jun 2022 19:38:16 GMT"
Just Another Murder Mystery - BETA [Free] [Role Playing],"Sat, 01 Jan 2022 03:32:04 GMT"
"punch [demo, A Game By Its Cover 2023] [Free] [Adventure]","Sun, 23 Jul 2023 09:45:42 GMT"
The Little Tales Of Alexandria: Mr Meows Party! - UPDATE - MBC versions released! [Free] [Rhythm],"Thu, 29 Sep 2022 12:09:24 GMT"
Aspect Chimera (Working Title) [Free] [Interactive Fiction],"Sun, 09 Aug 2020 22:48:53 GMT"
Staring Daggers [Free] [Other],"Fri, 20 Oct 2023 07:03:21 GMT"
Toilet Bound Hanako-Kun Gameboy Edition (Demo Version Web Build) [Free] [Other],"Wed, 21 Apr 2021 07:40:40 GMT"
The Vinyl Countdown: Battle of the Bards [Free] [Role Playing],"Wed, 26 Jan 2022 00:47:48 GMT"
Make Space in Space [Free] [Shooter],"Sun, 24 Sep 2023 13:03:01 GMT"
Escondite en la granja [Free] [Puzzle],"Thu, 29 Apr 2021 06:50:15 GMT"
Goobymania! [Free] [Platformer],"Sat, 16 Sep 2023 18:37:28 GMT"
Interference: Chapter 1 [Free] [Adventure],"Fri, 19 Jun 2020 05:36:12 GMT"
Fearless Freddy [Free] [Puzzle],"Mon, 16 Aug 2021 17:45:55 GMT"
Quarantine fighting the corona (GB STUDIO) [Free] [Other],"Tue, 26 May 2020 11:35:52 GMT"
Procrastination Simulator [GB] [Free] [Visual Novel],"Fri, 20 May 2022 18:01:21 GMT"
Rick Roll for Game Boy [Free] [Visual Novel],"Fri, 09 Dec 2022 21:46:07 GMT"
Zashiki Warashi Asako [Free] [Adventure] [Windows] [macOS] [Linux] [Android],"Wed, 29 Mar 2023 06:41:15 GMT"
Little Plague Town [Free] [Adventure],"Sun, 12 Apr 2020 03:08:47 GMT"
Hamsters in space [Free] [Visual Novel],"Tue, 08 Feb 2022 17:08:20 GMT"
Shopping Cart [Free] [Interactive Fiction],"Sat, 19 Mar 2022 22:40:42 GMT"
Hectic DEDification [Free] [Platformer],"Sat, 28 Aug 2021 00:02:21 GMT"
Casa Paso: the Game (Deluxe Edition) [Free] [Adventure],"Sat, 10 Apr 2021 14:08:52 GMT"
Adventure trough the Wind [Free] [Puzzle] [Windows],"Tue, 25 Jan 2022 17:56:38 GMT"
Tynesoft Commodore 16 Classics II (Physical Release) [Free] [Action],"Tue, 19 Sep 2023 13:24:15 GMT"
Misfortune [Free],"Fri, 02 Apr 2021 08:44:09 GMT"
I Can't Find The Words [Free] [Other],"Tue, 31 Dec 2019 16:04:50 GMT"
Game-O-Holic's Adventure To Gamestop [Free] [Adventure],"Wed, 03 Aug 2022 21:16:11 GMT"
Horror House GB (early demo) [Free] [Adventure],"Fri, 09 Apr 2021 14:45:35 GMT"
A Fair Game [Free] [Platformer] [Windows] [macOS] [Linux] [Android],"Wed, 27 Jan 2021 22:16:53 GMT"
It's a Little Grim [Free] [Puzzle],"Wed, 02 Sep 2020 16:58:53 GMT"
That's My Book!!! [Free] [Adventure],"Fri, 29 May 2020 02:57:59 GMT"
GB/X [Free] [Role Playing] [Windows] [macOS],"Sun, 10 Jul 2022 03:56:54 GMT"
Space landing [Free] [Adventure],"Sat, 17 Jun 2023 17:30:56 GMT"
dark. [Free] [Puzzle],"Sun, 17 Jan 2021 16:34:37 GMT"
FEED THE MONSTER (Game Boy Color) [Free] [Platformer],"Sat, 09 Sep 2023 17:52:59 GMT"
the guadian [Free] [Action],"Mon, 24 Oct 2022 17:39:12 GMT"
Magic Mazes [Free] [Puzzle],"Mon, 19 Dec 2022 22:16:11 GMT"
Find Out [$1.50] [Adventure],"Fri, 11 Feb 2022 17:34:52 GMT"
Project: Unknown [Free] [Role Playing],"Fri, 25 Mar 2022 06:16:46 GMT"
Weekend Visit [Free] [Adventure],"Mon, 26 Sep 2022 03:28:32 GMT"
JamBoy [Free] [Other],"Mon, 27 Sep 2021 03:57:34 GMT"
The Dark Cabin [Free] [Other],"Tue, 11 Aug 2020 10:37:37 GMT"
Pokemon Crystal Red [Free] [Adventure],"Thu, 25 Aug 2022 15:48:53 GMT"
The Forest Shrine [Free] [Adventure],"Sun, 10 May 2020 01:14:02 GMT"
Ê°ë‰πãÂ∑´ÈüªÔ∏∞Ë¢ñÁèçË°ìÈ¨• Song of Morus: Gala of Battle [$3.99] [Shooter],"Mon, 01 May 2023 10:37:23 GMT"
Tepid [Free] [Platformer],"Sat, 07 Oct 2023 21:13:12 GMT"
Arilland-a beautiful painful world (ITA-ENG) [Free] [Adventure],"Sat, 02 Oct 2021 08:14:31 GMT"
Mission: Earth [Free] [Platformer],"Thu, 14 Sep 2023 15:44:18 GMT"
The Veil [Free] [Adventure],"Tue, 29 Aug 2023 00:46:03 GMT"
The Legend Of Zelda GameBoy [ver 0.4] (PLAY IN BROWSER)(Open Source) [Free] [Adventure],"Sun, 26 Jun 2022 14:31:10 GMT"
Kaiju Kai Kai [Free] [Other],"Sun, 10 Sep 2023 06:02:09 GMT"
NAO / La Familia NAO / „Éä„Ç™ [Free] [Platformer],"Mon, 25 Sep 2023 17:34:52 GMT"
Think Tank: Royal Siege [Free] [Puzzle],"Mon, 19 Dec 2022 07:44:34 GMT"
COVID-19: Coronavirus Quarantine [Free] [Role Playing],"Tue, 14 Apr 2020 23:42:57 GMT"
X-mas Time [Free] [Adventure],"Fri, 08 Sep 2023 08:31:55 GMT"
Cat in Space (Prototype) [Free] [Platformer],"Sat, 02 Jan 2021 10:30:38 GMT"
Tic Tac Earth [Free] [Rhythm],"Sat, 28 May 2022 05:32:02 GMT"
DRP Soundtrack [Free] [Other],"Sun, 18 Jul 2021 23:35:53 GMT"
Pumpkin Jack and the Witch's Curse [Free] [Platformer],"Wed, 19 Oct 2022 17:32:49 GMT"
Calling Cloud [Free] [Role Playing],"Thu, 23 Feb 2023 09:26:18 GMT"
Stone box [Free] [Other],"Sun, 22 May 2022 17:35:21 GMT"
Drought [Free] [Strategy] [Windows] [macOS] [Linux],"Thu, 16 Jun 2022 17:42:12 GMT"
Apple Hunt [Free] [Adventure],"Sat, 20 Mar 2021 21:15:59 GMT"
Mara: Sh0rk of Justice [Free] [Adventure],"Sat, 26 Dec 2020 15:38:01 GMT"
Chaos Lab [$1.00] [Puzzle],"Fri, 11 Sep 2020 16:44:29 GMT"
A Guest at the Table [Free] [Adventure],"Mon, 24 Jan 2022 00:23:40 GMT"
Gl√≥ria [Free] [Adventure],"Thu, 07 Sep 2023 12:07:53 GMT"
Reverie of Strange Blood [Free] [Adventure],"Fri, 20 May 2022 03:35:29 GMT"
The shelter [Free] [Puzzle],"Fri, 19 May 2023 17:30:13 GMT"
Analogue Pocket Pocket Companion [Free] [Educational],"Tue, 01 Feb 2022 06:50:30 GMT"
End You Up [Free] [Adventure],"Fri, 21 Oct 2022 10:09:50 GMT"
Pack-O: The Last One [Free] [Puzzle] [Windows] [macOS] [Linux] [Android],"Mon, 31 May 2021 19:25:11 GMT"
Memory Mania Challenge [Free] [Other],"Fri, 01 May 2020 05:33:28 GMT"
Souvlaki Hero! [Free] [Shooter],"Mon, 06 Jun 2022 23:29:02 GMT"
POG8 [Free] [Rhythm] [Windows],"Thu, 28 Jul 2022 12:17:15 GMT"
Twin Peaks: Meanwhile (Jam Submission) [Free] [Adventure],"Thu, 30 Sep 2021 13:56:44 GMT"
Anomaly Chapter 2 - Desolate Trees [Free] [Puzzle],"Fri, 31 Jul 2020 02:34:59 GMT"
Skelighost Dungeon [Free] [Adventure] [Windows] [macOS] [Linux] [Android],"Mon, 10 May 2021 18:46:55 GMT"
Kenzie's Birthday Dash [Free] [Other],"Wed, 15 Apr 2020 16:39:03 GMT"
Planted [Free] [Puzzle] [macOS],"Sat, 17 Sep 2022 08:22:49 GMT"
Virtual D20 Simulator [Free] [Simulation],"Fri, 30 Dec 2022 22:13:10 GMT"
14 juillet [Free] [Educational],"Wed, 13 Jul 2022 04:55:24 GMT"
Wilburn's Wellness [Free] [Interactive Fiction],"Wed, 19 Aug 2020 06:32:49 GMT"
StrongBadZone GB [Free],"Thu, 12 Jan 2023 14:37:41 GMT"
Campfire Tales [$3.99] [Role Playing] [Windows],"Tue, 10 May 2022 00:13:22 GMT"
Star Circle: SCB (Playable Build) [Free] [Adventure],"Fri, 26 Nov 2021 14:20:02 GMT"
Stealth [Free] [Adventure],"Tue, 18 Oct 2022 18:26:26 GMT"
Atlas Beta [Free] [Platformer],"Sun, 02 Oct 2022 11:34:08 GMT"
Toilet Bound Hanako-Kun Gameboy Edition (Demo Version) [Free] [Role Playing] [Windows] [macOS] [Linux] [Android],"Wed, 21 Apr 2021 06:54:21 GMT"
Inflation ball [Free] [Platformer],"Sun, 03 Jul 2022 08:58:54 GMT"
Broken Mind [¬£2.00] [Adventure],"Thu, 02 Feb 2023 20:05:04 GMT"
Planted Spy - GBJam 10 [Free] [Other],"Sat, 24 Sep 2022 20:27:49 GMT"
Agency [Free] [Role Playing],"Wed, 16 Aug 2023 04:28:11 GMT"
Yellow Sapphire Hotel - The Little Tales of [$2.99] [Adventure],"Sat, 04 Mar 2023 15:03:45 GMT"
Ever Winter Nights [Free] [Adventure],"Wed, 14 Dec 2022 02:30:05 GMT"
Drake's Adventure [Free] [Adventure],"Fri, 10 Apr 2020 15:42:13 GMT"
"The Ocean, Like Time [Free] [Adventure]","Thu, 07 Sep 2023 22:30:46 GMT"
Frontiers of the Fallen [Free] [Action],"Thu, 14 Sep 2023 14:51:54 GMT"
Skittle-Skattle (Prototype) [Free] [Action],"Mon, 16 Dec 2019 07:43:21 GMT"
DESEO (prototype) [Free] [Adventure],"Thu, 30 Sep 2021 23:10:51 GMT"
devPat [Free] [Adventure],"Wed, 22 Mar 2023 17:50:14 GMT"
Seal Kid Arcade [Free] [Platformer],"Mon, 31 Jul 2023 21:16:54 GMT"
Hall of Hoops [Free] [Educational],"Tue, 22 Dec 2020 06:38:33 GMT"
The Legend of Zelda and the Lampshade of No Real Significance [Free] [Puzzle],"Wed, 01 Mar 2023 20:59:45 GMT"
Cave Hunter [Free] [Action],"Sun, 07 May 2023 17:03:48 GMT"
Seal Save! [Free] [Platformer],"Fri, 27 Jan 2023 17:54:52 GMT"
Infinioblaster Zero [Free] [Shooter],"Thu, 29 Sep 2022 17:38:26 GMT"
Moh'key [Free] [Role Playing],"Wed, 26 Jul 2023 10:34:23 GMT"
Bob's Adventures 1 [Free] [Adventure],"Tue, 18 Jul 2023 18:37:55 GMT"
Fruit Hero [Free] [Platformer],"Fri, 28 Oct 2022 13:31:15 GMT"
Goose-A-Gotchi [Free] [Simulation],"Mon, 15 May 2023 23:00:31 GMT"
Dungeon Advance [Free] [Platformer] [Windows] [macOS] [Linux] [Android],"Sun, 11 Jul 2021 18:34:12 GMT"
Toilet Bound Hanako-kun Gameboy Edition Volume II (Demo Version) [Free] [Role Playing] [Linux],"Thu, 01 Dec 2022 13:44:21 GMT"
Luciano's Birthday Compilation [Free] [Other],"Sat, 06 Aug 2022 00:07:03 GMT"
Labirinth [Free] [Adventure],"Wed, 22 Dec 2021 10:15:15 GMT"
Max [Free] [Adventure],"Wed, 14 Jul 2021 14:53:10 GMT"
Diva - The Finest Girl [Free] [Platformer],"Fri, 24 Sep 2021 17:27:23 GMT"
Koulu [Free] [Platformer],"Thu, 01 Dec 2022 09:25:51 GMT"
EXTERMINATOR [Free] [Platformer],"Mon, 24 Jul 2023 21:57:42 GMT"
Tethered [Free] [Adventure],"Sun, 13 Jun 2021 16:56:47 GMT"
Yggdrasil [Free] [Adventure],"Wed, 27 Oct 2021 02:50:13 GMT"
PANDEMONIUM [Free] [Educational],"Thu, 26 Mar 2020 12:59:35 GMT"
Dr. Mint (DEMO) [Free] [Simulation],"Thu, 20 Jul 2023 16:15:51 GMT"
The Border [Free] [Adventure],"Sun, 23 Jul 2023 09:22:53 GMT"
GB UI [Free] [Other],"Mon, 20 Jun 2022 13:18:54 GMT"
Friendship Never Dies [Free] [Platformer],"Thu, 18 May 2023 07:11:35 GMT"
My Pet Avocado [Free] [Simulation],"Sat, 24 Sep 2022 07:34:48 GMT"
Retention [Free] [Role Playing],"Fri, 04 Jun 2021 03:23:34 GMT"
Overtaking [Free] [Role Playing],"Thu, 06 Apr 2023 15:34:40 GMT"
The Minotaur's Labyrinth [Free] [Adventure],"Sun, 27 Jun 2021 22:58:20 GMT"
Together Alone [Free] [Platformer],"Fri, 19 May 2023 12:45:35 GMT"
Super Market Bobo [Free] [Platformer],"Sat, 11 Sep 2021 18:35:48 GMT"
Planet Life for Gameboy(Demo) [Free] [Interactive Fiction],"Fri, 24 Sep 2021 17:35:47 GMT"
Cris Quest [Free] [Adventure] [Windows],"Fri, 23 Apr 2021 22:43:38 GMT"
The Adventure of Rick: Grad School [Free] [Adventure],"Sat, 17 Aug 2019 17:10:48 GMT"
Buried in Time [Free] [Adventure],"Tue, 31 Jan 2023 17:51:18 GMT"
Pinky Blue Eyes [Free] [Adventure],"Tue, 26 Nov 2019 21:47:23 GMT"
Dungeon ascention [Free] [Platformer] [Windows] [macOS] [Linux] [Android],"Sun, 18 Apr 2021 16:40:45 GMT"
Thrilling Hunt [Free] [Puzzle],"Wed, 26 Jan 2022 18:45:00 GMT"
The Master's Quest [Free] [Role Playing],"Sat, 22 Aug 2020 19:24:21 GMT"
"Down, Down, Down [Free] [Visual Novel]","Mon, 26 Apr 2021 06:51:26 GMT"
I Look Around [Free] [Visual Novel],"Fri, 27 May 2022 22:07:46 GMT"
GBC Metroid [Free] [Adventure],"Thu, 05 Oct 2023 15:35:59 GMT"
Spaghimulator: Appeteaser Version [Free] [Other],"Wed, 18 Mar 2020 21:56:18 GMT"
Deep Space Trucker 9 [Free] [Simulation] [Windows],"Sun, 24 Sep 2023 06:27:15 GMT"
The Legend of OM [Free] [Platformer],"Sun, 15 Mar 2020 02:39:16 GMT"
Cinnamon & Bean In The Unfriendly Forest [Free] [Platformer],"Tue, 16 May 2023 17:03:28 GMT"
Space Galaxy Beta (GameBoy) [Free] [Adventure] [Windows] [macOS] [Linux] [Android],"Mon, 06 Jun 2022 19:56:04 GMT"
Chains: Egresi√≥n [Free] [Role Playing],"Mon, 20 Dec 2021 11:16:10 GMT"
Dreamscape [Free] [Adventure] [Windows] [macOS] [Linux],"Sun, 02 May 2021 14:44:13 GMT"
Thrifty Nikki's ProShopper Pocket Version [Free] [Adventure],"Thu, 13 Feb 2020 12:09:36 GMT"
GBost Town [Free] [Puzzle],"Tue, 19 May 2020 01:45:58 GMT"
Game Boy Modern Story [Free] [Adventure],"Mon, 02 Nov 2020 09:39:00 GMT"
Rebateman GB Game 1 [Free] [Other],"Fri, 28 Feb 2020 04:58:10 GMT"
Dolphine [Free] [Adventure],"Thu, 03 Jun 2021 17:11:47 GMT"
The Legend of the Seven Doors - Alpha [Free] [Role Playing],"Tue, 15 Sep 2020 19:37:51 GMT"
coderunnerdemo [Free] [Platformer],"Sun, 26 Jan 2020 23:03:14 GMT"
Apocalypse (Music Cartridge) [Free],"Thu, 30 Sep 2021 17:27:56 GMT"
Explore The Iron City [Free] [Platformer],"Sun, 11 Jul 2021 03:03:06 GMT"
The longest battle [Free] [Action],"Sat, 01 Jul 2023 01:24:00 GMT"
LetsPlayOhana [Free] [Adventure] [Windows] [macOS] [Linux] [Android],"Mon, 01 Jun 2020 20:05:13 GMT"
Arole [Free] [Action],"Tue, 01 Mar 2022 08:49:21 GMT"
Foodtastic Adventure [Free] [Puzzle],"Thu, 13 Jan 2022 23:20:00 GMT"
Agent5 [Free] [Adventure],"Tue, 01 Sep 2020 16:45:16 GMT"
Concert Grove [Free] [Adventure],"Sat, 20 May 2023 20:30:26 GMT"
A Little Game that I made to figure out how GBStudio works [Free] [Other],"Mon, 06 Feb 2023 18:49:37 GMT"
You are my New friend [Free] [Puzzle],"Sat, 20 May 2023 20:23:02 GMT"
Detetive Aya [Free] [Role Playing],"Wed, 29 Mar 2023 14:59:57 GMT"
Henry is Hungry [Free] [Platformer],"Mon, 29 May 2023 22:14:34 GMT"
The Amnesiac (GB Studio) [Free] [Adventure],"Fri, 28 Jan 2022 08:31:12 GMT"
Zuri WIP [Free] [Adventure],"Sun, 23 Jan 2022 20:01:49 GMT"
Chalice of Destiny [Free] [Role Playing],"Mon, 25 Sep 2023 04:21:09 GMT"
MonkyQuest [Free] [Puzzle],"Sat, 25 Sep 2021 18:59:25 GMT"
Cult Classic [Free] [Adventure] [Windows] [macOS] [Linux] [Android],"Thu, 07 Nov 2019 00:30:39 GMT"
Finny's Aquatic Frenzy!!! [Free] [Puzzle],"Sat, 06 Nov 2021 21:01:12 GMT"
Detective Boy Roe: Art Heist at Space Station SH-23 [Free] [Puzzle],"Sat, 23 Sep 2023 00:22:56 GMT"
Ad'Venture Protoype Test [Free],"Tue, 29 Nov 2022 13:29:09 GMT"
Broken World Repair DX [Free] [Other] [Windows] [macOS] [Linux],"Sun, 02 Feb 2020 17:46:15 GMT"
Friendly Delivery [Free] [Interactive Fiction],"Sat, 20 May 2023 21:30:15 GMT"
skuid game [Free] [Action],"Sun, 31 Oct 2021 17:08:53 GMT"
PUNCHWORLD [Free] [Platformer],"Wed, 28 Jun 2023 04:37:56 GMT"
Long Walk [Free] [Adventure] [Windows],"Thu, 24 Jun 2021 15:21:39 GMT"
Starfyre Stryker [Free],"Sun, 04 Jun 2023 23:46:49 GMT"
Domir Neru Sleep [Free] [Adventure],"Thu, 01 Sep 2022 04:54:54 GMT"
Dycent [Free] [Platformer],"Thu, 20 Jul 2023 15:22:30 GMT"
Boring Desert in My Pocket (Demo version) [Free] [Simulation],"Tue, 07 Jun 2022 23:19:49 GMT"
Cuppa Joe [Free] [Adventure],"Sat, 20 May 2023 18:02:49 GMT"
Kokrito adventure [Free] [Adventure],"Wed, 26 Aug 2020 16:47:32 GMT"
Starship For Gameboy [Free] [Survival],"Thu, 19 Jan 2023 01:34:29 GMT"
Science Alerte [Free] [Strategy],"Fri, 28 Jan 2022 08:31:00 GMT"
A brief musical voyage on the Keihin-Tohoku line [Free] [Other],"Wed, 15 Feb 2023 05:39:20 GMT"
Duck N' Fire [Free] [Shooter],"Mon, 14 Nov 2022 23:00:39 GMT"
Bunny Kingdom [Free] [Platformer],"Wed, 08 Jun 2022 02:20:09 GMT"
Cave Crawler (GB) [Free] [Adventure],"Tue, 02 Nov 2021 03:03:03 GMT"
Misere Misere [Free] [Adventure],"Fri, 30 Apr 2021 17:56:45 GMT"
Projet Astro [Free] [Adventure],"Tue, 01 Jun 2021 20:32:59 GMT"
Skunk dreams [Free] [Adventure],"Thu, 10 Feb 2022 13:40:45 GMT"
A Cyborg manifests... [Free] [Platformer] [Windows],"Thu, 08 Sep 2022 17:28:44 GMT"
Mad-Dash Maestro (demo) [Free] [Platformer],"Tue, 08 Mar 2022 06:51:53 GMT"
Bouncy Blobs [Free] [Platformer],"Mon, 07 Nov 2022 07:12:41 GMT"
RANDOM DUNGEON (development stopped) [Free] [Action],"Sat, 21 Jan 2023 17:18:56 GMT"
The Maze - Demo [Free] [Puzzle],"Tue, 02 Mar 2021 20:54:25 GMT"
"Here, Use Cream! [Free] [Simulation]","Fri, 22 Apr 2022 13:40:48 GMT"
Trink [Free] [Adventure],"Tue, 19 Sep 2023 00:53:08 GMT"
Sentoh: First Adventure [Free] [Role Playing],"Sun, 09 May 2021 23:21:48 GMT"
Memory|–ü–∞–º—è—Ç—å (GB Studio) [Free],"Thu, 11 Jun 2020 09:31:38 GMT"
99Bottles [Free] [Adventure],"Wed, 31 Aug 2022 20:14:49 GMT"
Nebulon [Free] [Role Playing],"Mon, 06 Feb 2023 16:53:22 GMT"
City of Outsiders [Free] [Role Playing],"Sat, 10 Jul 2021 02:21:55 GMT"
Super Spooky Ghost Maze 2000 3.0 DX [Free] [Puzzle],"Sat, 19 Oct 2019 08:03:28 GMT"
Punch-land [Free] [Platformer],"Sat, 22 Jul 2023 01:00:43 GMT"
Spring to Life [Free] [Platformer],"Sun, 30 Apr 2023 08:01:32 GMT"
Scapegoat [Free] [Interactive Fiction],"Mon, 21 Oct 2019 16:12:29 GMT"
Wall Jump Ninja GB [Free] [Action],"Mon, 02 Oct 2023 22:00:28 GMT"
Gas Station Story (Demo) [Free] [Interactive Fiction],"Wed, 27 Apr 2022 06:17:04 GMT"
Game Boy Goes 2 Space [Free] [Action],"Sun, 24 Sep 2023 09:39:21 GMT"
Seth Da Man Adventure [Free] [Platformer] [Windows] [macOS] [Linux] [Android],"Fri, 16 Jun 2023 14:14:13 GMT"
Maze Runner [Free] [Adventure],"Sat, 25 Dec 2021 19:20:30 GMT"
SPERAR [Free] [Puzzle],"Sat, 19 Aug 2023 05:34:02 GMT"
It's 1920! [Free] [Simulation],"Mon, 03 Oct 2022 17:55:33 GMT"
Rabo de Peixe [Free] [Adventure],"Wed, 09 Aug 2023 09:36:29 GMT"
Toaster Turtle [Free] [Adventure],"Sat, 14 May 2022 19:32:48 GMT"
Wotek's office Demo1 [Free] [Windows] [macOS] [Linux] [Android],"Sun, 28 Mar 2021 21:06:25 GMT"
Minute Missions (NoCode Jam #2) [Unavailable] [Free] [Strategy],"Sun, 18 Jul 2021 15:25:21 GMT"
Lil' Farmer [Free] [Role Playing],"Sun, 25 Sep 2022 17:33:37 GMT"
A Town With A River [Free] [Adventure],"Sat, 08 Jul 2023 22:45:33 GMT"
"Fly, Folha-Chan, Fly! [Free] [Other] [Windows] [macOS] [Linux]","Fri, 23 Sep 2022 20:47:22 GMT"
The Chicken Master [Free] [Adventure],"Tue, 18 May 2021 19:11:37 GMT"
Martian Sols [Free] [Adventure],"Fri, 15 Sep 2023 15:59:40 GMT"
Monthly Dragon Oracle: March [Free] [Other],"Tue, 01 Mar 2022 20:03:10 GMT"
Stranded Pirates [Free] [Adventure],"Mon, 20 Apr 2020 01:02:42 GMT"
Slime Boy [Free] [Other],"Wed, 11 Nov 2020 07:27:53 GMT"
A Favor for My Hooman [Free] [Adventure],"Fri, 07 May 2021 07:44:57 GMT"
Day of the Tetraffids [Free] [Adventure] [Windows],"Sun, 25 Sep 2022 17:44:36 GMT"
Lake Village [Free] [Puzzle],"Thu, 23 Dec 2021 14:08:33 GMT"
First Adventure [Free] [Adventure],"Sun, 17 Jul 2022 05:42:56 GMT"
BAKELITE_GameJam [Free] [Adventure],"Thu, 07 Nov 2019 11:50:05 GMT"
"Winter vacation is over, the denomination is full-blown, and I have no pocket money for Famiclone's knock-off games! [Free] [Adventure]","Thu, 30 Dec 2021 00:38:20 GMT"
Funland [Free] [Platformer],"Wed, 23 Nov 2022 22:38:49 GMT"
Rabbit Catcher [Free] [Other],"Thu, 17 Nov 2022 17:01:43 GMT"
Time Trial DEMO [Free] [Racing],"Fri, 25 Aug 2023 01:46:22 GMT"
Time To Space [Free] [Platformer],"Wed, 30 Mar 2022 07:31:53 GMT"
Year Zero [Free] [Action],"Sat, 31 Jul 2021 13:14:17 GMT"
Moon [Free] [Interactive Fiction],"Mon, 13 Jun 2022 19:23:29 GMT"
Il Confine [Free] [Adventure],"Sun, 02 Jul 2023 17:47:33 GMT"
Exil [Free] [Adventure],"Tue, 31 Mar 2020 16:06:33 GMT"
Trouble On Rails [Free] [Puzzle],"Mon, 17 Jan 2022 23:24:56 GMT"
Wrestling Thunder City: City Prototype. [Free] [Role Playing],"Fri, 02 Jun 2023 16:39:07 GMT"
Vampire Corpse Feast [Free] [Role Playing],"Sat, 18 Dec 2021 20:06:47 GMT"
Gnome Adventure: Journey to The Market [Free] [Role Playing],"Tue, 16 Feb 2021 18:12:41 GMT"
Fatelocked prototype [Free] [Adventure],"Fri, 03 Feb 2023 23:50:45 GMT"
No_Future - The Game [Free] [Action],"Tue, 15 Sep 2020 13:46:49 GMT"
Moments [Free] [Interactive Fiction],"Tue, 10 May 2022 18:46:05 GMT"
Shinuchu's Adventure [Free] [Adventure],"Wed, 13 Sep 2023 17:52:24 GMT"
The Chimney [Free] [Adventure],"Mon, 18 Oct 2021 22:29:24 GMT"
Together Apart Demo [Free] [Adventure],"Thu, 04 Aug 2022 23:52:00 GMT"
Monster of the Weekend [Free] [Adventure],"Mon, 20 Jun 2022 22:20:29 GMT"
Pelusa Invader [Free] [Other],"Mon, 25 Sep 2023 04:14:39 GMT"
The Shipwreck [Free] [Puzzle],"Fri, 20 Jan 2023 10:49:56 GMT"
SpaceTrap (Jam version) [Free] [Shooter],"Sun, 21 Feb 2021 02:45:27 GMT"
Find the Dragon balls! [Free] [Puzzle],"Sun, 28 Nov 2021 15:44:49 GMT"
The Doge's Moon [Free] [Adventure],"Tue, 18 Jan 2022 11:02:10 GMT"
Amnesiac's Odyssey [$2.00] [Adventure],"Thu, 20 Jul 2023 03:47:39 GMT"
Charybdis [Free] [Platformer],"Mon, 31 Jul 2023 14:53:06 GMT"
Find the Winner Plus [Free] [Card Game],"Fri, 21 Aug 2020 01:20:15 GMT"
Lich's Mansion II [Free] [Adventure],"Mon, 31 Jan 2022 05:14:30 GMT"
Bunker Survival [Free] [Adventure],"Thu, 06 Jan 2022 22:59:28 GMT"
Super Heavy Calendaria's Day Adventure [Free],"Thu, 02 Feb 2023 01:40:53 GMT"
1 Room [Free] [Other],"Sun, 19 Jul 2020 08:17:10 GMT"
Tim's World 2 Demo [Free] [Platformer],"Thu, 21 Sep 2023 17:34:11 GMT"
Before The Door-The Initial Build [Free],"Wed, 03 May 2023 02:52:02 GMT"
Tears of the Kingdom for the Gameboy Color [Free] [Other],"Wed, 20 Sep 2023 16:22:55 GMT"
Lunar Fields [Free] [Role Playing],"Mon, 21 Nov 2022 22:27:38 GMT"
Team Super Panda [Free] [Adventure],"Tue, 04 Feb 2020 21:00:14 GMT"
ArkAttack [Free] [Action],"Thu, 02 Feb 2023 07:15:38 GMT"
The Missing Student [Free] [Role Playing],"Tue, 25 Jan 2022 08:08:02 GMT"
Pistachio2D [Free] [Adventure],"Sat, 27 May 2023 00:15:32 GMT"
Monthly Dragon Oracle: February [Free] [Other],"Mon, 31 Jan 2022 21:23:53 GMT"
Prolongment [Free] [Interactive Fiction],"Wed, 21 Jun 2023 10:28:36 GMT"
SHMUP To No Good [Free] [Action],"Wed, 21 Sep 2022 04:39:44 GMT"
Quarantine Fighting The corona [2] [Free] [Adventure],"Sun, 26 Dec 2021 13:37:41 GMT"
Tales of Hyperia: The Crimson Knight demo V2.0 [Free] [Role Playing],"Sat, 02 Sep 2023 19:07:43 GMT"
Zombie Mart [Free] [Puzzle],"Tue, 21 Feb 2023 03:21:19 GMT"
Think Tank: Tech Demo [Free] [Puzzle],"Fri, 28 Oct 2022 02:02:07 GMT"
Rune Search [Free],"Wed, 10 Mar 2021 00:39:15 GMT"
CPIPT 2.12 [Free],"Thu, 06 Aug 2020 19:32:31 GMT"
Loop Riddle [Free] [Puzzle],"Wed, 26 Jan 2022 12:13:11 GMT"
The Library's Guard (pre-demo) [Free] [Adventure],"Sun, 20 Feb 2022 02:26:20 GMT"
O Conto da Ana Natal [Free] [Puzzle],"Wed, 29 Dec 2021 03:28:50 GMT"
plato and the lost temple [Free] [Platformer],"Sat, 25 Sep 2021 21:41:01 GMT"
Turtle and Duck [Free] [Role Playing],"Tue, 18 Feb 2020 20:38:56 GMT"
Cycle [Free] [Other],"Sat, 27 Aug 2022 13:33:21 GMT"
Endless Dreidel Simulator [Free] [Simulation],"Thu, 15 Dec 2022 04:44:30 GMT"
Yggdrasil (Prototype) [Free] [Adventure],"Sat, 06 Nov 2021 02:16:39 GMT"
Over Life-Datt2300 [Free],"Wed, 23 Nov 2022 21:18:38 GMT"
Pug Z Pizza demo [Free] [Platformer],"Sat, 11 Mar 2023 06:13:06 GMT"
Talia's Room [Free] [Simulation],"Thu, 09 Dec 2021 09:56:31 GMT"
Level Zero Backrooms [Free] [Puzzle],"Sun, 26 Feb 2023 22:32:55 GMT"
Los Jerbos [Free] [Interactive Fiction],"Thu, 06 Jul 2023 18:59:59 GMT"
Emotional Clues [Free],"Sun, 23 Apr 2023 18:30:58 GMT"
FUTURA90 [Free] [Adventure],"Tue, 07 Feb 2023 08:50:54 GMT"
Untitled 8BitLP-Game [Free] [Platformer],"Mon, 03 Jul 2023 18:53:46 GMT"
GameJamBakelite [Free] [Adventure],"Wed, 06 Nov 2019 18:37:37 GMT"
Manic Miner [Free] [Platformer],"Fri, 20 Oct 2023 18:48:25 GMT"
Basics: Math - Mod vs Div [Free] [Educational],"Fri, 30 Apr 2021 14:01:45 GMT"
Vaxomon [R$4.00] [Adventure] [Windows],"Sat, 10 Jul 2021 17:40:08 GMT"
Game Prototype [Free] [Adventure] [Windows] [macOS] [Linux] [Android],"Mon, 09 May 2022 10:01:20 GMT"
The Epic Bundle [$8.00] [Other] [Windows] [macOS] [Linux] [Android],"Thu, 20 Aug 2020 18:48:09 GMT"
Leap To NFT [Free] [Platformer],"Mon, 28 Aug 2023 15:26:34 GMT"
Table Manners: Worm-Cation [$4.99] [Adventure],"Sun, 01 Aug 2021 23:38:33 GMT"
Dumpster Fire Dancer [Free] [Platformer],"Thu, 11 Feb 2021 19:54:21 GMT"
Almost Human [Free] [Adventure],"Sat, 30 May 2020 20:35:05 GMT"
Liberation and Emancipation [Free] [Adventure],"Sun, 05 Apr 2020 23:01:34 GMT"
Hong Kong 2099 for gameboy [Free] [Shooter],"Wed, 09 Sep 2020 17:39:13 GMT"
Sea of Nazis [Free] [Shooter],"Sun, 16 May 2021 16:03:47 GMT"
The Flood - Game World Starter. [Free],"Mon, 10 May 2021 20:14:52 GMT"
Heliosphere Arcade [Free] [Action],"Sun, 15 Nov 2020 23:42:49 GMT"
doldrums [Free],"Tue, 19 Jan 2021 04:09:20 GMT"
Portal gb demake [Free] [Puzzle],"Mon, 24 Jun 2019 05:13:38 GMT"
Bunflower [$1.00] [Adventure],"Tue, 30 Mar 2021 23:56:41 GMT"
