Heroes Quest [Free] [Adventure] [Windows],"Sun, 01 Aug 2021 22:43:35 GMT"
Five Nights at Freddy's NES [Free] [Survival],"Thu, 16 Sep 2021 20:10:37 GMT"
Friday Night Funkin' Character Test Playground Remake [Free] [Rhythm] [Windows] [macOS] [Linux] [Android],"Mon, 10 May 2021 20:49:26 GMT"
Prysus [Free] [Windows] [macOS] [Linux] [Android],"Tue, 28 Dec 2021 05:42:34 GMT"
Karambola [Free] [Puzzle] [Android],"Wed, 24 Aug 2016 21:25:44 GMT"
Hyperspace Dogfights [$10.00] [Action] [Windows] [Linux],"Mon, 27 Feb 2017 17:03:34 GMT"
[AUTOCONFIM] [Free] [Platformer] [Windows] [macOS] [Linux],"Sat, 12 Jun 2021 14:56:29 GMT"
GDevelop 5 - WTF Wars - Grid turn based template [Free] [Strategy],"Mon, 23 Aug 2021 22:05:40 GMT"
Halloween Night(Mare) [100% Off] [$0.00] [Platformer] [Windows],"Sat, 27 Mar 2021 22:24:45 GMT"
Alanna The Princess Of Puzzles [$4.99] [Action] [Windows] [macOS] [Linux],"Sun, 12 Sep 2021 21:36:15 GMT"
Triple Jump [$3.37] [Platformer] [Windows] [macOS] [Linux] [Android],"Tue, 10 Nov 2020 23:34:37 GMT"
Darkness and Light [100% Off] [$0.00] [Puzzle] [Windows],"Thu, 22 Jul 2021 17:25:32 GMT"
GDevelop - Inventoralia - Inventory & shop Template for GDevelop 5 [Free] [Other],"Sat, 10 Jul 2021 01:11:23 GMT"
Grand'ma and the flowers [Free] [Platformer] [Windows] [macOS] [Linux],"Tue, 14 Sep 2021 09:54:58 GMT"
Healthy Living [100% Off] [$0.00] [Platformer] [Windows],"Sat, 20 Mar 2021 20:26:00 GMT"
Blue Fish and Underwater Worlds [100% Off] [$0.00] [Adventure] [Windows],"Tue, 20 Apr 2021 07:52:41 GMT"
Hyperspace Harvest (Prototype) [Free] [Adventure] [Windows] [Linux],"Sun, 20 Dec 2020 15:28:39 GMT"
---Red---Tether--> [Free] [Action] [Windows],"Sun, 13 Jun 2021 16:48:07 GMT"
Space Tappers [Free] [Shooter] [Windows] [macOS] [Linux] [Android],"Tue, 24 Sep 2019 08:45:07 GMT"
Swirl Watch [Free] [Action] [Windows] [Linux],"Tue, 09 Feb 2021 11:37:44 GMT"
Surtr: The Edge Of Ragnarok [Free] [Action] [Windows],"Mon, 13 Sep 2021 22:49:20 GMT"
Alien Eggs [Free] [Action],"Sun, 07 Feb 2021 01:51:54 GMT"
Mary Sue's Character Casino [Free] [Card Game],"Sat, 04 Dec 2021 16:57:41 GMT"
Miko Adventures Puffball [$9.99] [Platformer] [Windows] [macOS] [Linux],"Tue, 24 Aug 2021 22:32:39 GMT"
sina [Free] [Survival] [Windows] [macOS] [Linux],"Fri, 30 Jul 2021 20:52:59 GMT"
DotBullet [Free] [Shooter] [Windows] [macOS] [Linux],"Mon, 25 Oct 2021 00:35:22 GMT"
Rogue Signal Unicorn [Free] [Rhythm] [Windows] [Linux],"Mon, 29 Jan 2018 21:34:26 GMT"
Cl1cky 0.6 [Free] [Other] [Android],"Tue, 07 Sep 2021 16:13:33 GMT"
Hyperspace Liquidators [Free] [Puzzle] [Windows],"Tue, 10 Mar 2020 18:25:49 GMT"
Five Nights at Vsauce [Free] [Other] [Windows] [macOS] [Linux],"Wed, 14 Jul 2021 00:26:38 GMT"
The Purple Chapters [Free] [Adventure] [Windows],"Sun, 10 Oct 2021 21:04:44 GMT"
The Soul Collector - Idle Game [Free] [Other],"Fri, 05 Feb 2021 12:12:34 GMT"
Mech Revenant: Input One [Free] [Action] [Windows] [Linux],"Sun, 04 Aug 2019 18:03:10 GMT"
Spring Shop [10% Off] [$0.90] [Platformer] [Windows],"Wed, 17 Mar 2021 18:33:59 GMT"
GDevelop - Toweralia - A tower defense template [Free] [Action],"Wed, 28 Jul 2021 19:28:51 GMT"
Mimbuku classic [Free] [Action] [Windows] [macOS] [Linux],"Sat, 13 Feb 2021 23:57:32 GMT"
GDevelop - Castlia - Castlevania template GDevelop 5 [$3.00] [Action],"Sun, 04 Jul 2021 21:19:27 GMT"
sector [Free] [Adventure] [Windows] [macOS],"Tue, 10 Aug 2021 16:56:45 GMT"
WTF Wars   Dungeon Edition template for GDevelop 5 [Free] [Action],"Fri, 10 Sep 2021 22:00:05 GMT"
Pong [Free] [Action],"Fri, 26 Feb 2021 18:36:15 GMT"
Star Prince Dress up game [Free] [Visual Novel],"Sat, 02 May 2020 04:48:05 GMT"
A Pixel Adventure - Legion [Free] [Platformer] [Windows],"Wed, 13 May 2020 00:34:44 GMT"
Night Guardian [Free] [Strategy] [Windows],"Wed, 06 Jan 2021 14:49:16 GMT"
WTF Wars - Snake Edition A different snake game for GDevelop [Free] [Other],"Fri, 27 Aug 2021 23:43:42 GMT"
Reaper And The Time Stones (Demo Version) [Free] [Adventure] [Windows] [macOS] [Linux] [Android],"Mon, 03 Jan 2022 06:13:44 GMT"
billiard [Free] [Sports],"Tue, 29 Jun 2021 15:05:50 GMT"
The Shootout! [Free] [Shooter] [Windows] [macOS] [Linux],"Sat, 03 Jul 2021 14:45:57 GMT"
Not-A-Vania [Free] [Platformer],"Wed, 27 Feb 2019 05:08:14 GMT"
FISH [Free] [Survival],"Mon, 26 Oct 2020 12:15:59 GMT"
Calques Collector (2021) [Free] [Platformer] [Windows] [macOS],"Tue, 08 Jun 2021 19:33:18 GMT"
Golf Adventures! [Free] [Sports] [Windows] [macOS] [Linux] [Android],"Wed, 14 Jul 2021 16:37:52 GMT"
Slimey [Free] [Platformer] [Windows],"Fri, 01 Jan 2021 02:21:56 GMT"
Super Ape Banana Run v1 [Free] [Adventure] [Windows],"Tue, 27 Jul 2021 18:29:28 GMT"
Not-A-Vania Redux [Free] [Action],"Fri, 02 Jul 2021 18:00:31 GMT"
GDevelop 5 - State Machine Combo [Free] [Action],"Sat, 30 May 2020 12:39:37 GMT"
Space Shooter Earning Game [Free] [Action] [Android],"Tue, 29 Dec 2020 14:42:11 GMT"
RAGE RUN REMASTERED [Free] [Adventure] [Windows] [macOS],"Mon, 03 Jan 2022 09:44:27 GMT"
Atomic Trail [Free] [Survival] [Windows],"Mon, 31 Aug 2020 00:48:55 GMT"
Platformer Mega [Free] [Platformer] [Windows] [macOS] [Linux] [Android],"Tue, 22 Sep 2020 10:56:04 GMT"
Minimal Fear [$1.00] [Survival],"Wed, 22 Jul 2020 16:22:06 GMT"
box playground [Free] [Other] [Windows] [Android],"Tue, 19 Oct 2021 21:02:33 GMT"
GDevelop Dynamic Map [Free],"Mon, 25 Nov 2019 13:54:00 GMT"
Oshi's Journey - Physics platformer [Free] [Adventure] [Windows] [macOS] [Linux],"Sat, 20 Feb 2021 14:40:24 GMT"
Jeffy Game [Free] [Platformer] [Windows] [macOS] [Linux],"Mon, 15 Feb 2021 23:10:20 GMT"
GDevelop  - Socceralia - The ball is your friend - GDevelop 5 template [Free] [Sports],"Sun, 15 Aug 2021 00:55:30 GMT"
The Others [$1.00] [Adventure],"Thu, 08 Oct 2020 14:48:45 GMT"
Pixel Dash [Free] [Platformer] [Windows] [macOS] [Linux],"Thu, 15 Jul 2021 23:19:52 GMT"
Comet Combat [Free] [Action],"Sun, 08 Nov 2020 21:23:09 GMT"
GDevelop - Aeralia - Aircraft battles Template for GDevelop 5 [Free],"Mon, 12 Jul 2021 23:56:08 GMT"
SHOOTER [Free] [Shooter],"Thu, 04 Feb 2021 09:04:28 GMT"
In And Out - Night Burglar [Free] [Action],"Sat, 19 Sep 2020 20:58:11 GMT"
Inner Demons Dungeon Crawl [Free] [Role Playing] [Windows] [macOS] [Linux] [Android],"Wed, 30 Sep 2020 20:49:27 GMT"
Halloween Pocket Deck [Free] [Card Game] [Windows] [macOS] [Linux],"Sun, 03 Oct 2021 19:43:44 GMT"
SPSBR (Single Player Space Battle Royale) [Free] [Action],"Mon, 25 Mar 2019 00:05:20 GMT"
Helicopter Rescue [Free] [Platformer],"Wed, 27 Jan 2021 09:01:37 GMT"
Digimon: Digital Monster Device [Free] [Platformer] [Windows],"Sun, 02 May 2021 04:35:18 GMT"
One piece pixel fighters (early access) [Free] [Fighting] [Windows],"Tue, 06 Apr 2021 18:56:09 GMT"
Extra Defense [Free] [Action],"Mon, 20 Aug 2018 04:50:15 GMT"
Polytope Episode One: Tesseract [Free] [Adventure] [Windows] [macOS] [Linux],"Thu, 26 Nov 2020 21:32:18 GMT"
A man by the beach [Free] [Interactive Fiction],"Tue, 04 Aug 2020 13:50:21 GMT"
Drake Life beta 9.2 [Free] [Adventure] [Windows],"Thu, 16 Sep 2021 08:54:15 GMT"
Mars: Domination [Free] [Strategy] [Windows],"Sat, 01 Jan 2022 17:03:16 GMT"
Pipe Run! [Free] [Strategy] [Windows] [macOS] [Linux],"Sat, 06 Feb 2021 00:03:14 GMT"
To the Crown [Free] [Other] [Windows] [macOS] [Linux],"Sun, 27 Dec 2020 03:53:58 GMT"
GDevelop Menu with Keyboard and Gamepad Navigation [Free] [Other],"Sat, 01 Feb 2020 22:21:03 GMT"
Delta Chase [Free] [Action],"Fri, 05 Feb 2021 13:23:03 GMT"
The Blue Critter Adventure! [Free] [Adventure] [Windows] [macOS] [Linux],"Thu, 14 Jan 2021 21:10:36 GMT"
KGX-8000 Emulator Template [Free] [Other],"Fri, 31 Dec 2021 13:46:49 GMT"
Ice Cream Rescue [Free] [Puzzle] [Windows] [macOS] [Linux],"Mon, 13 Sep 2021 10:22:11 GMT"
Super Radical - Am Skater (BETA) [Free] [Platformer] [Windows],"Thu, 09 Jul 2020 00:05:27 GMT"
A Game About A Cube Shooting Cubes To Earn Points [Free] [Shooter] [Windows],"Wed, 07 Jul 2021 02:17:28 GMT"
Looped [Free] [Action] [Windows] [macOS] [Linux] [Android],"Mon, 05 Oct 2020 14:53:57 GMT"
Meteoroids [Free] [Survival],"Sun, 27 Sep 2020 05:26:20 GMT"
Mabel vs. Forces of Hell DEMO [Free] [Action] [Windows] [macOS] [Linux],"Mon, 25 Oct 2021 14:02:33 GMT"
Energy Supply [Free] [Survival],"Mon, 05 Jul 2021 11:44:03 GMT"
GDevelop - Shootalia - Top Down Shooter Template [$1.00] [Shooter],"Sun, 27 Jun 2021 11:53:28 GMT"
Assistente de cria√ß√£o de personagem para Cyberpunk RED [Free] [Role Playing],"Wed, 07 Apr 2021 04:53:13 GMT"
Gun Dog [Free] [Platformer],"Sat, 20 Nov 2021 14:07:56 GMT"
GDevelop Action RPG / Top Down Adventure Camera and Transition Example [Free],"Mon, 07 Jun 2021 05:16:18 GMT"
GDevelop Coyote Time Example [Free] [Other],"Sun, 30 Aug 2020 06:45:59 GMT"
AutoFixx [Free] [Platformer] [Windows] [Linux],"Wed, 23 Jan 2019 14:17:22 GMT"
Antarctica NWYD Demo [Free] [Adventure] [Windows] [macOS] [Linux],"Sat, 04 Dec 2021 00:35:28 GMT"
SpaceBar Runner - Click and Run Game [Free] [Platformer],"Tue, 28 Sep 2021 17:30:27 GMT"
GDevelop - Tile map tutorial [Free] [Other],"Tue, 24 Aug 2021 09:02:08 GMT"
Cosmosia [Free] [Adventure] [Windows],"Sat, 02 Jan 2021 02:36:45 GMT"
Tap Tap Rush [Free] [Other] [Android],"Wed, 10 Feb 2021 21:44:41 GMT"
York the traveller [Free] [Adventure] [Windows] [Linux],"Sat, 27 Jun 2020 23:42:42 GMT"
HAVEN [Free] [Adventure] [Windows],"Wed, 21 Oct 2020 20:32:05 GMT"
A Family Tree [Free] [Visual Novel],"Sun, 17 Jan 2021 18:49:41 GMT"
Confined [Free] [Sports],"Fri, 24 Apr 2020 23:31:09 GMT"
Time for love [Free] [Rhythm],"Wed, 10 Mar 2021 18:19:48 GMT"
t i n y d r e a m e r s‚ú® (ch.1) [Free] [Platformer] [Windows] [macOS] [Linux],"Wed, 17 Mar 2021 21:34:10 GMT"
Stick Me Ninja [Free] [Platformer] [Windows],"Mon, 05 Oct 2020 00:09:19 GMT"
Master Bait [Free] [Strategy] [Android],"Sun, 01 Aug 2021 17:25:05 GMT"
GDevelop 5 - Tutorial draggable puzzles [Free] [Puzzle],"Tue, 17 Aug 2021 19:54:19 GMT"
La course de No√´l [Free] [Other] [Windows] [macOS] [Linux] [Android],"Wed, 22 Dec 2021 21:48:32 GMT"
Hobb The Dog's Home | Gdevelop [Free] [Platformer] [Windows],"Sun, 07 Nov 2021 05:44:17 GMT"
Tile-On: Matching Game [Free] [Puzzle],"Mon, 04 Oct 2021 15:20:51 GMT"
Neuron's Adventure [Free] [Educational] [Windows] [Android],"Fri, 22 Jan 2021 05:46:09 GMT"
WTF Wars - Rhythm Edition - A musical game for GDevelop [Free] [Rhythm],"Sat, 28 Aug 2021 23:25:39 GMT"
Touch Boy [Free] [Other] [Android],"Tue, 28 Sep 2021 13:51:24 GMT"
Hyperspace Decorator [Free] [Puzzle] [Windows] [Linux],"Wed, 30 Jan 2019 13:42:59 GMT"
Exercises in Style [Free] [Platformer] [Windows] [macOS] [Linux],"Tue, 04 May 2021 09:59:15 GMT"
CHIBO'S ADVENTURE DEMO [Free] [Platformer] [Windows] [macOS] [Android],"Sun, 18 Jul 2021 13:14:35 GMT"
Pocket Crown [Free] [Adventure] [Windows] [Linux],"Sat, 06 Mar 2021 01:57:35 GMT"
Tapeworm Tangle [Free] [Action],"Wed, 16 Sep 2020 22:55:08 GMT"
Copse Village Clicker [Free] [Other] [Android],"Wed, 02 Jun 2021 17:45:16 GMT"
TeamSeasGO [Free] [Platformer] [Windows],"Mon, 01 Nov 2021 19:18:34 GMT"
KAKASHI OF THE SHARINGAN! [Free] [Adventure] [Android],"Mon, 25 Jan 2021 16:06:34 GMT"
GDevelop Metroidvania Camera Example [Free],"Tue, 31 Dec 2019 03:05:32 GMT"
Gratified Galaxy [Free] [Shooter] [Windows] [macOS],"Mon, 04 Oct 2021 21:20:23 GMT"
Murder Mystery Puzzle [Free] [Puzzle],"Fri, 11 Jan 2019 20:12:58 GMT"
Scooters Boys [Free] [Action] [Windows] [macOS] [Linux] [Android],"Sat, 16 May 2020 02:26:26 GMT"
Blind Harvest [Free] [Platformer],"Sun, 02 Sep 2018 20:53:25 GMT"
Into the Woods [Free] [Survival],"Sun, 15 Nov 2020 14:49:54 GMT"
Sugar Fever [Free] [Interactive Fiction],"Mon, 04 Oct 2021 17:42:50 GMT"
Smelly Jellies [Free] [Platformer] [Windows] [macOS] [Linux],"Sun, 28 Nov 2021 21:42:40 GMT"
Where's My Body [Free] [Other],"Thu, 21 Oct 2021 10:50:07 GMT"
Zeep Zap [Free] [Puzzle],"Thu, 11 Jun 2020 05:48:05 GMT"
Dinosaur Adventure beta [Free] [Adventure] [Windows],"Fri, 24 Dec 2021 05:11:41 GMT"
Scott the Woz: The Game [Free] [Platformer],"Tue, 16 Mar 2021 00:30:48 GMT"
Unbound [Free] [Puzzle] [Windows] [macOS] [Linux],"Sun, 21 Jun 2020 00:46:29 GMT"
Pixelated Fire [Free] [Simulation],"Sun, 06 Dec 2020 12:51:11 GMT"
Pokemon Yellow Edition: Pocket Face [Free] [Adventure] [Windows] [Linux],"Thu, 26 Nov 2020 08:41:12 GMT"
Greedy Gourds [Free] [Action],"Thu, 30 Dec 2021 20:25:01 GMT"
Dumb Silly Game [Free],"Wed, 17 Feb 2021 07:33:26 GMT"
Gooser and friends the game (W.I.P) [Free] [Adventure] [Windows],"Sat, 31 Oct 2020 05:26:15 GMT"
A Hike with you [Free] [Adventure] [Windows] [Linux],"Sat, 16 Jan 2021 11:46:04 GMT"
Cricket Minimalist Game [Free] [Sports],"Sat, 30 Oct 2021 08:01:00 GMT"
Signal [Free] [Puzzle] [Windows] [macOS] [Linux],"Sat, 21 Nov 2020 01:01:46 GMT"
Kouryaku Collection [Free] [Platformer] [Windows] [macOS] [Linux],"Fri, 19 Nov 2021 21:50:00 GMT"
QuarantinE - Y.A.P.C. [Free] [Puzzle],"Sat, 16 Jan 2021 05:23:05 GMT"
Swivel on It! [Free] [Action],"Sun, 12 Jul 2020 16:50:29 GMT"
A DogsWay [Free] [Platformer] [Windows] [Android],"Tue, 03 Nov 2020 04:35:46 GMT"
Don't Die (Demo) [Free] [Survival] [Windows] [macOS] [Linux],"Thu, 21 Jan 2021 05:41:45 GMT"
Spider Killer [Free] [Action] [Windows],"Sun, 07 Oct 2018 07:04:30 GMT"
Market Mover [Free] [Action],"Tue, 14 Dec 2021 18:57:09 GMT"
Jump The Tower (Icy Tower Clone) [Free] [Platformer] [Windows] [macOS] [Linux] [Android],"Thu, 17 Jun 2021 11:27:36 GMT"
20 second sandwich [Free] [Other],"Sun, 30 Aug 2020 04:00:31 GMT"
Cloudship [Free] [Shooter] [Windows] [macOS] [Linux],"Wed, 03 Jun 2020 16:15:09 GMT"
Pairs [Free] [Card Game],"Wed, 22 Sep 2021 10:25:23 GMT"
Snake Chase [Free] [Survival],"Tue, 28 Sep 2021 16:54:57 GMT"
Crystal Hunt [Free] [Adventure] [Windows] [macOS],"Fri, 20 Aug 2021 16:59:16 GMT"
The End of An Age web [Free] [Other] [Windows] [macOS] [Linux],"Sat, 24 Jul 2021 14:06:30 GMT"
Infinite Cube Run [Free] [Platformer],"Thu, 01 Oct 2020 15:52:41 GMT"
"Trash, Smash, Dash! [Free] [Other] [Windows] [macOS] [Linux] [Android]","Mon, 08 Nov 2021 22:48:04 GMT"
VibeSpeed [Free] [Platformer] [Windows],"Wed, 28 Apr 2021 03:30:53 GMT"
Cubes [Free] [Shooter] [Windows] [macOS],"Wed, 02 Dec 2020 19:28:58 GMT"
Who let the dogs out ? [Free] [Interactive Fiction],"Thu, 28 Jan 2021 23:30:10 GMT"
The Right Way [Free] [Platformer] [Windows] [macOS],"Mon, 25 Oct 2021 17:35:22 GMT"
Wizard Search [Free] [Puzzle],"Fri, 06 Aug 2021 02:21:57 GMT"
City Builder Demo [Free] [Simulation],"Fri, 14 May 2021 17:41:04 GMT"
UnOkLive Vs Zuck [Free] [Role Playing] [Windows] [macOS] [Linux],"Sat, 20 Nov 2021 06:40:26 GMT"
Cavern Explorer [Free] [Platformer],"Thu, 07 May 2020 16:39:04 GMT"
Gods from the Abyss (Alpha Demo) [Free] [Fighting] [Windows] [macOS] [Linux],"Tue, 07 Jul 2020 18:19:40 GMT"
Don't f#@k with the soup! [Free],"Sun, 02 May 2021 17:15:20 GMT"
Banana Story [Free] [Platformer] [Windows],"Sun, 01 Aug 2021 20:46:30 GMT"
Unusual Space [Free] [Shooter] [Windows] [macOS] [Linux],"Fri, 18 Jun 2021 21:12:31 GMT"
WENEMIA [Free] [Survival] [Android],"Tue, 23 Nov 2021 02:59:21 GMT"
Shipzap [Free] [Action] [Android],"Sat, 12 Sep 2020 18:04:23 GMT"
GDevelop 5 Text Effects [Free],"Wed, 30 Dec 2020 08:48:26 GMT"
Tomato vs Pear (open source turn-based battle) [Free] [Fighting],"Mon, 15 Jun 2020 08:19:12 GMT"
OneBit [Free] [Action],"Tue, 14 Jul 2020 06:34:23 GMT"
S.S.C: Rusted War [Free] [Action] [Windows] [Linux],"Wed, 01 Jul 2020 19:59:26 GMT"
Death's Palace [Free] [Strategy],"Fri, 02 Jul 2021 14:14:45 GMT"
Don't go outside [Free] [Adventure],"Sat, 25 Apr 2020 15:28:04 GMT"
Planet Stranded [Free] [Adventure],"Fri, 25 Sep 2020 15:27:24 GMT"
It's Time To Go Home [Free] [Platformer] [Windows] [macOS] [Linux],"Fri, 24 Apr 2020 06:00:35 GMT"
Water Simulator [Free] [Other] [Windows],"Fri, 29 May 2020 00:29:14 GMT"
Hip Hopster [Free] [Platformer],"Fri, 25 Oct 2019 02:13:37 GMT"
Out Of CTRL [Free] [Action],"Sun, 12 Jul 2020 13:30:22 GMT"
Tempest [Free] [Simulation] [Android],"Fri, 03 Jan 2020 13:28:59 GMT"
Stickman Dual: The Truth [Free] [Shooter] [Windows] [macOS] [Linux],"Sat, 16 Oct 2021 21:05:06 GMT"
üí´Space Boyüí´ [Free] [Shooter],"Wed, 17 Feb 2021 22:47:29 GMT"
Rosy e Teo in Fantasy land [Free] [Platformer] [Android],"Tue, 17 Nov 2020 20:58:06 GMT"
Magic Mayhem [Free] [Shooter],"Mon, 23 Aug 2021 16:57:54 GMT"
Stickman Dual [Free] [Shooter] [Windows] [macOS] [Linux],"Sun, 19 Sep 2021 20:03:42 GMT"
im [Free] [Action] [Windows] [macOS] [Linux],"Mon, 03 Aug 2020 01:58:18 GMT"
Dungeon Clicker [Free] [Windows],"Sat, 03 Apr 2021 08:59:40 GMT"
One of Us [Free] [Action] [Windows] [macOS] [Linux] [Android],"Sat, 12 Jun 2021 21:40:27 GMT"
Pixel Clube [Free] [Platformer] [Windows],"Sat, 26 Jun 2021 20:33:13 GMT"
Franqitom: El juegardo [Free] [Other] [Windows] [macOS] [Linux] [Android],"Fri, 23 Jul 2021 23:25:34 GMT"
Frog From The Toadwoods [Free] [Survival],"Sat, 22 Feb 2020 16:49:26 GMT"
The Legend of the Green Crab [Free] [Platformer],"Thu, 29 Jul 2021 12:13:43 GMT"
Sans Foie Nie l'Oie [Free] [Action],"Fri, 14 May 2021 14:36:06 GMT"
Worlds Hardest Fan Game [Free] [Strategy] [Windows] [macOS],"Fri, 28 Aug 2020 05:02:18 GMT"
Sisisi beta 8 [Free] [Action],"Thu, 02 Sep 2021 02:14:20 GMT"
Speedrun & Co. [Free] [Action] [Windows],"Tue, 22 Sep 2020 02:12:22 GMT"
GlowMine [Free] [Platformer] [Windows],"Thu, 06 May 2021 00:13:55 GMT"
Juegah CDX (Cancelado) [Free] [Platformer] [Windows] [macOS] [Linux],"Thu, 12 Nov 2020 01:05:32 GMT"
Imagine-Blocks [Free] [Adventure],"Mon, 26 Jul 2021 20:50:42 GMT"
Downhill Bike [Free] [Racing],"Thu, 09 Dec 2021 23:38:41 GMT"
The Lands Of Mysteria [Free] [Platformer] [Windows],"Fri, 30 Jul 2021 16:19:52 GMT"
MEDAKA [Free] [Action] [Android],"Fri, 24 Jul 2020 12:46:45 GMT"
Garden (Demo) [Free] [Platformer] [Windows] [macOS] [Linux],"Mon, 02 Aug 2021 03:58:13 GMT"
Card System Demo [Free] [Card Game],"Wed, 15 Sep 2021 15:49:48 GMT"
Slimer Jump INFINITY [Free],"Mon, 25 Mar 2019 19:50:34 GMT"
Sword Master [Free] [Platformer] [Windows] [macOS] [Linux] [Android],"Sun, 03 Oct 2021 07:10:39 GMT"
Platformer Test [Free] [Platformer],"Sun, 17 Jan 2021 01:50:24 GMT"
Enter the Props Room... (a virtual haunted adventure) [Free] [Interactive Fiction],"Tue, 26 Oct 2021 00:11:24 GMT"
Red Descent [Free] [Shooter],"Mon, 26 Apr 2021 07:14:10 GMT"
Bubble up! [Free] [Action] [Windows] [macOS] [Linux],"Sun, 21 Feb 2021 09:04:44 GMT"
Mix-N-Match [Free] [Strategy] [Windows] [Android],"Mon, 31 May 2021 18:31:24 GMT"
Catco's Galaxy RUST [Free] [Platformer] [Windows],"Tue, 21 Dec 2021 14:25:27 GMT"
Elemental Balls Simulator [Free] [Simulation] [Windows] [macOS] [Linux] [Android],"Mon, 03 May 2021 22:24:38 GMT"
The Terror of Eris DEMO [Free] [Platformer] [Windows],"Thu, 30 Jul 2020 20:55:34 GMT"
Analog Clock Example (GDevelop) [Free],"Sun, 24 Jan 2021 22:55:36 GMT"
Star Lords [Free] [Strategy] [Windows] [Android],"Sun, 02 Aug 2020 10:29:50 GMT"
BunnyPinball [Free] [Action] [Windows],"Fri, 10 Jul 2020 06:20:06 GMT"
Dragonfly - Gdevelop space simulation demo [Free] [Simulation],"Sun, 16 May 2021 09:23:21 GMT"
One Night At Stinky's [Free] [Puzzle] [Windows] [macOS] [Linux],"Fri, 03 Dec 2021 16:38:02 GMT"
The dungeon escape [Free] [Action] [Windows],"Thu, 02 Jul 2020 09:42:20 GMT"
Drag n' Drop [Free] [Puzzle] [Windows] [macOS] [Linux],"Mon, 29 Mar 2021 21:08:39 GMT"
Falling Blocks [Free] [Rhythm] [Android],"Tue, 10 Aug 2021 08:53:25 GMT"
Santa Run [Free] [Platformer] [Windows] [macOS] [Linux],"Wed, 15 Dec 2021 20:24:28 GMT"
zGdevelop Procedural Generation Source Code [Free],"Fri, 02 Apr 2021 15:39:47 GMT"
Retro Platform Game - Soda Cap [Free] [Platformer],"Thu, 11 Jun 2020 12:15:04 GMT"
Lost in the Line [Free],"Fri, 08 Jan 2021 16:08:15 GMT"
LeRoy the Ice Cream Man [Free] [Shooter],"Thu, 06 Aug 2020 03:46:47 GMT"
Until My Last Breath (Reboot) [Free] [Shooter] [Windows] [Android],"Mon, 02 Aug 2021 11:24:50 GMT"
Get RickRoll'D Simulator [Free] [Simulation] [Windows],"Wed, 23 Jun 2021 00:00:10 GMT"
Guiseppe's Motel [Free] [Action] [Windows] [macOS],"Wed, 28 Apr 2021 02:07:46 GMT"
Micro Ninja [Free] [Platformer] [Windows] [macOS],"Sat, 14 Aug 2021 18:54:54 GMT"
Tap the Plane [Free] [Platformer] [Android],"Wed, 10 Feb 2021 07:14:49 GMT"
Super tux fan made DEMO [Free] [Adventure] [Windows] [Linux] [Android],"Fri, 30 Jul 2021 00:15:34 GMT"
ColorSup [Free] [Puzzle] [Windows] [macOS] [Linux] [Android],"Sun, 23 Feb 2020 16:14:36 GMT"
Maze Bound [Free] [Puzzle] [Windows],"Sun, 13 Jun 2021 17:26:47 GMT"
El Ajolote [Free] [Windows],"Tue, 18 May 2021 20:16:28 GMT"
O Drink da Meia-Noite - Jedias Hertz (Clipe Intertivo) [Free] [Other] [Windows] [Linux] [Android],"Sat, 03 Apr 2021 20:18:12 GMT"
DARK BOUT [Free] [Fighting],"Tue, 30 Jun 2020 02:27:26 GMT"
Parasite Life 1.1 - A Blue Critter Inspired game [Free] [Survival] [Windows],"Fri, 10 Sep 2021 09:34:17 GMT"
Among Sasuke [Free] [Action] [Windows] [macOS],"Sat, 17 Apr 2021 16:19:37 GMT"
GD Adventure [Free] [Other] [Windows],"Sun, 06 Jun 2021 20:21:42 GMT"
La batalla de Elthen [Free] [Fighting] [Windows] [macOS] [Linux],"Wed, 08 Apr 2020 10:29:20 GMT"
Get The Presents [Free] [Action],"Thu, 09 Jul 2020 17:39:39 GMT"
Balloon Bounce [Free] [Action] [Windows] [macOS] [Linux] [Android],"Thu, 07 Jan 2021 19:01:29 GMT"
Alpes Outdoor Sports [Free] [Sports] [Windows],"Thu, 28 Nov 2019 14:04:02 GMT"
innerside v0.0.1 [Free] [Platformer],"Wed, 25 Aug 2021 14:28:07 GMT"
Pandemic Volunteers (BETA) [Free] [Role Playing] [Android],"Sat, 13 Jun 2020 13:36:42 GMT"
New West [Free] [Adventure] [Windows] [macOS] [Linux],"Sun, 22 Dec 2019 18:44:23 GMT"
Virus Puzzle [Free] [Puzzle] [Android],"Tue, 15 Dec 2020 20:58:10 GMT"
Never Comeback [Free] [Platformer] [Windows] [Linux],"Sun, 06 Dec 2020 20:36:24 GMT"
Asteroid Dig - Mobile [$1.25] [Platformer] [Android],"Tue, 06 Oct 2020 13:39:50 GMT"
Darkpausepaste [Free] [Platformer] [Windows],"Thu, 23 Sep 2021 23:41:39 GMT"
Gato da sorte ! [Free] [Other] [Android],"Sun, 24 Oct 2021 13:18:50 GMT"
Minigame Mania [Free] [Windows] [macOS],"Wed, 20 Oct 2021 21:57:44 GMT"
Pixel Island Survival [Free] [Survival] [Windows] [macOS],"Sun, 20 Dec 2020 12:13:51 GMT"
FireHazard [Free] [Platformer] [Windows] [macOS],"Tue, 06 Apr 2021 15:42:50 GMT"
Super Slimer World [Free] [Platformer] [Windows] [macOS] [Linux] [Android],"Mon, 28 Jun 2021 16:37:40 GMT"
Jump COVID 19 [Free] [Action] [Windows] [macOS],"Sat, 22 Aug 2020 16:30:26 GMT"
Ring Bonney's Treasure [Free] [Puzzle],"Sun, 31 Jan 2021 23:58:12 GMT"
Strangle-Mangle [Free] [Shooter] [Windows] [Linux],"Wed, 05 Dec 2018 15:29:12 GMT"
V-Shot [Free] [Shooter] [Windows],"Tue, 08 Jun 2021 11:53:09 GMT"
Memes the Game Demo [Free] [Other] [Windows] [macOS],"Mon, 12 Jul 2021 17:21:48 GMT"
Bomb Runner 3.0 [Free] [Platformer],"Wed, 14 Apr 2021 07:44:39 GMT"
Bubble Box [Free] [Shooter],"Thu, 27 Aug 2020 00:04:20 GMT"
UnNammed [Free] [Windows] [macOS] [Linux] [Android],"Thu, 26 Aug 2021 22:54:04 GMT"
Box and stars [Free] [Platformer],"Mon, 07 Sep 2020 06:10:59 GMT"
Times at the Mansion: Memories [Free] [Role Playing] [Windows] [macOS] [Linux],"Mon, 12 Jul 2021 19:08:39 GMT"
Project Galaxy (Working Name) [Free] [Adventure],"Thu, 18 Mar 2021 01:23:05 GMT"
Code name agent shadow [Free] [Action] [Windows] [macOS] [Linux] [Android],"Mon, 30 Nov 2020 18:33:38 GMT"
Island Alone [Free] [Platformer] [Windows] [macOS] [Linux],"Thu, 25 Jun 2020 12:13:08 GMT"
IONITE [Free] [Shooter] [Windows],"Sat, 20 Mar 2021 20:34:03 GMT"
Health Food [Free] [Action] [Windows] [macOS] [Linux],"Tue, 08 Sep 2020 18:14:40 GMT"
Escape Vault [Free] [Platformer] [Windows] [macOS] [Linux],"Tue, 09 Mar 2021 10:29:10 GMT"
Tux Vs Yeti (WIP Level 1 to 4 are playable) [Free],"Fri, 10 Jul 2020 19:06:28 GMT"
Cubeform [Free] [Action] [Windows],"Sun, 21 Mar 2021 23:14:25 GMT"
The Ultimate Jumpster [Free] [Platformer] [Windows] [Android],"Fri, 14 May 2021 02:40:53 GMT"
Ojo por ojo [Free] [Platformer] [Windows] [macOS] [Linux],"Wed, 22 Jan 2020 20:13:00 GMT"
Water Flow [Free] [Rhythm],"Wed, 13 Oct 2021 09:36:13 GMT"
Bullet Hell [Free] [Action],"Thu, 15 Apr 2021 13:25:08 GMT"
Bomb Rush [Free] [Action],"Wed, 12 Aug 2020 04:56:21 GMT"
The Temple of Sir Lime [Free] [Platformer] [Windows],"Mon, 06 Sep 2021 10:31:50 GMT"
Rock Paper Scissors Bluff [Free] [Interactive Fiction],"Tue, 27 Jul 2021 05:13:14 GMT"
A STORY [Free] [Other] [Windows] [macOS],"Fri, 15 Oct 2021 01:26:26 GMT"
Colors - Short Story [Free] [Platformer] [Windows] [Android],"Sat, 17 Apr 2021 16:40:28 GMT"
murmuro [Free] [Other],"Tue, 29 Oct 2019 15:58:55 GMT"
Santa Platform [Free] [Platformer],"Thu, 05 Dec 2019 14:48:21 GMT"
Toucher [Free] [Other] [Windows] [Linux],"Sun, 06 Jun 2021 21:40:58 GMT"
Mr. Fruit [Free] [Platformer],"Wed, 30 Sep 2020 15:39:35 GMT"
Crunch Cars [Free] [Other] [Windows] [macOS] [Linux],"Sun, 04 Jul 2021 04:22:44 GMT"
Simple creator by ANGRYRAPH [Free] [Simulation] [Windows] [Linux] [Android],"Mon, 24 Aug 2020 01:01:12 GMT"
Jardins Ocultos classic [Free] [Action],"Wed, 08 Jul 2020 14:28:54 GMT"
Piiiraterie ! [Free] [Adventure],"Sun, 22 Aug 2021 17:19:46 GMT"
Ball on screen [Free] [Other] [Android],"Wed, 04 Nov 2020 09:34:23 GMT"
Wire Spider [Free] [Action] [Windows] [macOS],"Fri, 03 Sep 2021 19:37:21 GMT"
Corrupted Dread - VimJam [Free] [Shooter],"Thu, 24 Sep 2020 19:19:30 GMT"
Spectrum [Free] [Platformer] [Windows] [macOS] [Linux],"Mon, 14 Dec 2020 22:45:26 GMT"
Shooty Ping Pong [Free] [Windows] [macOS] [Linux],"Sun, 30 Aug 2020 08:54:16 GMT"
Nightmare Trap DEMO [Free] [Platformer],"Sat, 19 Sep 2020 19:55:05 GMT"
Chubu [Free] [Platformer] [Windows],"Thu, 06 Aug 2020 09:55:09 GMT"
Quiz de Tupi [Free] [Educational],"Mon, 18 Oct 2021 23:07:06 GMT"
Lenna Crufts' Crypt Looter [Free] [Survival],"Wed, 29 Jul 2020 10:10:40 GMT"
The GuerillaFoodWar Game [Free],"Fri, 02 Oct 2020 16:18:40 GMT"
"If It Fits, It Sits [Free] [Simulation]","Sat, 08 May 2021 14:28:31 GMT"
Burek Rope [Free] [Platformer] [Windows] [Android],"Fri, 18 Dec 2020 16:06:34 GMT"
RootKeeper [Free] [Platformer],"Thu, 17 Sep 2020 05:45:24 GMT"
Red00 [Free] [Shooter],"Sun, 28 Mar 2021 14:31:47 GMT"
A game [Free] [Platformer],"Sun, 08 Mar 2020 16:39:19 GMT"
Slow Down [Free] [Other],"Mon, 21 Jun 2021 16:53:36 GMT"
Turrrret [Free] [Platformer] [Windows] [macOS] [Linux],"Mon, 13 Sep 2021 00:48:11 GMT"
Top Quiz [Free] [Educational] [Windows] [macOS] [Linux] [Android],"Mon, 05 Apr 2021 12:36:41 GMT"
Puzzle Pickup [Free] [Platformer] [Windows],"Sat, 20 Feb 2021 13:48:12 GMT"
Zombie Laser Infinite [Free] [Action] [Windows] [macOS] [Android],"Thu, 04 Feb 2021 17:49:49 GMT"
Maternal Instinct [Free] [Action] [Windows] [Linux] [Android],"Wed, 05 May 2021 00:26:02 GMT"
zGdevelop Procedural Generation prototype [Free],"Wed, 31 Mar 2021 00:05:28 GMT"
Bully Bird [Free] [Action],"Sat, 01 May 2021 11:16:41 GMT"
The Island [Free] [Platformer] [Windows],"Fri, 18 Jun 2021 12:16:05 GMT"
The Ravines [Free] [Adventure] [Windows] [macOS] [Linux],"Mon, 29 Jun 2020 05:19:56 GMT"
HipsLab le jeu [Free] [Platformer] [Android],"Fri, 23 Jul 2021 09:14:42 GMT"
SUPER GALAXIUM [Free] [Rhythm] [Android],"Thu, 23 Jul 2020 12:11:55 GMT"
Jacoma and the Lost  Teacher Demo [Free] [Adventure] [Windows] [macOS] [Linux],"Sat, 13 Feb 2021 00:50:47 GMT"
PingPong Controller Edition [Free] [Windows] [macOS] [Linux] [Android],"Tue, 06 Jul 2021 19:52:02 GMT"
"""Shooting The Enemy"" by Kard Kardus [Free] [Action] [Windows] [Linux]","Mon, 22 Feb 2021 07:04:14 GMT"
Animal Run [Free] [Puzzle] [Windows] [Android],"Thu, 03 Jun 2021 22:02:40 GMT"
Bounce it [Free] [Platformer] [Windows] [macOS] [Linux],"Sun, 20 Jun 2021 06:35:52 GMT"
Boxwindow [Free] [Action] [Windows] [macOS] [Linux],"Mon, 26 Jul 2021 12:47:05 GMT"
Lil' Tapes Way Out [Free] [Platformer] [Windows] [macOS] [Linux],"Sat, 08 Aug 2020 08:26:02 GMT"
Slime Hunt [Free] [Platformer],"Thu, 12 Aug 2021 12:49:52 GMT"
Power Runes [Free] [Puzzle] [Windows] [macOS] [Linux],"Fri, 02 Jul 2021 10:24:41 GMT"
Aksaray [Free] [Platformer],"Sun, 11 Apr 2021 13:15:38 GMT"
GoodNeighbor [Free] [Other],"Thu, 30 Dec 2021 02:16:37 GMT"
Zombie Shootout [Free] [Action] [Windows] [macOS] [Linux],"Sun, 30 May 2021 15:27:08 GMT"
Pain Berd [Free] [Platformer] [Android],"Sun, 13 Sep 2020 11:27:45 GMT"
Time for love [JAM VER.] [Free] [Rhythm],"Sun, 07 Feb 2021 15:14:20 GMT"
Rocket Rider [Free] [Action] [Android],"Sun, 21 Jun 2020 16:01:34 GMT"
The Dark // Scrapped Project [Free] [Platformer],"Sat, 10 Oct 2020 01:14:01 GMT"
Die 3 ausserirdischen Idioten [Free] [Platformer] [Windows],"Sat, 27 Jun 2020 06:11:08 GMT"
Retropath Prototype [Free] [Platformer],"Sat, 31 Jul 2021 22:44:49 GMT"
SURVIVAL MODE 2 [Free] [Shooter] [Windows] [Android],"Tue, 22 Sep 2020 23:53:11 GMT"
Space Ranger REMAKE [Free] [Action] [Windows] [macOS] [Linux] [Android],"Thu, 24 Jun 2021 16:21:25 GMT"
Momentum [Free] [Educational] [Android],"Wed, 04 Aug 2021 18:40:10 GMT"
zzz4 jumping points for gdevelop games [Free],"Wed, 26 May 2021 00:39:05 GMT"
Strange Rain [Free] [Shooter],"Fri, 24 Sep 2021 04:43:02 GMT"
Draw a line [Free] [Other],"Tue, 15 Jun 2021 22:57:13 GMT"
Totally Normal Corridor [Free] [Platformer] [Windows] [macOS] [Linux],"Tue, 30 Mar 2021 16:20:27 GMT"
Bishi and the Alien Slime Invasion [$1.00] [Platformer] [Windows],"Wed, 08 May 2019 19:33:22 GMT"
Ascending-and-descending-Numbers [Free] [Educational],"Thu, 27 Aug 2020 17:17:11 GMT"
Zero Point [Free] [Shooter],"Sun, 27 Dec 2020 20:31:47 GMT"
Operation Guardian of the Walls -Iron Dome [Free] [Action],"Sat, 29 May 2021 14:22:06 GMT"
Hidden Thumbs [Free] [Other] [Windows] [macOS] [Linux],"Thu, 21 Jan 2021 00:23:20 GMT"
Finding Jacob [Free] [Platformer] [Windows],"Wed, 08 Jul 2020 12:16:30 GMT"
Jeu halloween [Free] [Other],"Sat, 30 Oct 2021 21:43:59 GMT"
Homing Egg ALPHA [Free] [Action],"Fri, 30 Apr 2021 02:38:47 GMT"
Cubio [Free] [Platformer] [Windows] [macOS] [Linux],"Mon, 01 Mar 2021 13:54:10 GMT"
Caminho para o Duat [Free] [Educational],"Mon, 30 Nov 2020 17:35:41 GMT"
Dinosaur World (my first game :P) Beta 6 [Free] [Platformer],"Wed, 18 Aug 2021 09:44:19 GMT"
NightWare MiniJam78 [Free] [Other] [Windows] [macOS] [Linux],"Sun, 18 Apr 2021 19:49:20 GMT"
Bad Shooter Pixelated [Free] [Shooter],"Tue, 09 Nov 2021 19:27:02 GMT"
Space shooter2000 [Free] [Action] [Windows],"Sun, 17 Jan 2021 01:53:22 GMT"
Frogo's Bizarre Adventure [Free] [Platformer] [Windows] [Android],"Sat, 12 Jun 2021 19:31:21 GMT"
Ba-ba-BANG [Free] [Platformer],"Tue, 26 May 2020 18:43:20 GMT"
Monchi [Free] [Survival],"Sun, 29 Aug 2021 10:19:44 GMT"
Girl In The Town [Free] [Adventure],"Fri, 05 Feb 2021 20:58:31 GMT"
zzzinfinite runner to horizon- throwaway gdevelop code [Free] [Action],"Tue, 25 May 2021 23:54:25 GMT"
Live the Game (Survival) [Free] [Strategy],"Thu, 19 Nov 2020 22:27:38 GMT"
A boat to clean the Ocean [Free],"Wed, 10 Nov 2021 17:18:25 GMT"
Monster: Zero Hour [Free] [Action],"Sat, 25 Jul 2020 01:51:39 GMT"
Shapes Are Bad [Free] [Platformer] [Windows] [macOS] [Linux],"Sun, 28 Nov 2021 20:27:00 GMT"
They call Me Kobra Prototype [Free] [Platformer] [Windows],"Mon, 03 May 2021 08:42:11 GMT"
Color Wizard [Free] [Adventure],"Sun, 20 Jun 2021 21:30:49 GMT"
blockish [Free] [Windows] [macOS],"Sat, 06 Nov 2021 20:23:46 GMT"
Gravity Sweeper [Free] [Action],"Fri, 07 May 2021 18:13:34 GMT"
MAU! [Free] [Other],"Tue, 08 Dec 2020 17:20:49 GMT"
Square on Springs [Free] [Platformer] [Windows] [macOS] [Linux],"Tue, 23 Feb 2021 01:52:48 GMT"
Pong Rotate [Free] [Windows] [macOS],"Tue, 29 Dec 2020 10:01:47 GMT"
Cyan Crasher [Free] [Shooter],"Sat, 24 Jul 2021 00:28:51 GMT"
egg incubator [Free],"Fri, 14 May 2021 22:28:29 GMT"
baldie and rockie [Free] [Puzzle] [Windows] [Linux],"Sat, 13 Mar 2021 21:00:11 GMT"
[Extension] Keyboard mobile [Free],"Thu, 13 Jun 2019 02:24:08 GMT"
Switching There [Free] [Platformer],"Fri, 25 Sep 2020 12:17:30 GMT"
Down>Beat [Free] [Platformer],"Sun, 30 Aug 2020 16:00:24 GMT"
Blue Driver (DEMO) [Free] [Racing],"Mon, 31 Aug 2020 21:17:14 GMT"
Water and Fire [Free] [Other],"Tue, 11 May 2021 18:17:33 GMT"
Ball Platformer [Free] [Platformer] [Windows],"Fri, 22 Oct 2021 17:36:14 GMT"
turned based fighting(Example) [Free] [Fighting],"Sun, 26 Sep 2021 01:12:09 GMT"
Giso revenge [Free] [Shooter] [Windows],"Sun, 14 Mar 2021 14:12:02 GMT"
Square [Free] [Platformer],"Wed, 03 Jun 2020 15:51:53 GMT"
UFO CATCHER [Free] [Action] [Windows],"Sun, 17 Oct 2021 07:13:20 GMT"
GeometriCaos [Free] [Shooter],"Sat, 28 Aug 2021 07:33:39 GMT"
Galaxial Crack Shot [$1.50] [Shooter],"Thu, 27 May 2021 15:52:59 GMT"
Bluelet Ver 0.0.4c [Free] [Shooter] [Windows] [macOS] [Linux],"Sun, 05 Sep 2021 22:33:08 GMT"
Path Knight [Free] [Puzzle] [Windows],"Wed, 30 Jun 2021 00:32:17 GMT"
Fun Island [Free] [Platformer] [Windows],"Thu, 25 Nov 2021 18:31:58 GMT"
SpaceShip [Free] [Android],"Sat, 29 May 2021 12:37:45 GMT"
Pigment Academy [Free] [Adventure],"Tue, 22 Sep 2020 21:46:30 GMT"
Dream [Free] [Puzzle],"Mon, 15 Nov 2021 12:39:38 GMT"
FlyNyx [Free],"Wed, 13 May 2020 19:34:28 GMT"
THE Hat boy [Free] [Action] [Windows] [macOS] [Linux],"Wed, 16 Dec 2020 14:41:08 GMT"
Plastic Stream [Free] [Educational],"Sun, 08 Nov 2020 16:06:52 GMT"
A Foragers Life [Free] [Platformer] [Windows] [Android],"Mon, 08 Nov 2021 22:55:52 GMT"
zzzasteroids - throwaway gdevelop code [Free],"Wed, 26 May 2021 00:32:46 GMT"
"""GeoMetry Monster"" [Free] [Windows] [Android]","Mon, 07 Jun 2021 19:47:14 GMT"
An-Egg [Free] [Platformer] [Windows] [Linux],"Fri, 02 Jul 2021 00:35:41 GMT"
1BitAdventure [Free] [Platformer],"Wed, 21 Apr 2021 07:40:43 GMT"
Hologram Escaper (Beta) [Free] [Puzzle] [Windows],"Sat, 04 Dec 2021 14:03:51 GMT"
Magnet [Free] [Simulation],"Fri, 12 Jun 2020 11:26:39 GMT"
Golem Runner [Free] [Platformer] [Android],"Wed, 19 Aug 2020 03:14:14 GMT"
Revenge of the Invaders From Space! [Free] [Action] [Windows] [Linux],"Mon, 05 Aug 2019 16:54:04 GMT"
Mirror Castle [Free] [Puzzle],"Sun, 12 Sep 2021 10:29:12 GMT"
findit [Free] [Strategy],"Sun, 18 Jul 2021 15:38:35 GMT"
Deorsus [Free] [Platformer],"Tue, 27 Apr 2021 02:49:32 GMT"
Snap to Grid Demo [Free],"Fri, 14 May 2021 18:11:23 GMT"
Sqwared [Free] [Puzzle] [Windows],"Tue, 16 Feb 2021 11:43:26 GMT"
Ludwig's Peaceful Adventure [Free] [Interactive Fiction],"Thu, 09 Jul 2020 13:39:52 GMT"
Star Struck [Free] [Other],"Sun, 27 Jun 2021 11:57:08 GMT"
No More Boxes! [Free] [Action],"Sun, 16 May 2021 22:25:11 GMT"
BubblePhobia [Free] [Action],"Mon, 12 Jul 2021 00:48:43 GMT"
Summer Bubbles [Free] [Action] [Windows] [macOS] [Linux],"Fri, 20 Nov 2020 21:06:10 GMT"
Downhill Biking [Free] [Racing] [macOS] [Linux],"Tue, 22 Sep 2020 12:51:24 GMT"
uloolu's Towers of Hano√Ø [Free] [Puzzle],"Tue, 01 Sep 2020 08:30:10 GMT"
Fallin' Major Jam 4 Prototype [Free] [Windows],"Thu, 12 Aug 2021 09:10:04 GMT"
Voolkano [Free] [Platformer],"Thu, 17 Jun 2021 00:52:10 GMT"
BOMB  IT!  ALIEN-Y [Free] [Strategy],"Sat, 26 Dec 2020 13:15:58 GMT"
ITroubled [Free] [Action],"Mon, 03 Feb 2020 23:09:00 GMT"
ReadScape [Free] [Educational],"Fri, 06 Nov 2020 13:41:57 GMT"
Platformer Project [Free] [Platformer],"Fri, 04 Jun 2021 22:43:17 GMT"
Shape Monster [Free] [Other] [Windows] [macOS] [Linux] [Android],"Tue, 10 Aug 2021 04:45:11 GMT"
Turtle Leap Boy I [Free] [Platformer],"Mon, 21 Dec 2020 23:02:31 GMT"
RainBomb [$1.00] [Strategy] [Windows] [Android],"Thu, 24 Sep 2020 11:11:49 GMT"
BimBam [Free] [Action],"Thu, 13 May 2021 21:28:50 GMT"
Zombie bonk [Free] [macOS] [Linux] [Android],"Sun, 07 Nov 2021 18:34:27 GMT"
Bluks Online [Free] [Survival],"Sat, 17 Jul 2021 18:25:11 GMT"
Ice Cream Buddy [Free] [Platformer],"Tue, 14 Sep 2021 09:00:56 GMT"
Moonlander [Free] [Simulation],"Fri, 19 Feb 2021 08:29:39 GMT"
Cxu [Free] [Puzzle],"Tue, 13 Jul 2021 05:54:44 GMT"
Ducks'n'Bombs [Free] [Action],"Thu, 27 May 2021 15:29:51 GMT"
Jogo da Mem√≥ria - Biomas do Brasil [Free] [Educational] [Android],"Sun, 08 Aug 2021 13:14:23 GMT"
Toad's Day Off [Free] [Other],"Sun, 28 Nov 2021 01:31:42 GMT"
Thunder Bay U 2022 [Free] [Visual Novel],"Mon, 30 Aug 2021 14:47:47 GMT"
The eggs collector [Free] [Adventure],"Thu, 16 Apr 2020 07:56:08 GMT"
Quick Impulse Xpansion [Free] [Action],"Sun, 07 Nov 2021 18:38:05 GMT"
Quest-a-matics [Free] [Educational],"Mon, 10 May 2021 18:50:34 GMT"
Foxy Tales [Free] [Platformer],"Wed, 16 Sep 2020 00:48:19 GMT"
Left vs Right Tennis [Free] [Sports],"Wed, 27 Jan 2021 20:16:35 GMT"
Isles of heaven [Free] [Action],"Mon, 21 Sep 2020 17:47:00 GMT"
Dungeon Stomp [Free] [Platformer],"Wed, 10 Nov 2021 03:55:09 GMT"
Escape the Dungeon [Free] [Action],"Sun, 28 Mar 2021 23:03:16 GMT"
GET IT BEE [Free] [Other],"Fri, 16 Apr 2021 09:04:51 GMT"
Cosmorphosis [Free] [Action],"Thu, 30 Jul 2020 22:21:59 GMT"
kamehameha wave demo/example [Free] [Platformer],"Thu, 11 Nov 2021 20:17:02 GMT"
SkyFly [Free] [Other] [Android],"Wed, 09 Sep 2020 22:54:02 GMT"
Escape From Deep Trench [Free] [Action] [Windows] [Linux] [Android],"Thu, 26 Nov 2020 23:02:05 GMT"
(Pixel)Blood Arena [Free] [Fighting],"Wed, 19 Aug 2020 15:03:43 GMT"
The Pooping Bird [Free] [Action],"Sun, 05 Apr 2020 16:27:41 GMT"
Aplasta Gusanos [Free] [Other],"Wed, 28 Jul 2021 20:16:33 GMT"
Ball Battle [Free] [Other],"Sat, 01 May 2021 13:55:44 GMT"
Ice Scream Catch [Free] [Other],"Sun, 19 Sep 2021 14:49:42 GMT"
Surcraft [Free] [Survival],"Fri, 03 Sep 2021 20:24:33 GMT"
Dumpling R' Tough [Free] [Simulation],"Mon, 03 May 2021 02:20:48 GMT"
Dancing Marshmallow [Free] [Role Playing],"Sun, 01 Aug 2021 20:02:02 GMT"
Space Postman 2 [Free] [Survival] [Windows],"Thu, 26 Nov 2020 04:25:06 GMT"
Kobrun! [Free] [Platformer] [Windows],"Sat, 03 Apr 2021 13:29:34 GMT"
Who's Shooting? [Free] [Survival],"Tue, 18 Aug 2020 15:50:18 GMT"
Match'it [Free] [Puzzle],"Tue, 12 Jan 2021 19:14:33 GMT"
TELECim [Free] [Educational],"Mon, 28 Dec 2020 20:01:23 GMT"
Road Hero Speed Car Racing Cops [Free] [Racing],"Wed, 02 Dec 2020 16:39:18 GMT"
Loop Matrix [Free] [Role Playing],"Sat, 14 Nov 2020 08:47:08 GMT"
Darker Times (Demo) [Free] [Adventure] [Windows],"Thu, 19 Aug 2021 23:47:37 GMT"
Rage Quit [Free] [Platformer],"Fri, 09 Apr 2021 16:29:12 GMT"
LOOP [Free] [Puzzle],"Mon, 05 Oct 2020 22:33:11 GMT"
BumbleBee [Free] [Other],"Sun, 21 Feb 2021 10:20:40 GMT"
RIGID [Free] [Shooter],"Thu, 25 Feb 2021 08:42:25 GMT"
Space Scout [Free] [Other],"Thu, 04 Jun 2020 18:12:59 GMT"
Yolgezer [Free] [Educational] [Windows] [macOS],"Wed, 30 Dec 2020 21:28:23 GMT"
epilepsy warning [Free] [Adventure],"Thu, 24 Jun 2021 06:47:01 GMT"
Space duck [Free] [Platformer],"Sun, 04 Oct 2020 11:19:51 GMT"
The Western [Free] [Action] [Windows] [Linux] [Android],"Thu, 09 Dec 2021 11:13:51 GMT"
BOOC [Free] [Action],"Sun, 12 Jul 2020 17:37:56 GMT"
Color Pong [Free] [Sports],"Tue, 25 Aug 2020 03:38:04 GMT"
Vaskal Dungeons [Free] [Platformer],"Thu, 03 Oct 2019 14:22:48 GMT"
Dungons Vs. Orcs [Free] [Shooter],"Sat, 13 Mar 2021 15:00:11 GMT"
UP AND DOWN [Free] [Platformer],"Sat, 19 Sep 2020 11:04:33 GMT"
Road Hero Speed Car Racing Taxi [Free] [Racing],"Fri, 04 Dec 2020 22:43:17 GMT"
Pepe's epic adventure [Free] [Platformer],"Thu, 25 Nov 2021 16:00:13 GMT"
Computer vs Human Tennis [Free] [Sports],"Mon, 03 May 2021 15:34:57 GMT"
Road Hero Speed Car Racing Spy [Free] [Racing],"Sat, 05 Dec 2020 14:09:21 GMT"
Blokus like [Free] [Puzzle],"Tue, 09 Jun 2020 18:24:27 GMT"
Spedex [Free] [Rhythm],"Tue, 17 Nov 2020 03:31:47 GMT"
Remembrance [Free] [Other],"Mon, 14 Jun 2021 03:42:52 GMT"
Dog Food [Free] [Puzzle],"Tue, 20 Apr 2021 02:05:46 GMT"
Star parkour DEMO [Free] [Platformer] [Windows] [Linux],"Wed, 23 Jun 2021 07:17:55 GMT"
Zomba Bomba [Free] [Action],"Sun, 28 Feb 2021 10:08:05 GMT"
Snowflake Catcher [80% Off] [$0.20] [Platformer] [Windows] [macOS] [Linux] [Android],"Sat, 02 Oct 2021 11:42:34 GMT"
Fetch [Free] [Simulation],"Tue, 01 Sep 2020 13:45:24 GMT"
Drill Thrill [Free] [Action],"Sat, 26 Jun 2021 11:38:51 GMT"
Speedy Vegan - The Great Fruit Harvest [$3.00] [Platformer] [Windows] [macOS] [Linux],"Thu, 26 Mar 2020 10:27:43 GMT"
Road Hero Speed Car Racing Presidential Security [Free] [Racing],"Sat, 05 Dec 2020 11:38:37 GMT"
Trucky Ball (WIP) [Free] [Sports],"Tue, 08 Dec 2020 20:34:12 GMT"
Block Crush 1.0 [Free] [Adventure],"Fri, 03 Sep 2021 17:11:49 GMT"
Santa Stealth Game [Free] [Platformer],"Sat, 18 Dec 2021 10:39:12 GMT"
Magnetic [Free],"Fri, 19 Feb 2021 03:18:23 GMT"
Escaping Logi's Lair [Free] [Platformer],"Tue, 19 Oct 2021 21:40:31 GMT"
Wizards of Catastrophe [Free] [Puzzle],"Sun, 03 Jan 2021 12:10:44 GMT"
Nick's Adventure [¬£5.99] [Platformer] [Windows] [macOS] [Linux],"Wed, 30 Jun 2021 16:49:27 GMT"
Climatic Plastic [Free] [Educational],"Tue, 07 Dec 2021 06:04:56 GMT"
Looks can be deceiving / Les apparences sont trompeuses : Animal version ! [Free] [Other],"Thu, 26 Aug 2021 13:36:09 GMT"
Passport to Dangerpur: Rise of the Narasimha [Free] [Action],"Sat, 11 Dec 2021 02:52:40 GMT"
Shardlings Prototype [Free] [Platformer],"Sun, 11 Jul 2021 05:31:07 GMT"
Lights Out Testing Version [Free] [Adventure],"Thu, 11 Feb 2021 20:13:29 GMT"
Ninja Up [Free] [Platformer] [Windows],"Tue, 16 Jun 2020 04:48:09 GMT"
Deadly Tide [Free] [Platformer] [Windows] [macOS],"Mon, 16 Aug 2021 19:35:37 GMT"
Dionnicraft [Free] [Simulation] [Windows],"Sat, 10 Jul 2021 19:29:52 GMT"
Destructable Platformer Demo [Free] [Platformer],"Fri, 12 Nov 2021 18:06:11 GMT"
Super dude guy [Free] [Platformer],"Wed, 17 Mar 2021 19:27:56 GMT"
Ahri's Adventure [Free] [Adventure],"Thu, 12 Aug 2021 23:29:12 GMT"
Blackout [Free] [Puzzle],"Sat, 21 Nov 2020 04:26:41 GMT"
Stargazer [Free] [Adventure],"Fri, 31 Jul 2020 13:23:28 GMT"
Klondike Solitaire [Free] [Card Game],"Sat, 25 Sep 2021 16:44:44 GMT"
Shielding Sheave [Free] [Adventure] [Windows] [macOS] [Linux],"Mon, 05 Apr 2021 10:50:47 GMT"
A Brief History of Racing [Free] [Racing],"Mon, 01 Feb 2021 21:25:55 GMT"
Friday Night Funkin Remade UPDATE [Free] [Rhythm],"Mon, 06 Dec 2021 04:42:31 GMT"
Road Hero Speed Car Racing Army [Free] [Racing],"Thu, 03 Dec 2020 17:58:30 GMT"
Liquid Demo [Free],"Wed, 15 Sep 2021 18:44:50 GMT"
Find Fruit [Free],"Fri, 24 Jul 2020 15:14:42 GMT"
Jesse the Pug [Free] [Platformer],"Wed, 05 May 2021 13:10:07 GMT"
Fruit World [Free] [Platformer],"Fri, 27 Nov 2020 22:23:33 GMT"
Can't Stop The Pop (Prototype) [Free] [Puzzle],"Sun, 17 Nov 2019 22:22:23 GMT"
Zombie Grocery [Free] [Survival],"Wed, 01 Dec 2021 09:27:47 GMT"
Z/ZERO [Free] [Puzzle],"Tue, 28 Sep 2021 22:39:16 GMT"
Space Postman [Free] [Simulation],"Sun, 18 Oct 2020 10:08:57 GMT"
Soul Room(Canceled) [Free] [Platformer] [Windows] [macOS],"Sun, 21 Nov 2021 17:25:45 GMT"
Endless Runner [Free] [Platformer],"Mon, 29 Mar 2021 10:43:04 GMT"
Road Hero Speed Car Racing Theft [Free] [Racing],"Sat, 05 Dec 2020 14:15:34 GMT"
Risky Jump [Free] [Platformer] [Windows] [macOS] [Linux] [Android],"Tue, 28 Sep 2021 15:40:07 GMT"
8-Bit Shakespeare: Pucks Adventure [Free] [Shooter],"Wed, 29 Jul 2020 19:25:28 GMT"
The Maze [Free] [Other],"Sat, 13 Feb 2021 07:18:05 GMT"
Stupid Survival [Free] [Action] [Windows],"Sat, 11 Sep 2021 01:48:44 GMT"
Fog of War Demo [Free],"Tue, 07 Sep 2021 18:29:22 GMT"
Destroy the Earth [Free] [Adventure],"Sun, 04 Jul 2021 11:48:59 GMT"
SeedNinja [Free],"Tue, 28 Dec 2021 16:29:18 GMT"
Key world [Free] [Platformer],"Thu, 04 Jun 2020 20:24:03 GMT"
Snowman On Track [Free] [Shooter] [Windows] [macOS] [Linux],"Mon, 04 Oct 2021 00:54:05 GMT"
BOMB  IT!  ALIEN-G [Free] [Strategy],"Sat, 26 Dec 2020 13:14:36 GMT"
Clicky Loss [Free] [Action],"Sat, 14 Nov 2020 18:48:00 GMT"
Miriam Chiromante [Free] [Simulation],"Tue, 23 Nov 2021 11:27:06 GMT"
In Tents [Free] [Action],"Tue, 03 Aug 2021 15:38:53 GMT"
BoundUp [Free] [Puzzle] [Windows],"Sun, 15 Aug 2021 14:38:05 GMT"
Eggplant Collector [Free],"Sat, 12 Sep 2020 06:23:02 GMT"
RPG SURVIVAL [Free] [Action],"Mon, 25 Oct 2021 12:36:36 GMT"
The Bubble Trivia Game [Free] [Educational] [Windows] [Linux],"Sat, 18 Apr 2020 06:39:46 GMT"
dont click to button [Free] [Action] [Windows] [macOS] [Linux],"Tue, 12 Oct 2021 15:37:20 GMT"
Light Box [Free] [Survival],"Fri, 29 Jan 2021 12:35:11 GMT"
DB shooter [Free] [Shooter],"Mon, 01 Mar 2021 14:02:44 GMT"
Starfighter Pilot [Free] [Shooter],"Tue, 28 Jul 2020 15:36:32 GMT"
Rooftop Runner [Free] [Platformer],"Wed, 03 Mar 2021 02:33:41 GMT"
Tactical Movement Demo [Free],"Fri, 14 May 2021 15:53:01 GMT"
NINJA CATCH GOLD [Free] [Platformer],"Mon, 29 Jun 2020 03:43:48 GMT"
UCR-Demo (PRUEBA DE MEC√ÅNICAS B√ÅSICAS) [Free] [Platformer],"Fri, 25 Dec 2020 17:31:15 GMT"
Road Hero Speed Car Racing Fire Fighter [Free] [Racing],"Fri, 04 Dec 2020 19:31:21 GMT"
Jumping Fox [Free] [Platformer],"Fri, 18 Dec 2020 09:40:27 GMT"
Fallin' [Free] [Windows],"Fri, 20 Aug 2021 05:23:10 GMT"
Blubi BETA Test 1 [Free] [Adventure],"Fri, 21 May 2021 13:56:32 GMT"
Jumping Sam Sky [Free] [Platformer],"Sat, 19 Dec 2020 21:46:15 GMT"
N√©ast√©ria Fall [Free] [Other],"Fri, 30 Jul 2021 01:23:58 GMT"
ShootViruses [Free] [Shooter],"Sun, 03 Oct 2021 23:53:34 GMT"
Santa Slept In [Free] [Other],"Thu, 09 Dec 2021 04:35:41 GMT"
Notseriou's Beauf [Free],"Sun, 13 Jun 2021 08:46:13 GMT"
Dusty And Rusty's Compleat Time Waster! [Free] [Shooter],"Fri, 26 Mar 2021 17:52:54 GMT"
Jumping Pig 2 [Free] [Platformer],"Fri, 18 Dec 2020 18:29:50 GMT"
BOMB  IT!  ALIEN-O [Free] [Strategy],"Sat, 26 Dec 2020 13:15:12 GMT"
Stickman Space Shooter [Free] [Shooter],"Wed, 28 Jul 2021 01:20:18 GMT"
Jumping Bunny 2 [Free] [Platformer],"Fri, 18 Dec 2020 18:42:45 GMT"
INK BALL (alpha 1) [Free],"Sat, 07 Aug 2021 01:43:25 GMT"
AKnight (Demo) [Free] [Action],"Wed, 20 Oct 2021 09:31:02 GMT"
Road Hero Speed Car Racing Prison Transfer [Free] [Racing],"Sat, 05 Dec 2020 14:19:28 GMT"
Jumping Raccoon [Free] [Platformer],"Fri, 18 Dec 2020 09:58:29 GMT"
Road Hero Speed Car Racing Ambulance [Free] [Racing],"Fri, 04 Dec 2020 15:13:37 GMT"
Hello Void [Free] [Adventure] [Windows],"Sun, 07 Nov 2021 08:05:51 GMT"
Operation: Collect Trash [Free] [Other],"Sun, 14 Nov 2021 03:37:14 GMT"
AKM Space Shooter Game [Free] [Action] [Android],"Sun, 19 Dec 2021 14:20:21 GMT"
BOMBALIEN - U [Free] [Strategy],"Sun, 27 Dec 2020 16:06:49 GMT"
ZOMBGO [Free] [Shooter],"Fri, 27 Nov 2020 23:09:26 GMT"
TowerDefense(Ver1.1) [Free] [Strategy],"Sat, 04 Dec 2021 11:38:17 GMT"
Wooper [Free] [Action],"Mon, 15 Mar 2021 20:37:05 GMT"
Jumping Sam Forest [Free] [Platformer],"Sun, 13 Dec 2020 22:05:09 GMT"
AVOID [Free] [Rhythm],"Sat, 05 Jun 2021 08:37:54 GMT"
XO-5 [Free] [Other],"Wed, 19 Aug 2020 22:49:51 GMT"
BOMB  IT!  ALIEN-B [Free] [Strategy],"Sat, 26 Dec 2020 13:15:39 GMT"
Symbol Magic System(Experiment) [Free] [Shooter],"Fri, 15 Oct 2021 23:21:49 GMT"
Jumping Pig [Free] [Platformer],"Fri, 18 Dec 2020 09:55:30 GMT"
Turtle Leap Master II [Free] [Platformer],"Tue, 22 Dec 2020 09:49:21 GMT"
Road Hero Speed Car Racing Bank [Free] [Racing],"Sat, 05 Dec 2020 11:48:04 GMT"
Block Game [Free] [Platformer],"Mon, 19 Apr 2021 02:40:37 GMT"
Jumping Cat [Free] [Platformer],"Fri, 18 Dec 2020 09:56:46 GMT"
Marching Squares Terraforming Demo [Free],"Sat, 04 Dec 2021 19:43:09 GMT"
Turtle Leap Master I [Free] [Platformer],"Tue, 22 Dec 2020 09:21:27 GMT"
Turtle Leap Ninja I [Free] [Platformer],"Tue, 22 Dec 2020 09:19:39 GMT"
Flappyshit (test game) [Free] [Platformer],"Mon, 27 Dec 2021 11:27:38 GMT"
BOMB  IT!  ALIEN-R [Free] [Strategy],"Sat, 26 Dec 2020 13:13:53 GMT"
Space Vixen [Free],"Fri, 17 Dec 2021 12:15:20 GMT"
Jumping Bunny [Free] [Platformer],"Fri, 18 Dec 2020 09:22:00 GMT"
BOMBALIEN - T [Free] [Strategy],"Sun, 27 Dec 2020 16:13:56 GMT"
Turtle Leap Punk I [Free] [Platformer],"Tue, 22 Dec 2020 09:13:37 GMT"
Turtle Leap Viking I [Free] [Platformer],"Tue, 22 Dec 2020 09:17:02 GMT"
Platnium [Free] [Platformer] [Windows] [macOS],"Mon, 08 Nov 2021 21:42:15 GMT"
Jumping Sam Maze [Free] [Platformer],"Sat, 19 Dec 2020 21:39:36 GMT"
Turtle Leap Viking II [Free] [Platformer],"Tue, 22 Dec 2020 09:31:08 GMT"
BOMBALIEN - M [Free] [Strategy],"Sun, 27 Dec 2020 16:11:54 GMT"
Bully Bird remake [Free] [Action],"Sun, 07 Nov 2021 12:34:37 GMT"
Jumping Mouse [Free] [Platformer],"Fri, 18 Dec 2020 09:49:32 GMT"
Turtle Leap Ninja II [Free] [Platformer],"Tue, 22 Dec 2020 09:33:11 GMT"
Jumping Sam Marshland [Free] [Platformer],"Sat, 19 Dec 2020 21:36:28 GMT"
Project Omega [Free] [Shooter],"Sat, 26 Jun 2021 14:21:50 GMT"
Jumping Sam Dark [Free] [Platformer],"Sun, 13 Dec 2020 22:03:55 GMT"
Jumping Sam Snow [Free] [Platformer],"Sun, 13 Dec 2020 22:02:00 GMT"
Short Platformer [Free] [Platformer],"Sun, 04 Jul 2021 09:49:37 GMT"
Santa Crunch [Free] [Platformer] [Android],"Wed, 22 Dec 2021 15:13:16 GMT"
Jumping Koala 2 [Free] [Platformer],"Fri, 18 Dec 2020 18:45:26 GMT"
BOMBALIEN - S [Free] [Strategy],"Sun, 27 Dec 2020 16:03:38 GMT"
Jumping Sam Swamp [Free] [Platformer],"Sun, 13 Dec 2020 22:04:33 GMT"
Kocmoc Gopnik - Hard Bass in Space [Free] [Action],"Mon, 27 Dec 2021 07:44:59 GMT"
HOME v1 [Free] [Platformer],"Tue, 23 Nov 2021 16:15:56 GMT"
Poppai The Runner [Free] [Platformer],"Thu, 18 Nov 2021 15:19:35 GMT"
Jumping Sam Alien [Free] [Platformer],"Sun, 13 Dec 2020 22:02:34 GMT"
Turtle Leap Punk II [Free] [Platformer],"Tue, 22 Dec 2020 09:29:03 GMT"
Jumping Sam Desert [Free] [Platformer],"Sun, 13 Dec 2020 22:01:18 GMT"
BOMBALIEN - E [Free] [Strategy],"Sun, 27 Dec 2020 16:09:54 GMT"
Space Fighter [Free] [Fighting],"Tue, 30 Nov 2021 00:51:57 GMT"
Jumping Koala [Free] [Platformer],"Fri, 18 Dec 2020 09:34:54 GMT"
Jumping Dog [Free] [Platformer],"Fri, 18 Dec 2020 09:33:07 GMT"
Tiny Pixel Pets - Cats [Free] [Simulation],"Sun, 21 Nov 2021 18:57:55 GMT"
Avoid Version Soutien [$1.00] [Rhythm] [Android],"Sat, 05 Jun 2021 09:24:23 GMT"
space arena [Free] [Strategy],"Wed, 22 Dec 2021 16:44:35 GMT"
The Perpetual Itinerary [Free] [Platformer] [Android],"Mon, 01 Feb 2021 01:08:51 GMT"
Turtle Leap Boy II [Free] [Platformer],"Tue, 22 Dec 2020 09:23:18 GMT"
Colors Slash [Free] [Action] [Android],"Wed, 17 Mar 2021 20:54:08 GMT"
Blob's Adventurs Demo 1 [Free] [Platformer],"Mon, 14 Jun 2021 16:16:23 GMT"
Platformer [Free] [Adventure],"Mon, 29 Nov 2021 00:07:53 GMT"
Geometry Monster [Free] [Action],"Tue, 21 Dec 2021 22:14:18 GMT"
Jumping Sheep [Free] [Platformer],"Fri, 18 Dec 2020 09:59:58 GMT"
Banana Jiyu [Free] [Platformer],"Fri, 05 Mar 2021 00:11:42 GMT"
Geometry Orange Crewmate Hero [Free] [Platformer] [Windows] [Linux] [Android],"Fri, 09 Jul 2021 16:27:15 GMT"
PingThePong [Free] [Sports],"Sat, 18 Dec 2021 17:07:29 GMT"
Platforming Game [Free] [Other] [Windows] [macOS] [Linux],"Fri, 05 Nov 2021 03:43:32 GMT"
WTF Wars - Humans Vs Zombies - In development [Free] [Action],"Sat, 18 Sep 2021 00:29:13 GMT"
AlienRun [$2.00] [Platformer] [Windows] [macOS] [Linux] [Android],"Mon, 06 Apr 2020 18:40:49 GMT"
GDevelop - Farmalia - Farm & Build GDevelop 5 template [Free] [Strategy],"Tue, 03 Aug 2021 11:20:57 GMT"
//planetaSBVVR [Free] [Survival] [Windows],"Sun, 15 Nov 2020 17:32:14 GMT"
Among Us The Mini Task [Free] [Adventure] [Windows],"Tue, 22 Dec 2020 08:03:49 GMT"
GDevelop  - Racealia -  GDevelop 5 Template [Free] [Racing],"Thu, 22 Jul 2021 00:00:47 GMT"
Jewel Soul (Prototype 0.0.2) [Free] [Platformer],"Thu, 04 Mar 2021 17:50:11 GMT"
Jukade - minigames for two [Free] [Sports],"Tue, 12 Feb 2019 23:36:12 GMT"
tetris game [Free] [Strategy] [Windows] [macOS] [Linux],"Sat, 29 May 2021 19:39:43 GMT"
Jogo da Localiza√ß√£o [Free] [Educational] [Windows] [Linux] [Android],"Thu, 05 Aug 2021 02:33:39 GMT"
River Pixel Shooter Demo01 [Free] [Shooter] [Windows] [macOS] [Linux],"Mon, 31 May 2021 12:45:53 GMT"
Working Title Dedroid [Free] [Role Playing],"Thu, 29 Aug 2019 18:14:58 GMT"
spaceship of galaxy colorful edition [Free] [Action] [Windows] [macOS] [Linux],"Wed, 15 Sep 2021 15:14:23 GMT"
The Sims 4: Idle: Scratch Edition [Free] [Simulation],"Fri, 16 Apr 2021 00:21:31 GMT"
Mad Land Survival [Free] [Action],"Mon, 29 Jul 2019 02:28:18 GMT"
Space Fat: To the Core [$2.00] [Shooter] [Windows],"Fri, 29 May 2020 13:41:36 GMT"
Cookie Cracker [Free] [Other] [Android],"Sun, 31 Mar 2019 22:22:04 GMT"
Jump Up Top (Alpha) [Free] [Platformer] [Windows] [Android],"Sun, 20 Sep 2020 10:14:18 GMT"
Fall Blocks [Free] [Strategy],"Sun, 22 Nov 2020 17:15:34 GMT"
spaceship of Halloween DLC [$1.00] [Shooter] [Windows],"Fri, 29 Oct 2021 18:10:36 GMT"
DICE ROLL RPG [Free] [Role Playing] [Windows] [macOS] [Linux] [Android],"Sun, 04 Apr 2021 11:01:11 GMT"
SURVIVAL MODE [Free] [Shooter] [Windows] [Android],"Thu, 30 Jul 2020 02:15:50 GMT"
spaceship of galaxy colorful edition part 2 [Free] [Shooter] [Windows] [macOS] [Linux],"Wed, 13 Oct 2021 19:50:29 GMT"
GEOMETRY BEAR [Free] [Survival] [Android],"Wed, 21 Oct 2020 13:30:27 GMT"
MIRTH [Free] [Action] [Windows] [macOS] [Linux],"Sat, 02 Jan 2021 16:21:38 GMT"
Ninja Need Gold [Free] [Platformer] [Android],"Sat, 04 Jul 2020 14:06:04 GMT"
spaceship christmas beta [Free] [Shooter] [Windows] [macOS] [Linux],"Sun, 12 Dec 2021 18:46:30 GMT"
Nicolas Cage Tribute [$1.00] [Android],"Sun, 22 Aug 2021 07:24:47 GMT"
Minecraft 2D runner v.1.2.3 [Free] [Strategy] [Windows] [macOS] [Linux],"Thu, 30 Jul 2020 19:23:00 GMT"
Ploo [Free] [Other] [Windows] [Linux],"Wed, 21 Nov 2018 15:54:31 GMT"
JUMPOX [Free] [Platformer] [Windows] [macOS] [Linux],"Wed, 14 Oct 2020 15:23:23 GMT"
Sticks Prototype in GDevelop [Free] [Platformer],"Sat, 22 Feb 2020 11:19:11 GMT"
Trump v Xi Ultimate Smackdown [Free] [Fighting],"Sat, 07 Aug 2021 02:53:45 GMT"
Running Simulator (Obsana Demo Build) [Free] [Platformer],"Tue, 28 Apr 2020 02:05:55 GMT"
Dreamniverse [Free] [Platformer] [Windows],"Tue, 08 Jun 2021 19:37:08 GMT"
2DCubePlayer [Free] [Platformer] [Windows] [Linux] [Android],"Mon, 28 Dec 2020 23:34:10 GMT"
WeaponsCollector [Free] [Other] [Windows] [macOS] [Linux] [Android],"Wed, 03 Jun 2020 20:36:34 GMT"
ZHANDAUT [$12.00] [Action] [Android],"Thu, 03 Jun 2021 21:41:51 GMT"
Kente Space Shooter [$1.00] [Shooter] [Windows] [macOS] [Linux],"Wed, 23 Oct 2019 13:08:10 GMT"
A Day With Monster [Free] [Adventure] [Windows] [Linux] [Android],"Tue, 16 Feb 2021 07:40:40 GMT"
Rise to Monopolization [Free] [Other],"Thu, 15 Oct 2020 00:07:56 GMT"
FloppyFlinger [Free] [Other],"Sat, 28 Nov 2020 15:35:04 GMT"
Zombies on Mars [$1.00] [Survival],"Wed, 20 Jan 2021 15:11:11 GMT"
evil slime [Free] [Platformer] [Windows],"Mon, 22 Feb 2021 18:59:17 GMT"
Assassination of President Charles [Free] [Interactive Fiction],"Sun, 09 Aug 2020 16:07:03 GMT"
My Space Shooter [Free] [Shooter],"Sat, 17 Apr 2021 04:46:44 GMT"
Bounce The Ball! - Reaction Game [Free] [Other],"Mon, 27 May 2019 09:15:28 GMT"
Micro Mini Golf [Free] [Sports],"Mon, 24 Feb 2020 04:34:26 GMT"
Crazy Soccer [$1.00] [Sports] [Windows] [Linux],"Sun, 28 Jun 2020 09:00:40 GMT"
ABSTRACTspace (demo) [Free] [Puzzle],"Fri, 19 Feb 2021 22:34:01 GMT"
In a castle!? [Free] [Action] [Windows] [Linux],"Sat, 19 Dec 2020 12:17:26 GMT"
Love letters [Free] [Action],"Tue, 14 Feb 2017 09:41:35 GMT"
Friction (SCHOOL PROJECT) [Free] [Racing],"Sun, 16 Aug 2020 22:52:16 GMT"
Catch The Subs [Free] [Puzzle],"Tue, 24 Nov 2020 12:21:50 GMT"
Astuoni [Free] [Other] [Windows] [Android],"Tue, 06 Jul 2021 16:12:48 GMT"
Axe Throwing - A Gem Jam 2 Entry [Free] [Action],"Thu, 28 May 2020 06:41:32 GMT"
Joke Race Car [Free] [Racing] [Windows],"Thu, 18 Jun 2020 01:45:44 GMT"
Healthy Living [Free] [Platformer],"Fri, 28 May 2021 16:24:06 GMT"
CapitalShips_v1 [Free] [Shooter] [Windows],"Wed, 07 Oct 2020 18:00:42 GMT"
Jogo Mem√≥ria:  A √°gua e a terra [Free] [Educational] [Android],"Fri, 13 Aug 2021 19:57:37 GMT"
Bloody Dasher [Free] [Platformer],"Sat, 17 Oct 2020 12:52:35 GMT"
Arrows: Demon Archer [$3.00] [Shooter] [Windows],"Tue, 17 Nov 2020 20:50:15 GMT"
Retro Legends [Free] [Adventure],"Thu, 14 Oct 2021 03:28:29 GMT"
Arrows: Elf Archer [$3.00] [Shooter] [Windows],"Tue, 17 Nov 2020 20:59:09 GMT"
Arrows: Undead Archer [$3.00] [Shooter] [Windows],"Tue, 17 Nov 2020 20:56:13 GMT"
crusher and diego beta v2 [Free] [Platformer] [Windows] [Linux],"Sat, 11 Dec 2021 02:07:51 GMT"
Hard Bird [Free] [Puzzle] [Android],"Sat, 26 Sep 2020 05:50:56 GMT"
Pr√©sidentielle 2022 Android [$1.00] [Android],"Sat, 12 Jun 2021 08:56:25 GMT"
