CrossCode [$19.99] [Role Playing] [Windows] [macOS] [Linux],"Tue, 03 Mar 2015 09:24:45 GMT"
CrossCode: A New Home [$9.99] [Action] [Windows] [macOS] [Linux] [Android],"Wed, 09 Mar 2022 08:12:32 GMT"
Joggernauts [$14.99] [Platformer] [Windows] [macOS],"Tue, 04 Oct 2016 17:04:19 GMT"
Elliot Quest [$9.99] [Adventure] [Windows] [macOS],"Mon, 12 Jan 2015 21:54:31 GMT"
Switchboard Copper [Free] [Visual Novel] [Windows] [macOS] [Linux] [Android],"Sat, 29 Sep 2018 02:29:49 GMT"
Asteroid Wars [Free] [Strategy],"Thu, 06 Oct 2016 00:53:19 GMT"
Meteor impact simulation [Free] [Simulation],"Sat, 05 Jun 2021 00:14:28 GMT"
Contract Work [$4.99] [Action] [Windows] [macOS],"Tue, 29 Jan 2019 19:31:04 GMT"
SHADOW OPS [Free] [Puzzle],"Tue, 02 Jul 2019 04:40:07 GMT"
"SUPER MEGA METROPOLITAN KARATE KICKING SLIME KILLING X-TERMINATOR 40,000 [Free] [Platformer]","Sun, 10 Jun 2018 07:30:20 GMT"
Zelda 2.5d Tech Demo [Free] [Other],"Thu, 14 Oct 2021 03:35:35 GMT"
Choppa Man [Free] [Shooter],"Sun, 26 Jul 2020 18:45:53 GMT"
The water ghost - LD 33 [Free] [Action],"Sun, 23 Aug 2015 18:13:45 GMT"
Pizza Shooter - LD 31 [Free] [Shooter],"Sun, 29 Mar 2015 14:18:29 GMT"
Zombie Maniac X [Free] [Shooter],"Sun, 12 Jul 2020 16:54:05 GMT"
Falling Clyde [Free] [Platformer],"Tue, 21 Nov 2017 20:00:47 GMT"
parasite [Free],"Mon, 06 Nov 2017 00:25:17 GMT"
Haywire [Free] [Shooter],"Sun, 12 Jul 2020 14:49:03 GMT"
freefall —— drop game [Free] [Platformer] [Android],"Wed, 06 Nov 2019 23:27:08 GMT"
Marble Elements [Free] [Action],"Sat, 04 Jul 2015 01:37:50 GMT"
Professor Plum's Fruit Squash [Free] [Platformer],"Mon, 18 May 2020 20:52:43 GMT"
Lost at Sea [Free] [Action],"Tue, 19 May 2020 00:20:31 GMT"
Pats Pack [Free],"Mon, 13 Aug 2018 21:55:06 GMT"
CATCAT: VOLCANO-NINJA! [Free] [Platformer],"Wed, 17 Jan 2018 15:17:41 GMT"
[KorraKot-MJS]bro-kendo [Free],"Sat, 31 Aug 2019 14:46:30 GMT"
Germies! [Free] [Puzzle],"Tue, 15 Oct 2019 12:38:22 GMT"
"Crouching Farmer, Hidden Bacon [Free]","Mon, 10 Mar 2014 15:33:41 GMT"
Tower Defense Game Source Code [Free],"Wed, 25 May 2022 22:18:44 GMT"
BrowserQuest [Free],"Thu, 15 Jul 2021 17:26:29 GMT"
Gerstenberg Heroes [Free] [Shooter] [Windows] [macOS] [Linux],"Tue, 09 Oct 2018 22:36:44 GMT"
Adventures of kuroneko and shironeko [Free] [Adventure],"Sun, 30 Sep 2018 16:48:16 GMT"
Shootout [Free] [Shooter],"Wed, 17 Aug 2016 19:16:03 GMT"
Space Shooter [Free] [Shooter],"Fri, 25 Nov 2016 12:25:55 GMT"
Pong [Free] [Action],"Fri, 26 Feb 2021 18:36:15 GMT"
