Slice & Dice [$7.00] [Strategy] [Windows] [macOS] [Android],"Sat, 10 Oct 2020 18:09:03 GMT"
Mindustry [Free] [Strategy] [Windows] [macOS] [Linux] [Android],"Sun, 30 Apr 2017 21:40:43 GMT"
Unciv [Free] [Strategy] [Windows] [Linux],"Mon, 25 Nov 2019 11:14:41 GMT"
Forest's Secret [Free] [Adventure] [Windows] [macOS] [Linux],"Sun, 12 Aug 2018 12:44:06 GMT"
Feud [Free] [Strategy] [Windows] [macOS] [Linux] [Android],"Sat, 26 Jan 2019 23:18:38 GMT"
MewnBase [$9.99] [Simulation] [Windows] [macOS] [Linux],"Mon, 18 Jan 2016 02:48:24 GMT"
Mindustry Classic [Free] [Strategy] [Windows] [Linux] [Android],"Wed, 24 Jul 2019 00:26:01 GMT"
Age of Conquest IV [Free] [Strategy] [Windows] [macOS] [Linux],"Sun, 14 Feb 2016 16:51:23 GMT"
Hair Dash [Free] [Action] [Windows] [macOS] [Linux],"Thu, 16 May 2019 23:05:56 GMT"
Diskophoros [Free] [Fighting] [Windows],"Fri, 01 Nov 2019 21:54:19 GMT"
Wildermyth [$24.99] [Role Playing] [Windows] [macOS] [Linux],"Fri, 22 Feb 2019 19:02:12 GMT"
Pixurvival [Free] [Survival] [Windows] [macOS] [Linux],"Tue, 31 Dec 2019 17:45:01 GMT"
lurkers.io [Free] [Survival],"Sat, 02 Jun 2018 02:52:05 GMT"
King under the Mountain [$24.99] [Strategy] [Windows] [macOS] [Linux],"Thu, 16 Feb 2017 15:34:55 GMT"
Project Home [Free] [Shooter],"Sun, 25 Jun 2017 00:58:47 GMT"
Roto Force [Free] [Action] [Windows] [macOS] [Linux],"Mon, 10 Oct 2016 04:39:45 GMT"
Dungeon Mercenary [Free] [Role Playing] [Windows] [Linux],"Thu, 21 Jan 2016 14:32:10 GMT"
Duel [Free] [Action],"Mon, 24 Apr 2017 03:57:32 GMT"
Meganoid(2017) [$8.99] [Platformer] [Windows] [macOS] [Linux],"Tue, 07 Mar 2017 07:43:00 GMT"
Office Management 101 [$19.99] [Simulation] [Windows] [Linux],"Mon, 31 Oct 2016 18:22:50 GMT"
Intra-System: Trust Issues [$3.00] [Interactive Fiction] [Windows] [macOS] [Linux],"Wed, 26 Apr 2017 02:23:02 GMT"
Ashworld [$13.99] [Action] [Windows] [macOS] [Linux],"Sun, 21 May 2017 14:51:43 GMT"
Galaxy Garden (demo) [Free] [Shooter],"Wed, 27 Sep 2017 05:43:52 GMT"
Sir Questionnaire [$3.99] [Role Playing] [Windows] [macOS] [Linux],"Tue, 03 Apr 2018 07:45:18 GMT"
Aloisius [Free] [Strategy] [Windows] [macOS] [Linux],"Fri, 20 Apr 2018 19:39:45 GMT"
Inventorious [Free] [Puzzle],"Tue, 14 Aug 2018 07:40:46 GMT"
Heroes of Loot [$3.99] [Role Playing] [Windows] [macOS] [Linux],"Tue, 21 Jan 2014 22:10:41 GMT"
Space Grunts [$12.99] [Strategy] [Windows] [macOS] [Linux],"Tue, 19 Apr 2016 18:21:11 GMT"
Idle Island [Free] [Simulation] [Windows] [macOS] [Linux],"Fri, 10 Apr 2020 17:37:28 GMT"
When It Hits the Fan [$10.00] [Action] [Windows] [macOS] [Linux],"Fri, 08 May 2015 19:56:17 GMT"
SFD [$7.99] [Strategy] [Windows] [macOS] [Linux],"Tue, 29 May 2018 05:30:27 GMT"
Lovecraft Quest - A Comix Game [$2.99] [Adventure] [Windows] [macOS] [Linux],"Sat, 01 Sep 2018 14:48:15 GMT"
Necromarket [Free] [Simulation],"Tue, 30 Apr 2019 10:53:37 GMT"
Kakele MMORPG [Free] [Role Playing] [Windows] [macOS] [Linux] [Android],"Sat, 08 Feb 2020 23:07:07 GMT"
Groundskeeper 2 [$4.99] [Action] [Windows] [macOS] [Linux],"Wed, 11 Jul 2018 14:08:26 GMT"
Greedy Miners [Free] [Platformer] [Windows] [macOS] [Linux],"Mon, 18 Apr 2016 21:59:20 GMT"
Snake [Free] [Other] [Windows] [macOS] [Linux] [Android],"Wed, 10 May 2017 14:07:42 GMT"
Meow Sushi Night [Free] [Platformer],"Mon, 08 Jun 2015 00:15:01 GMT"
Gravity Box [Free] [Puzzle],"Sun, 02 Sep 2018 13:08:24 GMT"
Gunslugs [$3.99] [Action] [Windows] [macOS] [Linux],"Mon, 20 Apr 2015 13:31:06 GMT"
Rogue vs Evil [Free] [Role Playing] [Windows] [macOS] [Linux] [Android],"Wed, 21 Nov 2018 14:17:45 GMT"
Kingdom Cards [Free] [Role Playing],"Fri, 06 Mar 2020 17:17:59 GMT"
Pixel Wheels [Free] [Racing] [Windows] [macOS] [Linux] [Android],"Mon, 20 Jul 2020 17:41:56 GMT"
Gearend [$5.00] [Action] [Windows] [Linux],"Fri, 14 Jul 2017 11:13:42 GMT"
Ultra Type-R [$1.99] [Platformer] [Windows],"Mon, 15 Feb 2016 00:44:22 GMT"
Noir Syndrome [$4.99] [Adventure] [Windows] [macOS] [Linux] [Android],"Fri, 09 Aug 2019 21:18:01 GMT"
Retro Commander [Free] [Strategy] [Windows] [macOS] [Linux],"Fri, 28 Sep 2018 13:02:09 GMT"
MakerKing : Make your own levels! [Free] [Platformer] [Windows] [macOS] [Linux],"Sun, 18 Mar 2018 13:05:32 GMT"
Wobble [Free] [Platformer] [Windows] [macOS] [Linux],"Sun, 02 Jul 2017 21:38:13 GMT"
Demise of Nations [Free] [Strategy] [Windows] [macOS] [Linux],"Thu, 27 Jul 2017 14:24:25 GMT"
Perspectrum [$4.99] [Platformer] [Windows] [macOS] [Linux],"Wed, 20 Jun 2018 04:54:26 GMT"
Neoteria [$2.99] [Shooter] [Windows] [macOS] [Linux],"Tue, 03 Jul 2018 09:25:51 GMT"
Pocketman Teal [Free] [Role Playing] [Windows] [macOS] [Linux],"Sun, 18 Jun 2017 19:25:05 GMT"
Thug Racer! [Free] [Action],"Thu, 30 Jul 2015 02:46:38 GMT"
Super Fun Action Chess [Free] [Action] [Windows] [macOS] [Linux],"Sat, 21 Apr 2018 04:57:09 GMT"
Gunslugs 2 [$8.99] [Action] [Windows] [macOS] [Linux],"Tue, 19 Apr 2016 18:08:32 GMT"
Summoner's Handbook [Free] [Action],"Sat, 09 Mar 2019 01:53:11 GMT"
Tims Insane Meta Universe てぃむ [Free] [Simulation] [Windows] [macOS] [Linux],"Sun, 05 Jan 2020 16:39:45 GMT"
Zero Memory [$1.56] [Puzzle] [Windows] [macOS] [Linux],"Sat, 22 Nov 2014 20:48:39 GMT"
Almost a Tinkerer [Free] [Simulation] [Windows] [macOS] [Linux],"Wed, 01 Sep 2021 13:18:10 GMT"
Shape Tycoon [Free] [Windows] [macOS] [Linux],"Sun, 17 Apr 2016 05:41:38 GMT"
Space Trader [Free] [Simulation],"Tue, 05 Mar 2019 19:47:35 GMT"
Pizza Plane [Free] [Action],"Sun, 29 Dec 2019 00:48:47 GMT"
Heroes of Loot 2 [$9.99] [Role Playing] [Windows] [macOS] [Linux],"Tue, 19 Apr 2016 18:38:37 GMT"
Situation Normal: F*ked Up Beyond All Reconition [Free] [Action] [Windows] [Linux],"Wed, 02 Mar 2022 19:26:24 GMT"
Trahere [Free] [Windows] [macOS] [Linux],"Tue, 04 Dec 2018 01:23:12 GMT"
Caen [Free] [Puzzle] [Windows] [macOS] [Linux],"Sat, 10 Feb 2018 17:51:45 GMT"
Gunslugs 3:Rogue Tactics [$14.99] [Action] [Windows] [macOS] [Linux],"Fri, 13 Jul 2018 08:14:28 GMT"
Stardash [$2.99] [Platformer] [Windows] [macOS] [Linux],"Sat, 23 Jun 2018 20:00:38 GMT"
C:\raft [$9.99] [Role Playing] [Windows] [macOS] [Linux],"Thu, 31 Jul 2014 17:48:53 GMT"
Pirates Overboard [Free] [Action],"Mon, 03 Dec 2018 18:25:11 GMT"
Meganoid: Grandpa's Chronicles [$2.99] [Platformer] [Windows] [macOS] [Linux],"Thu, 05 Jul 2018 11:37:57 GMT"
Ancient Terror: Lovecraftian Strategy Board RPG [4.99€] [Strategy] [Windows],"Mon, 17 Feb 2020 08:46:59 GMT"
Solarstar [$2.00] [Other] [Windows] [macOS] [Linux],"Mon, 26 Jan 2015 23:27:05 GMT"
Summoning Pixel Dungeon [Free] [Role Playing] [Windows] [macOS] [Linux] [Android],"Thu, 31 Oct 2019 12:23:34 GMT"
Infinitris [Free] [Simulation] [Windows] [macOS] [Linux],"Thu, 12 Mar 2015 16:59:21 GMT"
Follower Battle [Free] [Role Playing] [macOS] [Android],"Wed, 12 Feb 2020 09:05:05 GMT"
Hadal Calm [Free] [Action] [Windows] [macOS] [Linux],"Fri, 03 Jul 2020 15:39:24 GMT"
Vita Magicae [Free] [Windows] [macOS] [Linux],"Mon, 13 Aug 2018 21:46:11 GMT"
RPS Tactics [Free] [Strategy] [Windows] [macOS] [Linux],"Mon, 10 Oct 2016 00:34:40 GMT"
Biosphere [Free] [Simulation] [Windows] [macOS] [Linux] [Android],"Sun, 27 Dec 2015 12:24:15 GMT"
GalaxSeed [$1.00] [Action] [Windows] [macOS] [Linux],"Sun, 12 Jun 2016 22:11:49 GMT"
Bread [Free] [Simulation] [Windows] [Linux],"Sat, 24 Sep 2022 16:15:21 GMT"
Smash It [Free] [Action] [Windows] [macOS] [Linux],"Tue, 20 Sep 2016 17:46:07 GMT"
Darker Than Space [Free] [Platformer] [Windows] [macOS] [Linux],"Sun, 17 Jan 2016 18:07:15 GMT"
Raindancer [$1.00] [Action] [Windows] [macOS],"Wed, 27 Nov 2019 01:48:31 GMT"
Mushroom Attack [Free] [Survival] [Windows] [macOS] [Linux],"Mon, 26 Sep 2022 10:37:38 GMT"
The Legend of Studentenfutter [Free] [Adventure] [Windows] [macOS] [Linux],"Sat, 28 May 2016 16:18:40 GMT"
Battle City Multiplayer [Free] [Action] [Windows] [Linux],"Thu, 01 Mar 2018 07:05:50 GMT"
Home Raider [Free] [Action] [Windows] [macOS] [Linux],"Fri, 01 Dec 2017 17:12:56 GMT"
The Hidden Saga [Free] [Visual Novel],"Sat, 27 Jun 2020 10:35:40 GMT"
Multiverse Racer [Free] [Racing] [Windows] [macOS] [Linux],"Sat, 26 Sep 2020 14:30:57 GMT"
Super Hamsterball Racers [Free] [Racing] [Windows] [Linux],"Mon, 21 Jun 2021 09:54:02 GMT"
The World Is Melon [Free] [Puzzle] [Windows] [Linux],"Sun, 29 Dec 2019 22:09:27 GMT"
"Who Are You, Mr. Cooper? [$3.99] [Adventure] [Windows] [Linux]","Tue, 24 May 2016 12:57:56 GMT"
Mission Massive Migration [$6.00] [Platformer] [Windows] [macOS] [Linux],"Thu, 14 Apr 2016 22:30:04 GMT"
Trattoria [Free] [Simulation] [Windows] [Linux],"Fri, 10 Aug 2018 20:23:53 GMT"
Permute [Free],"Sun, 04 Jun 2017 20:34:53 GMT"
Mulch [Free] [Other] [Android],"Wed, 18 May 2016 09:21:09 GMT"
Observatory [Free] [Simulation] [Windows] [macOS] [Linux],"Sat, 17 Jun 2017 04:07:27 GMT"
A Night Alone [Free] [Platformer] [Windows] [macOS] [Linux],"Tue, 14 Feb 2017 15:16:33 GMT"
Plasmo [Free] [Shooter] [Windows] [macOS] [Linux],"Tue, 26 Jul 2016 20:48:23 GMT"
One Click Man [Free] [Windows] [Linux],"Mon, 15 Aug 2016 00:41:03 GMT"
Amygdala [$9.99] [Platformer] [Windows] [macOS] [Linux],"Sat, 18 Oct 2014 06:22:19 GMT"
Membrum [Free] [Simulation] [Windows] [macOS] [Linux],"Tue, 25 Apr 2017 00:47:12 GMT"
Designa [Free] [Strategy] [Windows] [macOS] [Linux],"Sat, 17 Oct 2020 20:14:20 GMT"
Fish Off Sloth [Free] [Shooter],"Mon, 20 Jun 2022 13:51:43 GMT"
Santa and the giant cake [Free] [Platformer] [Windows] [macOS] [Linux],"Sun, 29 Dec 2019 19:55:27 GMT"
Fire and Ice [Free] [Puzzle] [Windows] [Linux],"Sun, 20 Sep 2020 13:20:48 GMT"
Lendigastel [Free] [Shooter] [Windows] [macOS] [Linux],"Sun, 27 Oct 2019 02:42:09 GMT"
Happy Orchard [Free] [Puzzle],"Mon, 30 Nov 2020 20:15:42 GMT"
Pixel Soldier (original jam version) [Free] [Action] [Windows] [macOS] [Linux],"Fri, 03 Dec 2021 10:28:21 GMT"
Thief's Quest [Free] [Adventure],"Thu, 19 Sep 2019 06:28:30 GMT"
Cutting Hedge [Free] [Simulation] [Windows] [macOS] [Linux],"Tue, 31 May 2016 15:20:39 GMT"
Idle Hex Realms [Free] [Strategy],"Sat, 13 Feb 2021 16:28:02 GMT"
scape [Free] [Platformer] [macOS] [Linux],"Thu, 17 Jan 2019 14:07:02 GMT"
Consumed [Free] [Visual Novel],"Thu, 29 Aug 2019 15:47:40 GMT"
Otherworld Excavation (DEMO) [Free] [Role Playing] [Windows] [Linux],"Fri, 29 Nov 2019 06:49:23 GMT"
9 Nations [Free] [Strategy] [Windows] [macOS] [Linux] [Android],"Mon, 20 Aug 2018 14:28:04 GMT"
DOS Trader [Free] [Simulation] [Windows] [macOS] [Linux],"Fri, 15 Mar 2019 18:52:39 GMT"
Gravity Fling! [Free] [Other] [Windows] [macOS] [Linux],"Sat, 25 Jul 2020 21:21:34 GMT"
Lobsterbotomy [Free] [Role Playing] [Windows] [macOS],"Tue, 13 Dec 2016 00:36:28 GMT"
Rival Powers: Cold War [$20.00] [Strategy] [Windows],"Thu, 12 Dec 2019 10:58:57 GMT"
On Guard [Free] [Action] [Windows] [Linux],"Sun, 21 Jun 2020 11:56:43 GMT"
Heck-O-Sphere [Free] [Action] [Windows],"Sun, 24 Sep 2017 19:38:20 GMT"
ThrustMe [$1.99] [Puzzle] [Windows],"Thu, 23 May 2019 10:44:15 GMT"
Rorty [Free] [Puzzle] [Windows] [macOS] [Linux],"Sun, 17 Jan 2016 21:13:43 GMT"
DIVE [Free] [Action] [Windows] [macOS] [Linux],"Fri, 19 Sep 2014 18:46:26 GMT"
Punching Queen [Free] [Fighting] [Windows] [macOS] [Linux] [Android],"Tue, 02 Oct 2018 13:05:30 GMT"
Logical System [Free] [Simulation] [Windows] [macOS] [Linux],"Wed, 07 Jul 2021 11:25:29 GMT"
Car Parking Hardcore [Free] [Simulation],"Sun, 21 May 2017 08:45:56 GMT"
MonSweeper (Game Jam Version) [Free] [Role Playing],"Fri, 09 Mar 2018 02:56:52 GMT"
Aldarix the Battlemage [Free] [Puzzle] [Windows] [macOS] [Linux] [Android],"Mon, 09 Oct 2017 20:14:28 GMT"
Crock [Free] [Puzzle] [Windows],"Sat, 21 Dec 2019 21:33:16 GMT"
Flaming Cold [Free] [Platformer] [Windows] [macOS] [Linux],"Mon, 21 Sep 2020 20:20:32 GMT"
Solar TD [Free] [Strategy] [Windows] [macOS] [Linux],"Thu, 07 Jan 2016 23:49:09 GMT"
Mavis Bacon Teaches Typing [Free] [Action] [Windows] [macOS] [Linux],"Fri, 31 Jul 2015 19:11:57 GMT"
libGDX vs Ray3k [Free] [Fighting] [Windows] [macOS] [Linux],"Sun, 28 Jun 2020 23:55:02 GMT"
Last Days on Mars (Ludum Dare 42) [Free] [Strategy],"Tue, 14 Aug 2018 21:23:37 GMT"
World Is Food - JamGame [Free] [Platformer] [Windows] [macOS] [Linux],"Sun, 29 Dec 2019 05:12:15 GMT"
99999 [Free] [Other],"Tue, 05 Mar 2019 09:09:12 GMT"
Multiplayer 3D Monster Maze [Free] [Action] [Windows],"Sat, 14 Mar 2020 12:46:21 GMT"
Cow Duck Fever [Free] [Platformer] [Windows],"Mon, 18 Apr 2016 01:58:05 GMT"
Volcano Tower [Free] [Action] [Windows],"Thu, 20 Dec 2018 18:33:28 GMT"
Square Worlds [Free] [Puzzle],"Sat, 18 Apr 2020 21:48:20 GMT"
TD-Clickers (Jam Game) [Free] [Action],"Sun, 28 Jun 2020 19:42:49 GMT"
Silium OS [Free] [Simulation],"Tue, 11 Jun 2019 03:41:29 GMT"
Dropical [Free] [Puzzle],"Sun, 20 Sep 2015 14:27:51 GMT"
QUACKTANGLED [Free] [Puzzle] [Windows] [macOS] [Linux],"Sun, 13 Jun 2021 13:40:17 GMT"
Survival Slime - JamGame [Free] [Survival] [Windows] [macOS] [Linux],"Sun, 01 Sep 2019 17:12:49 GMT"
Maxon Petting Simulator [Free] [Simulation] [Windows] [Linux],"Tue, 23 Aug 2022 18:56:23 GMT"
Feed the Hugry [Free] [Role Playing] [Windows] [macOS] [Linux],"Sun, 29 Dec 2019 06:25:12 GMT"
The Golden Sphere [Free] [Platformer] [Windows] [macOS] [Linux],"Tue, 19 Apr 2016 19:48:28 GMT"
Planetary Planter [Free] [Action] [Windows] [macOS] [Linux] [Android],"Mon, 18 Jan 2016 05:59:41 GMT"
Hostile [Free] [Strategy] [Windows] [macOS] [Linux],"Sat, 07 Mar 2020 05:33:35 GMT"
Unipop [Free] [Action],"Mon, 21 Jun 2021 21:25:24 GMT"
Ball Rancher's Quest - JamGame [Free] [Educational] [Windows],"Sat, 26 Jun 2021 19:30:22 GMT"
CC [Free] [Survival],"Mon, 31 Dec 2018 08:10:29 GMT"
Lazer Break [Free] [Platformer],"Sat, 07 Nov 2020 17:33:06 GMT"
Parallel Driver [Free] [Racing] [Windows] [macOS] [Linux],"Sun, 27 Sep 2020 21:27:19 GMT"
Hungry Space Cats [Free] [Simulation],"Sun, 29 Dec 2019 17:38:21 GMT"
Tracks 'n Towers [Free] [Strategy] [Windows] [macOS] [Linux],"Sun, 06 May 2018 19:59:17 GMT"
99 Clones [Free] [Platformer] [Windows] [macOS] [Linux] [Android],"Sun, 17 Jan 2016 15:00:14 GMT"
Barrel Roll [Free] [Survival] [Windows] [macOS] [Linux],"Tue, 18 Dec 2018 20:35:51 GMT"
Neon Lily [Free] [Action],"Mon, 28 Sep 2020 00:03:16 GMT"
Chasing Tails [Free] [Platformer],"Tue, 27 Apr 2021 02:20:04 GMT"
Panda x Zebra v Santa Claus [Free] [Fighting],"Sun, 29 Dec 2019 06:45:26 GMT"
Food Survival [Free] [Action] [Windows] [macOS] [Linux],"Sat, 28 Dec 2019 03:32:51 GMT"
Parole in One [Free] [Puzzle] [Windows] [macOS],"Mon, 22 Jun 2020 15:21:45 GMT"
Windoze ME [Free] [Simulation],"Sun, 02 Aug 2020 07:25:24 GMT"
Knock 'em Out [Free] [Action] [Windows] [macOS] [Linux],"Sat, 05 Aug 2017 19:52:56 GMT"
Geometry Waves [Free] [Shooter] [Windows] [macOS] [Linux],"Fri, 12 Aug 2016 17:25:11 GMT"
Slave Pits [Free] [Action] [Windows] [Linux] [Android],"Wed, 18 Nov 2020 13:15:46 GMT"
VTOL: Vertical Take-Off and Landing [Free] [Action] [Windows] [macOS] [Linux] [Android],"Sun, 29 Mar 2020 19:38:36 GMT"
Interstellar Scum [Free] [Strategy],"Mon, 24 Jun 2019 04:16:10 GMT"
Parallel Shift [Free] [Adventure],"Fri, 25 Sep 2020 22:33:56 GMT"
LD34: Ecosystem [Free] [Simulation] [Windows] [macOS] [Linux],"Sun, 13 Dec 2015 21:44:38 GMT"
SPACE JUNK [Free] [Action] [Windows] [macOS] [Linux],"Mon, 20 Sep 2021 02:20:57 GMT"
Dumb Town [Free] [Simulation] [Windows] [macOS] [Linux],"Tue, 05 Mar 2019 18:51:23 GMT"
hack_the_world [Free] [Action] [Windows] [macOS] [Linux],"Fri, 15 Sep 2017 17:57:36 GMT"
Color Course [Free] [Platformer] [Windows] [macOS] [Linux],"Sun, 02 Feb 2020 18:02:59 GMT"
The Visit [Free] [Visual Novel],"Fri, 18 Oct 2019 05:55:05 GMT"
My Little Roguelike [Free] [Role Playing] [Windows] [macOS] [Linux],"Sat, 22 Aug 2020 22:51:00 GMT"
Rafa the Fluff [Free] [Puzzle] [Windows] [macOS] [Linux],"Mon, 11 Apr 2016 03:55:17 GMT"
Dance with the Devil [Free] [Shooter] [Windows],"Sun, 10 Nov 2019 19:27:48 GMT"
Feudal Tactics [Free] [Strategy] [Windows] [macOS] [Linux] [Android],"Fri, 19 Aug 2022 14:28:59 GMT"
Spider Solitaire [Free],"Sun, 29 Oct 2017 06:58:07 GMT"
Data Agent [Free] [Adventure] [Windows],"Wed, 02 May 2018 16:30:39 GMT"
Underground Exterminator- JamGame [Free] [Shooter] [Windows] [macOS] [Linux],"Sun, 27 Mar 2022 22:42:33 GMT"
Suddenfell [$2.99] [Card Game] [Windows],"Sat, 19 Mar 2022 14:34:00 GMT"
INC: The beginning [$2.99] [Platformer] [Windows] [macOS] [Linux],"Sun, 01 Jul 2018 13:59:22 GMT"
Mike's Garden Simulator 2015 Platinum Edition [Free] [Other] [Windows] [macOS] [Linux],"Tue, 15 Dec 2015 17:02:10 GMT"
Hololive Ultimate: Apocrypha [Free] [Role Playing] [Windows] [macOS] [Linux],"Wed, 02 Mar 2022 16:40:20 GMT"
"LD33: Frankenstein's Monsters, Inc. [Free] [Strategy] [Windows] [macOS] [Linux]","Sun, 23 Aug 2015 20:02:12 GMT"
Za bochok [Free] [Shooter] [Windows] [macOS] [Linux],"Fri, 22 Apr 2016 17:31:26 GMT"
Daruino [Free] [Strategy] [Windows] [macOS] [Linux],"Fri, 01 Mar 2019 09:29:13 GMT"
DeckCity [Free] [Other],"Sat, 19 Feb 2022 17:41:23 GMT"
Hexxon [$2.99] [Puzzle] [Windows] [macOS] [Linux],"Mon, 23 Sep 2019 13:09:26 GMT"
Poor People Pizza Party [Free] [Simulation] [Windows] [Linux] [Android],"Thu, 07 May 2020 23:51:04 GMT"
Flippy Fish [Free] [Platformer] [Windows] [Linux] [Android],"Sun, 27 Sep 2020 20:53:29 GMT"
Tales of the Underground Kingdom [Free] [Adventure],"Sat, 26 Mar 2022 14:18:32 GMT"
Vampires suck! [Free] [Action],"Mon, 14 Dec 2015 16:54:25 GMT"
FoxNox [3.00€] [Platformer] [Windows] [macOS] [Linux],"Sat, 30 Oct 2021 22:00:30 GMT"
Bug Attack! [Free] [Strategy] [Windows] [macOS] [Linux],"Mon, 24 Apr 2017 00:15:31 GMT"
A Trip Through Wonderland - JamGame [Free] [Action] [Windows],"Sun, 28 Mar 2021 22:21:22 GMT"
The Chronos Principle [$2.99] [Puzzle] [Windows],"Mon, 07 Feb 2022 09:31:13 GMT"
VEV [Free] [Strategy] [Windows] [macOS] [Linux] [Android],"Wed, 14 Oct 2020 21:09:52 GMT"
Launch Codes [Free] [Platformer] [Windows] [macOS] [Linux],"Sat, 07 Mar 2020 03:44:32 GMT"
Mini Quests [Free] [Adventure] [Windows] [macOS] [Linux],"Wed, 29 Nov 2017 16:07:37 GMT"
Crazy Snake [Free] [Action],"Sat, 02 Dec 2017 23:09:23 GMT"
Sky Septima [Free] [Rhythm] [Windows] [macOS] [Linux] [Android],"Thu, 19 Sep 2019 06:08:37 GMT"
Logger Bill [Free] [Other] [Windows] [macOS] [Linux],"Tue, 14 Oct 2014 04:34:38 GMT"
Erron [Free] [Platformer] [Windows],"Wed, 09 Dec 2020 19:18:41 GMT"
Gladius: The Destroyer [Free] [Platformer] [Windows] [macOS] [Linux],"Tue, 30 Aug 2016 00:24:55 GMT"
Coin Coin ! [Free] [Action] [Windows] [macOS] [Linux],"Mon, 29 Apr 2019 22:13:30 GMT"
Ghostta Go! [Free] [Action],"Sun, 31 Oct 2021 23:00:16 GMT"
yaaMs - Create your dream museum. [Free] [Simulation] [Windows] [macOS] [Linux] [Android],"Thu, 19 Apr 2018 20:47:11 GMT"
Suspiciously Adverse Rollercoaster [Free] [Adventure] [Windows] [macOS] [Linux],"Mon, 28 Mar 2022 18:53:29 GMT"
Astro Hammer [Free] [Shooter] [Windows] [macOS],"Tue, 29 May 2018 18:56:38 GMT"
Asteroid Arcade [Free] [Shooter] [Windows] [macOS] [Android],"Sun, 26 May 2019 00:00:38 GMT"
Hell Hole: Escape [Free] [Platformer],"Fri, 19 Aug 2016 21:54:14 GMT"
Battery Low [Free] [Other] [Windows] [macOS] [Linux],"Sun, 30 Jul 2017 19:22:17 GMT"
Forbidden Fruit [Free] [Platformer],"Mon, 07 Oct 2019 21:35:19 GMT"
Four Ways Home [Free] [Platformer],"Sun, 11 Oct 2020 11:29:49 GMT"
El Cucuy [Free] [Adventure],"Sat, 05 Aug 2017 00:55:19 GMT"
Neon Trap Defense [Free] [Strategy] [Windows] [macOS] [Linux],"Sun, 28 Jun 2020 22:30:15 GMT"
Gravity Plane [Free] [Simulation],"Thu, 23 Sep 2021 18:01:03 GMT"
Room 51 [Free] [Adventure] [Windows] [macOS] [Linux],"Tue, 13 Dec 2016 20:42:07 GMT"
Neuropower [Free] [Windows] [macOS] [Linux],"Sun, 06 Aug 2017 15:15:03 GMT"
Mips [Free] [Platformer] [Windows] [macOS] [Linux] [Android],"Tue, 04 Feb 2020 00:26:23 GMT"
Portable Unit War [Free] [Shooter] [Windows] [macOS] [Linux],"Mon, 10 Oct 2016 04:59:36 GMT"
Condor [Free] [Action],"Tue, 08 Aug 2017 11:02:09 GMT"
Mars Base Sim [Free] [Simulation],"Thu, 14 Jan 2016 21:15:43 GMT"
Druid and His Circle of Animals [Free] [Other] [Windows] [Linux],"Sun, 22 Aug 2021 10:17:32 GMT"
Where-Wolf [Free] [Platformer] [Windows] [macOS] [Linux],"Sun, 23 Aug 2015 20:06:47 GMT"
Swaggy Nukes [Free] [Strategy] [Windows] [macOS] [Linux],"Sat, 28 Mar 2020 22:24:35 GMT"
Tower Pioneer - Towerneer [Free] [Strategy] [Windows] [Linux] [Android],"Sat, 14 Jan 2017 18:51:10 GMT"
FIRE-MUST-BURN [Free] [Simulation],"Sun, 19 Apr 2020 19:32:42 GMT"
IsoSpirits [Free] [Strategy] [Windows] [macOS] [Linux],"Thu, 27 Aug 2020 13:54:43 GMT"
Terminal Control [Free] [Simulation] [Windows] [macOS],"Thu, 06 Dec 2018 13:20:23 GMT"
grow or burn [Free] [Strategy] [Windows] [macOS] [Linux],"Mon, 14 Dec 2015 03:00:30 GMT"
Brain Dead : Crayon Puzzle [Free] [Puzzle],"Tue, 29 Mar 2016 11:53:18 GMT"
Hank Heads Home [Free] [Platformer] [Windows] [macOS] [Linux],"Sun, 22 Jan 2017 21:32:25 GMT"
Goblin Adventures: Pizza Hunting [Free] [Other] [Windows] [macOS] [Linux],"Sun, 22 Aug 2021 17:06:23 GMT"
Odrokon & Edreken [Free] [Platformer],"Thu, 24 Sep 2020 10:32:35 GMT"
No Do Overs [Free] [Platformer],"Sun, 27 Sep 2020 13:30:39 GMT"
Rotato [Free] [Puzzle],"Tue, 07 Jul 2020 09:29:23 GMT"
Fantastic and dangerous fishing Mr. Goose in the sea possessions of Sir Octopus [Free],"Mon, 23 Apr 2018 07:49:35 GMT"
KillThePlayer [Free] [Other],"Fri, 25 Oct 2019 08:48:42 GMT"
Sleight of Pizza [Free] [Other],"Fri, 25 Sep 2020 17:50:35 GMT"
Growing Alice [Free] [Action],"Sun, 28 Mar 2021 18:58:52 GMT"
Animal Match [Free] [Puzzle],"Tue, 09 Apr 2019 18:15:51 GMT"
Toggle Blocks [Free] [Puzzle],"Tue, 09 Apr 2019 17:22:27 GMT"
Dodge Asteroids [Free] [Action],"Sat, 16 Jun 2018 19:47:50 GMT"
WinterThunder [$10.00] [Strategy] [Windows],"Wed, 24 Aug 2022 17:37:04 GMT"
Cottage Crusher [Free] [Strategy] [Windows],"Fri, 28 May 2021 06:19:24 GMT"
Swag Zero Gravity Daddy Plus [Free] [Platformer],"Wed, 22 Sep 2021 21:57:49 GMT"
Crap Lockpicker demo [Free] [Simulation] [Windows] [macOS] [Linux],"Sat, 26 Mar 2022 02:23:46 GMT"
Zippy Zombie Zebras [Free] [Rhythm],"Thu, 22 Sep 2022 15:56:19 GMT"
Lumos Snake [Free] [Survival],"Wed, 28 Oct 2020 13:50:57 GMT"
1 Button [Free] [Action],"Sun, 04 Apr 2021 19:54:21 GMT"
Festive Rescue JamGame [Free] [Action],"Mon, 20 Dec 2021 09:38:57 GMT"
Kaiju Koin [Free] [Action],"Mon, 08 Jun 2020 04:23:46 GMT"
The Neville Prophecy: Pilgrimage of Fate [Free] [Shooter],"Mon, 23 May 2022 22:12:51 GMT"
Asteroid Bath [Free] [Action] [Windows] [macOS] [Linux],"Mon, 31 Jan 2022 04:55:03 GMT"
Trade Man: Out of Space [Free] [Strategy],"Mon, 13 Aug 2018 00:46:00 GMT"
PuzzleGame [Free] [Puzzle],"Fri, 08 Apr 2022 04:27:27 GMT"
Tri-Jectory - A Journey [Free] [Visual Novel] [Windows] [Linux],"Sat, 01 Jun 2019 19:31:21 GMT"
The Fourth Order of the Pentagonal Table [Free] [Puzzle] [Windows] [Linux],"Sun, 03 Apr 2016 20:41:38 GMT"
Illegal Enlightenment [Free] [Simulation],"Mon, 10 Aug 2020 03:13:48 GMT"
inFamous NES Demake [Free] [Action],"Fri, 12 Mar 2021 17:22:18 GMT"
Velda Defense [Free] [Strategy],"Sun, 05 Jan 2020 20:09:37 GMT"
The Last Fish [Free] [Simulation],"Wed, 14 Dec 2016 01:16:17 GMT"
ParallelConundrum [Free] [Puzzle],"Sun, 27 Sep 2020 14:53:23 GMT"
Apex Pigeon [Free] [Action],"Thu, 21 Feb 2019 17:14:35 GMT"
Press Space to Die [Free] [Platformer] [Windows] [macOS] [Linux],"Sat, 26 Sep 2020 07:17:25 GMT"
Funky Lincoln Saves The Day [Free] [Platformer] [Windows] [macOS] [Linux],"Sun, 11 May 2014 16:33:16 GMT"
Desert Stormfront [$4.99] [Strategy] [Windows] [macOS] [Linux],"Fri, 11 Sep 2020 14:12:32 GMT"
Frequent Flyer [Free] [Action],"Fri, 26 Aug 2016 09:12:56 GMT"
Lines [Free] [Puzzle],"Sun, 27 Sep 2015 08:04:10 GMT"
SUPER KEY BOY [Free] [Rhythm] [Windows] [macOS] [Linux],"Sat, 22 Sep 2018 11:15:57 GMT"
Gone Haywire [Free] [Card Game] [Windows] [macOS] [Linux],"Sun, 12 Jul 2020 15:26:09 GMT"
Earth Defense [Free] [Other],"Sat, 16 Jan 2016 04:29:45 GMT"
Destroy Blocks [Free] [Action],"Tue, 09 Apr 2019 16:42:59 GMT"
Naito Boy [Free] [Puzzle],"Fri, 09 Jun 2017 06:11:04 GMT"
Hunt or Harvest [Free] [Strategy] [Windows] [macOS] [Linux],"Thu, 10 Dec 2020 00:06:28 GMT"
Automaton Arena [Free] [Platformer] [Windows] [macOS],"Sun, 17 Feb 2019 06:15:55 GMT"
Goblin Adventures 2: The Missing Disc [Free] [Action],"Sun, 24 Oct 2021 17:06:16 GMT"
Hammerize - Zombie Defense [Free] [Action],"Sat, 14 Jan 2017 22:18:02 GMT"
Feudalkeen Death Commando [Free] [Action],"Sun, 28 Nov 2021 15:54:49 GMT"
SimStation [Free] [Simulation] [Windows] [macOS] [Linux] [Android],"Mon, 18 Jan 2016 11:50:05 GMT"
Tropical Stormfront [$3.99] [Strategy] [Windows] [macOS] [Linux],"Fri, 11 Sep 2020 13:57:45 GMT"
Microbe Munch [Free] [Action],"Sat, 08 Apr 2017 21:58:54 GMT"
Love is ... [Free] [Puzzle],"Fri, 22 Feb 2019 10:58:10 GMT"
But WHO Do I Care For? [Free] [Action],"Mon, 24 Aug 2020 08:39:50 GMT"
Mythic Origins [Free] [Role Playing] [Windows] [macOS] [Linux],"Mon, 06 Jun 2022 05:52:37 GMT"
Al.Me.Te.Ga [Free] [Puzzle],"Sat, 16 May 2020 13:39:23 GMT"
Greek Invoker [Free] [Puzzle],"Mon, 04 Nov 2019 09:59:21 GMT"
Droid [Free] [Shooter] [Android],"Tue, 18 Sep 2018 17:24:17 GMT"
Kanakan Stories Vol 1 [Free] [Role Playing] [Windows] [macOS] [Linux],"Wed, 28 Apr 2021 03:31:17 GMT"
Mythologia [Free] [Strategy],"Fri, 15 Nov 2019 00:54:00 GMT"
Upside Down Forager [Free] [Simulation],"Sun, 28 Apr 2019 15:18:41 GMT"
Wild West Farm Shooter [Free] [Shooter] [Windows] [macOS] [Linux],"Mon, 14 Dec 2015 19:46:03 GMT"
Twaddle Paddle [$9.99] [Action],"Sun, 09 Sep 2018 19:17:25 GMT"
Lost in Translation [Free] [Puzzle] [Windows] [macOS] [Linux],"Sun, 24 Apr 2022 13:02:39 GMT"
SQUATality [Free] [Action] [Windows] [macOS] [Linux],"Mon, 29 Aug 2016 12:13:52 GMT"
Shinobi_Tower_Defence [Free] [Action],"Mon, 29 Jun 2020 00:00:55 GMT"
Recyclo [Free] [Strategy] [Windows],"Sun, 02 Sep 2018 20:29:54 GMT"
RePair [Free] [Windows] [macOS],"Mon, 23 Mar 2020 20:38:32 GMT"
CrazyBlocks [Free] [Other] [Windows] [Linux] [Android],"Fri, 08 Apr 2022 12:22:17 GMT"
Asteroid Defense [Free] [Shooter] [Windows] [macOS] [Linux],"Thu, 30 Jul 2015 03:09:46 GMT"
Kingdoom - Retro RTS [Free] [Strategy],"Wed, 28 Oct 2020 14:13:10 GMT"
Homorium [Free] [Simulation] [Windows] [macOS] [Linux] [Android],"Sun, 17 Jan 2016 21:48:51 GMT"
Street Friends [Free] [Fighting] [Windows] [macOS] [Linux],"Sun, 02 Sep 2018 20:07:01 GMT"
Cosmonaut - Prototype [Free] [Adventure] [Windows] [macOS] [Linux],"Sun, 17 Jan 2016 17:23:52 GMT"
Tickle Twins [Free] [Platformer],"Sun, 27 Dec 2020 17:39:38 GMT"
Terminus. The secret of Proxima 4 Colony. [$2.00] [Action] [Windows] [macOS] [Linux] [Android],"Wed, 31 Aug 2022 23:44:27 GMT"
Emil the Star Feeder [Free] [Platformer] [Windows] [macOS] [Linux] [Android],"Sun, 17 Jan 2016 23:31:40 GMT"
Life in Space RPG [LibGDX Jam] [Free] [Role Playing] [Windows] [macOS] [Linux],"Sun, 17 Jan 2016 03:57:26 GMT"
Super Space Booster [Free] [Platformer] [Windows],"Mon, 18 Jan 2016 03:13:28 GMT"
Flappy Squirrel [Free] [Other] [Windows] [macOS] [Linux] [Android],"Wed, 26 Feb 2014 13:53:15 GMT"
The Lost Warden [Free] [Puzzle] [Windows] [Linux] [Android],"Sun, 02 Aug 2020 13:59:37 GMT"
Rat King Pixel Dungeon 2 [Free] [Role Playing] [Windows] [macOS] [Linux] [Android],"Sat, 29 May 2021 18:53:03 GMT"
Hyper Soccer [Free] [Sports] [Windows] [macOS] [Linux],"Wed, 10 Dec 2014 22:15:39 GMT"
Gravity 6.7408 [Free] [Platformer] [Windows] [macOS] [Linux],"Mon, 18 Jan 2016 02:46:08 GMT"
Monster Break Out [Free] [Platformer] [Windows] [macOS] [Linux],"Tue, 25 Aug 2015 00:44:13 GMT"
Space Broccoli [Free] [Strategy] [Windows] [macOS] [Linux],"Mon, 18 Jan 2016 11:52:24 GMT"
The Legend of Asamnir [Free] [Adventure] [Windows] [macOS] [Linux],"Sat, 19 Feb 2022 12:42:22 GMT"
YoBA [Free] [Simulation] [Windows] [macOS] [Linux],"Sat, 14 Nov 2015 09:44:50 GMT"
Space Courier [Free] [Action] [Windows] [macOS] [Linux],"Sat, 16 Jan 2016 23:09:46 GMT"
Chaos Dungeon [Free] [Card Game] [Android],"Sun, 20 Feb 2022 20:17:08 GMT"
Universe999999 [Free] [Other] [Windows],"Sun, 04 Mar 2018 17:36:50 GMT"
OSS: Ground Troop Command [$4.00] [Action] [Windows] [macOS] [Linux],"Fri, 28 Dec 2018 15:21:09 GMT"
Gaia Sky [Free] [Simulation] [Windows] [Linux],"Thu, 24 Mar 2022 12:24:51 GMT"
Gathering Sky [$4.99] [Adventure] [Windows] [macOS] [Linux],"Sun, 09 May 2021 19:38:52 GMT"
Floxels [Free] [Action] [Windows] [macOS] [Linux],"Thu, 31 Mar 2016 10:31:07 GMT"
Pressing [Free] [Role Playing] [Windows] [macOS] [Linux],"Sun, 14 Sep 2014 03:43:57 GMT"
7drl - EldritchRL [Free] [Adventure] [Windows] [macOS] [Linux],"Fri, 02 Mar 2018 21:33:43 GMT"
Through the Trans-Dimensional Window [Free] [Platformer] [Windows] [macOS] [Linux],"Sun, 24 Aug 2014 23:04:49 GMT"
MultiWorlds [Free] [Role Playing] [Windows] [macOS] [Linux],"Sun, 12 Jun 2022 21:12:43 GMT"
SSZB [Free] [Strategy] [Windows] [macOS] [Linux],"Sat, 14 Nov 2015 07:37:47 GMT"
12 is Strange [Free] [Puzzle] [Windows] [macOS] [Linux],"Sun, 25 Oct 2015 08:02:21 GMT"
Basketball-3D [Free] [Sports] [Windows],"Sun, 09 Aug 2020 18:55:54 GMT"
Shepherd's Tale [Free] [Role Playing] [Windows] [macOS] [Linux] [Android],"Tue, 26 Apr 2016 06:08:21 GMT"
Heroic Jumpers [Free] [Platformer] [Windows] [macOS] [Linux],"Sat, 18 May 2019 10:20:21 GMT"
Balloons [Free] [Action] [Windows] [macOS] [Linux] [Android],"Tue, 02 May 2017 11:33:01 GMT"
The Sounds Of Earth [Free] [Other] [Windows] [macOS] [Linux],"Mon, 18 Jan 2016 10:51:38 GMT"
Coco Wiggler 4 [Free] [Simulation] [Windows] [macOS] [Linux] [Android],"Mon, 15 May 2017 06:20:54 GMT"
Bagger [Free] [Simulation] [Windows] [macOS] [Linux],"Fri, 18 Jul 2014 04:30:43 GMT"
Jungle Monkey Run 2 : Banana Adventure [Free] [Adventure] [Android],"Tue, 03 Apr 2018 06:05:57 GMT"
DICED Pilot [$3.99] [Action] [Windows] [macOS] [Linux],"Mon, 05 Sep 2016 08:41:10 GMT"
SPAEC GAEM [Free] [Action] [Windows] [macOS] [Linux],"Sun, 17 Jan 2016 20:45:25 GMT"
Le Pendu [Free] [Other] [Windows] [macOS] [Linux] [Android],"Mon, 26 Jun 2017 12:43:30 GMT"
The Nostalgia Flap [Free] [Platformer] [Windows] [macOS] [Linux],"Mon, 13 Apr 2020 01:39:23 GMT"
Station Alpha [Free] [Simulation] [Windows] [macOS] [Linux],"Sun, 28 Jul 2019 16:09:05 GMT"
Quest Giver [Free] [Role Playing] [Windows] [macOS] [Linux],"Sun, 15 Dec 2019 21:06:04 GMT"
Macho Macho Gym [Free] [Action] [Windows] [macOS] [Linux],"Fri, 02 Jun 2017 18:05:49 GMT"
Conflict: Sol [Free] [Shooter] [Windows] [Android],"Sat, 26 Sep 2020 14:44:48 GMT"
Jamon! [Free] [Action] [Windows] [macOS] [Linux],"Sun, 04 Feb 2018 22:44:29 GMT"
FastMath [Free] [Puzzle],"Tue, 17 Feb 2015 00:05:14 GMT"
Beelendless [Free] [Racing],"Tue, 30 Nov 2021 19:31:54 GMT"
Unnamed Space Game [Free] [Other] [Windows] [macOS] [Linux],"Sun, 07 Apr 2019 15:00:59 GMT"
Community [Free] [Simulation] [Windows],"Sun, 24 Nov 2019 11:06:05 GMT"
A Spacey Thing -- A LibGDXJam game [Free] [Other] [Windows],"Sun, 17 Jan 2016 23:08:39 GMT"
Rubber Dunk [Free] [Other] [Windows] [Linux],"Tue, 28 May 2019 12:20:42 GMT"
Horse Plays [Free] [Adventure] [Windows] [macOS] [Linux] [Android],"Tue, 16 Feb 2021 02:28:51 GMT"
GhostShi [Free] [Platformer] [Windows] [macOS] [Linux],"Thu, 14 Apr 2016 21:46:13 GMT"
Scribble [Free] [Action] [Windows] [macOS] [Linux],"Fri, 17 Oct 2014 00:06:26 GMT"
Rocket Guardian [Free] [Platformer] [Android],"Sun, 09 Apr 2017 20:52:39 GMT"
Anno Bellum 239 [Free] [Action] [Windows] [macOS] [Linux],"Sun, 29 Mar 2020 18:00:30 GMT"
Ritualball [Free] [Sports],"Tue, 02 Feb 2016 16:18:40 GMT"
Rescue the City [Free] [Strategy] [Android],"Tue, 24 Mar 2020 09:14:47 GMT"
Lindwurm Cookie Royale [Free] [Action] [Windows] [macOS] [Linux],"Sun, 30 Apr 2017 11:45:33 GMT"
Bubble Story [Free] [Windows] [macOS] [Linux],"Sun, 11 Jul 2021 11:34:57 GMT"
Ultimate Pillow Fighters [Free] [Action] [Windows] [macOS] [Linux],"Fri, 26 Apr 2019 16:56:26 GMT"
Age of Garbage [Free] [Other] [Windows] [macOS] [Linux],"Mon, 29 Aug 2016 16:53:54 GMT"
Space Canoe [Free] [Action] [Windows] [macOS] [Linux] [Android],"Thu, 29 Dec 2016 17:32:20 GMT"
Combat Casino RPG - Roguelike Action! [Free] [Strategy],"Sat, 03 Apr 2021 01:51:14 GMT"
東方時空書 ~ Touhou Rune Legend [Free] [Educational] [Windows] [macOS] [Linux],"Fri, 17 Jul 2020 14:10:22 GMT"
The Grue [Free] [Action] [Windows] [macOS] [Linux] [Android],"Wed, 14 Oct 2020 19:42:25 GMT"
Split! [Free] [Other] [Windows] [macOS] [Linux],"Mon, 22 Feb 2021 02:57:54 GMT"
Roanoke [Free] [Simulation] [Windows] [macOS] [Linux],"Sat, 23 Jul 2016 17:35:25 GMT"
Infiltration [Free] [Action] [Windows] [macOS] [Linux],"Wed, 26 May 2021 10:09:22 GMT"
Anti-Grav Runner JamGame [Free] [Action],"Sun, 26 Sep 2021 17:13:33 GMT"
Press Space To Wave [Free] [Strategy] [Windows] [macOS] [Linux] [Android],"Mon, 06 Feb 2017 03:40:52 GMT"
How Do Aliens Escape [Free] [Adventure] [Windows] [macOS] [Linux] [Android],"Tue, 21 Apr 2020 20:09:36 GMT"
Amphibian [Free] [Windows] [macOS] [Linux],"Mon, 25 Aug 2014 01:49:37 GMT"
Necro Defense - JamGame [Free] [Survival] [Windows] [macOS] [Linux],"Sat, 27 Jun 2020 22:17:13 GMT"
Around [Free] [Windows] [macOS] [Linux],"Thu, 09 Mar 2017 23:04:45 GMT"
Cultivar [Free] [Puzzle] [Windows] [Linux],"Sun, 26 Jun 2022 12:36:45 GMT"
Graveyard Encounters - JamGame [Free] [Shooter] [Windows] [macOS] [Linux],"Sat, 26 Oct 2019 21:42:37 GMT"
Blackout Grid [Free] [Puzzle] [Windows] [macOS] [Linux] [Android],"Thu, 14 May 2015 05:02:33 GMT"
Breeze Wanderer [Free] [Puzzle],"Mon, 03 Dec 2018 21:19:15 GMT"
Alien Vehicle [Free] [Action] [Windows] [Android],"Tue, 27 Aug 2019 20:32:16 GMT"
Starun [Free] [Action] [Android],"Sun, 09 Apr 2017 19:26:17 GMT"
Unruly Polygons (Jam Game) [Free] [Action] [Windows] [macOS] [Linux],"Fri, 10 Jul 2020 19:28:15 GMT"
SpaceChaos [Free] [Shooter] [Windows] [macOS] [Linux],"Mon, 08 Apr 2019 15:48:31 GMT"
BugReport [Free] [Puzzle] [Windows] [macOS] [Linux],"Sat, 21 Jul 2018 16:27:21 GMT"
DarkCrawlers [Free] [Survival] [Windows] [macOS] [Linux],"Wed, 13 Mar 2019 14:21:04 GMT"
SPACE-NORTHERNERS REVENGE [Free] [Platformer] [Windows] [macOS] [Linux],"Sat, 16 Nov 2019 10:14:30 GMT"
Hotel Fatigue [Free] [Simulation] [Windows] [macOS] [Linux],"Sat, 15 Jun 2019 15:38:08 GMT"
SantaSlay [Free] [Shooter],"Sun, 06 Nov 2016 04:47:24 GMT"
Apricity [Free] [Platformer] [Windows] [macOS] [Linux],"Mon, 25 Apr 2016 13:08:37 GMT"
Dino-Verse Runner - JamGame [Free] [Platformer] [Windows] [macOS] [Linux],"Sun, 27 Sep 2020 23:08:09 GMT"
Magna Caves [Free] [Puzzle] [Windows] [macOS] [Linux],"Sun, 12 Jul 2020 23:58:17 GMT"
Tiny Planet Corp (Ludum Dare 38) [Free] [Other],"Mon, 24 Apr 2017 01:40:04 GMT"
Tchermobyl Killer 2000 v1 [Free] [Platformer] [Windows],"Fri, 27 May 2022 12:54:22 GMT"
Lambda [Free] [Adventure] [Windows] [macOS] [Linux],"Wed, 22 Jun 2022 22:44:58 GMT"
Computer Combat [Free] [Puzzle] [Windows],"Thu, 19 Aug 2021 19:22:44 GMT"
BallRotation [Free] [Puzzle] [Windows] [macOS] [Linux],"Sun, 20 Jun 2021 03:24:06 GMT"
A Fox's Escape [Free] [Platformer] [Windows] [macOS] [Linux],"Sun, 17 Apr 2016 21:35:20 GMT"
Paper Defense [Free] [Educational] [Windows] [macOS] [Linux],"Sat, 12 May 2018 19:29:41 GMT"
Killed In Action [Free] [Action] [Windows] [macOS] [Linux],"Tue, 19 Nov 2019 06:27:41 GMT"
SideFHax [Free] [Puzzle] [Windows] [macOS] [Linux] [Android],"Sun, 25 Apr 2021 17:14:27 GMT"
The Nemesis [Free] [Shooter],"Wed, 25 May 2016 00:49:25 GMT"
Liar's Dice by Hllink [Free] [Card Game] [Windows] [Linux] [Android],"Thu, 27 Jan 2022 12:33:38 GMT"
UpShoot [Free] [Action] [Windows] [macOS] [Linux] [Android],"Sun, 29 Jun 2014 04:03:19 GMT"
Commander's Log [Free] [Strategy] [Windows] [macOS] [Linux],"Tue, 25 Apr 2017 19:57:46 GMT"
Underground or Overground? [Free] [Educational],"Sat, 26 Mar 2022 08:39:21 GMT"
You will die. [Free] [Shooter] [Windows] [macOS] [Linux],"Sun, 17 Apr 2016 20:22:25 GMT"
Pillows in Space [Free] [Action],"Sun, 19 Apr 2015 14:25:58 GMT"
Crate Typist [Free] [Puzzle],"Mon, 13 Aug 2018 23:01:56 GMT"
Selfcrifice [Free] [Other] [Windows] [macOS] [Linux],"Fri, 21 Dec 2018 13:47:23 GMT"
The Anomaly [Free] [Other] [Windows],"Wed, 01 Dec 2021 17:15:17 GMT"
Larry's Escape [Free] [Shooter] [Windows] [Linux],"Tue, 12 May 2020 10:29:47 GMT"
Achluophobia [Free] [Platformer] [Windows] [macOS] [Linux],"Tue, 01 Aug 2017 01:38:43 GMT"
Extincti [Free] [Action] [Windows] [macOS] [Linux],"Mon, 31 Jul 2017 23:02:14 GMT"
Grow Chicken Grow! [Free] [Other],"Wed, 14 Apr 2021 10:31:41 GMT"
Fury Of Valhalla [Free] [Platformer] [Windows],"Mon, 08 Feb 2021 02:07:30 GMT"
Stone Age X/O: Inception [Free] [Puzzle] [Windows] [macOS] [Linux],"Tue, 24 Apr 2018 00:43:51 GMT"
The Perfect Angle [Free] [Puzzle] [Windows] [macOS] [Linux],"Sun, 04 Aug 2019 15:50:20 GMT"
Vizcachas in Wonderland [Free] [Other] [Windows],"Sat, 27 Mar 2021 22:17:27 GMT"
Ghost Invaders [Free] [Shooter] [Windows] [macOS] [Linux],"Sat, 29 Jan 2022 03:49:23 GMT"
Dungeon Crumble [Free] [Action] [Windows] [macOS] [Linux],"Sun, 03 Oct 2021 22:25:23 GMT"
Ninja Volley 2X [Free] [Sports],"Mon, 26 Jun 2017 01:17:30 GMT"
Snaked [Free] [Action],"Sun, 07 Sep 2014 08:27:48 GMT"
Penguin Run and Jump [Free] [Platformer] [Windows] [macOS] [Linux],"Wed, 16 Mar 2016 11:54:42 GMT"
Arena of Shaelo [Free] [Card Game] [Windows] [Linux],"Tue, 19 Feb 2019 07:11:36 GMT"
Burrowing Chase [Free] [Survival],"Sun, 27 Mar 2022 18:51:52 GMT"
24th Hour [Free] [Puzzle] [Windows] [macOS] [Linux],"Sat, 27 Oct 2018 23:17:44 GMT"
Cosmic Truths [Free] [Adventure],"Fri, 28 Aug 2020 21:15:36 GMT"
Solquence [$4.99] [Puzzle] [Windows],"Sun, 22 May 2022 17:53:01 GMT"
Space email 4000 [Free] [Simulation],"Mon, 31 Jul 2017 23:32:03 GMT"
One-button Maze [Free] [Puzzle] [Windows],"Sun, 04 Aug 2019 13:45:08 GMT"
Word Connect - My first android game [Free] [Puzzle] [Android],"Tue, 17 Mar 2020 20:17:35 GMT"
Astro Split [Free] [Strategy] [Windows] [macOS] [Linux] [Android],"Tue, 14 May 2019 19:51:20 GMT"
Neon Lily Mobile [Free] [Platformer] [Android],"Thu, 04 Mar 2021 15:49:54 GMT"
Super TransGalactian Hyper-Billiards 2014 [Free] [Simulation],"Mon, 08 Dec 2014 02:02:06 GMT"
Mind's Eye [Free] [Strategy] [Windows] [macOS] [Linux],"Mon, 24 Apr 2017 07:39:41 GMT"
GeneBox [Free] [Puzzle],"Tue, 19 May 2020 19:53:54 GMT"
Diamond Down Below [Free] [Platformer] [Windows] [Linux],"Sun, 23 Feb 2020 18:35:57 GMT"
Lago Tongue Attack [Free] [Action] [Windows] [macOS] [Linux],"Sat, 06 Feb 2021 03:33:34 GMT"
A Fox's Room [Free] [Puzzle] [Windows] [macOS] [Linux],"Sun, 11 Dec 2016 20:25:16 GMT"
XMAS Slumber Rumble - JamGame [Free] [Action],"Sun, 27 Dec 2020 23:22:21 GMT"
The Stanley Enigma [Free],"Mon, 15 May 2017 08:34:53 GMT"
Azzzleep [Free] [Puzzle] [Windows] [macOS] [Linux],"Sun, 27 Dec 2020 20:41:48 GMT"
Blocky Jam - Tap Tap Tap [Free] [Puzzle],"Wed, 13 Aug 2014 16:46:14 GMT"
Ninja Turdle [$5.00] [Platformer] [Windows] [macOS] [Linux],"Mon, 27 Apr 2020 00:44:43 GMT"
Spaceshooter [Free] [Action],"Mon, 11 Jun 2018 13:47:21 GMT"
Slacker [Free] [Strategy] [Windows],"Sat, 06 Jul 2019 18:36:01 GMT"
GLOBAL THERMONUCLEAR WAR [Free] [Visual Novel],"Mon, 23 Mar 2020 21:59:04 GMT"
Endless Burger [Free] [Action],"Mon, 18 Apr 2016 01:25:44 GMT"
Juno's Journey [$4.99] [Platformer] [Windows] [macOS] [Linux],"Sat, 13 Mar 2021 06:23:57 GMT"
Natural War [Free] [Adventure],"Sun, 09 Jun 2019 20:03:07 GMT"
Bakery Beats [Free] [Puzzle] [Windows] [macOS] [Linux],"Mon, 17 Dec 2018 13:23:10 GMT"
LowRez Adventures [Free] [Adventure] [Windows] [macOS] [Linux],"Sat, 17 Aug 2019 19:15:56 GMT"
Suzerain [$10.00] [Role Playing] [Windows] [Android],"Mon, 18 Apr 2022 23:34:47 GMT"
Snake Gold Miner [Free] [Puzzle],"Fri, 15 Dec 2017 12:44:19 GMT"
Iron Blood [Free] [Adventure] [Windows] [macOS] [Linux],"Thu, 22 Apr 2021 21:22:17 GMT"
Heat Waves [Free] [Action] [Windows] [macOS] [Linux],"Sat, 25 Jun 2022 07:00:31 GMT"
Happy Math [Free] [Puzzle] [Android],"Sun, 01 Mar 2020 14:14:03 GMT"
Prismatoids [Free] [Puzzle] [Windows] [macOS] [Linux] [Android],"Sun, 05 Jul 2015 22:08:33 GMT"
Picksign [Free] [Other] [Windows] [macOS] [Linux] [Android],"Tue, 07 Oct 2014 11:41:53 GMT"
Manual Override - JamGame [Free] [Action] [Windows] [macOS] [Linux],"Sun, 29 Mar 2020 04:57:52 GMT"
The Assassin [Free] [Role Playing],"Sun, 03 Sep 2017 19:52:07 GMT"
Leabound [Free] [Puzzle],"Fri, 29 Nov 2019 23:11:55 GMT"
Killing Time [Free] [Shooter] [Windows] [macOS] [Linux],"Sun, 11 Jul 2021 20:19:10 GMT"
Feed cats [Free] [Windows],"Sun, 12 Aug 2018 19:38:32 GMT"
Land the rocket [Free] [Action],"Thu, 13 May 2021 18:02:06 GMT"
Wodka Simulator [Free] [Simulation],"Sun, 26 Oct 2014 01:44:49 GMT"
GigaGal [Free] [Platformer] [Windows] [Linux] [Android],"Mon, 07 Jun 2021 08:59:33 GMT"
Unidentifiable flyin' object 2: the Game [Free] [Platformer] [Windows] [macOS] [Linux],"Mon, 26 Aug 2019 03:03:10 GMT"
Wall Defender [Free] [Action],"Mon, 18 Apr 2016 00:31:01 GMT"
Spectrum Lost [Free] [Puzzle] [Windows] [Linux],"Fri, 17 Apr 2020 17:47:35 GMT"
Backseat Gamer [Free] [Simulation],"Sun, 12 Jul 2020 18:52:10 GMT"
Mortal World [Free] [Strategy] [Windows],"Tue, 17 Nov 2020 16:08:51 GMT"
Thousand Strike Revenge [Free] [Interactive Fiction],"Fri, 21 Aug 2020 20:47:40 GMT"
Relativitization [Free] [Strategy] [Windows] [macOS] [Linux] [Android],"Fri, 04 Feb 2022 10:25:40 GMT"
Moonshot [Free] [Platformer] [Windows] [macOS] [Linux] [Android],"Mon, 30 Nov 2020 18:08:36 GMT"
Hackatron [Free] [Adventure] [Windows],"Sun, 29 Mar 2020 13:37:16 GMT"
Ludum Dare 36 - Ancient Weapon [Free] [Shooter] [Windows] [macOS] [Linux],"Mon, 29 Aug 2016 00:52:08 GMT"
Hypnoteyes [Free] [Action],"Fri, 26 Jun 2020 22:09:51 GMT"
Ball Impact [Free] [Other],"Fri, 01 Aug 2014 04:58:04 GMT"
asec-p. [Free] [Platformer] [Windows],"Sun, 30 Jan 2022 23:34:38 GMT"
Moon Dash [Free] [Platformer] [Windows] [Linux],"Mon, 24 Apr 2017 03:00:24 GMT"
Towers and Heroes (Demo) [Free] [Strategy] [Windows],"Mon, 17 Sep 2018 05:41:29 GMT"
Power Jump [Free] [Platformer] [Windows] [macOS] [Linux] [Android],"Thu, 27 Jun 2019 01:57:31 GMT"
Transmission [Free],"Sun, 28 Jan 2018 09:41:17 GMT"
Adventure Game [Free] [Role Playing],"Sat, 03 Nov 2018 19:54:37 GMT"
Connect the Dots [Free] [Puzzle],"Mon, 03 Jun 2019 06:58:07 GMT"
VacGold [Free] [Other] [Android],"Tue, 04 Aug 2020 21:57:57 GMT"
Falling James [Free] [Other] [Windows] [macOS] [Linux],"Tue, 10 May 2022 08:04:27 GMT"
Singularity Escape [Free] [Simulation],"Sat, 16 Jan 2016 06:46:26 GMT"
Jumpy Ninja [Free] [Platformer],"Fri, 05 Feb 2021 15:21:30 GMT"
Wake Up [Free] [Visual Novel],"Sun, 27 Dec 2020 10:43:56 GMT"
MagnetSweep [Free] [Action],"Fri, 07 Nov 2014 01:44:12 GMT"
WorldMarbles [Free] [Windows] [macOS] [Linux],"Sun, 23 Apr 2017 16:55:18 GMT"
Death Is The Key (Jam Game) [Free] [Puzzle],"Sun, 05 Jul 2020 07:15:27 GMT"
Steal the Loot [Free] [Puzzle],"Sat, 25 Jan 2014 11:04:04 GMT"
Omega Coin [Free] [Action] [Windows] [macOS] [Linux],"Sat, 17 Apr 2021 21:23:36 GMT"
Insect’s Life Quest [Free] [Puzzle],"Sun, 08 Oct 2017 14:14:09 GMT"
W.Y.F [Free] [Other],"Tue, 06 Oct 2020 11:41:51 GMT"
Magic Rings [Free] [Puzzle] [Android],"Fri, 02 Nov 2018 15:09:00 GMT"
chmbr [Free] [Puzzle],"Tue, 31 Jan 2017 05:54:19 GMT"
Indoor Panel [Free] [Puzzle],"Sun, 23 Jan 2022 19:45:02 GMT"
Bug Arena [Free] [Shooter] [Windows] [Linux],"Mon, 29 Nov 2021 13:44:27 GMT"
Wood Games 3D [Free] [Sports] [Android],"Mon, 13 Jul 2020 23:06:11 GMT"
Panda and Friends [Free] [Platformer],"Fri, 20 Apr 2018 17:20:23 GMT"
Shatter [Free] [Strategy] [Windows] [macOS] [Linux],"Mon, 25 May 2020 14:33:10 GMT"
The Waiting Room [Free] [Simulation],"Mon, 15 Apr 2019 02:12:40 GMT"
Gone Out West [Free] [Action] [Windows],"Tue, 05 Apr 2022 14:08:27 GMT"
Blinkcess [Free] [Survival],"Fri, 21 Dec 2018 15:30:26 GMT"
Loot Run [Lite] [Free] [Role Playing],"Sun, 31 Dec 2017 05:05:04 GMT"
Nothing Wars [Free] [Strategy] [Windows] [macOS] [Linux],"Sun, 06 Oct 2019 17:43:46 GMT"
Animal Labyrinth [Free] [Adventure],"Tue, 25 Feb 2020 15:20:13 GMT"
Feldspar [Free] [Puzzle],"Thu, 11 Jun 2020 23:41:52 GMT"
Syrene [Free] [Platformer],"Tue, 11 Aug 2020 17:38:14 GMT"
Followers League [Free] [Sports],"Sat, 13 Jun 2020 17:15:39 GMT"
SupAnimalZ Dash [Free],"Wed, 11 Dec 2019 01:13:17 GMT"
回 HUI [Free] [Puzzle] [Windows],"Sat, 14 Aug 2021 02:28:27 GMT"
Light and Dark Run [Free] [Platformer],"Mon, 24 Aug 2020 03:00:57 GMT"
Paradigmas Simulator [Free] [Platformer],"Tue, 31 Aug 2021 19:54:43 GMT"
aeonbot [Free] [Platformer],"Sat, 16 Apr 2016 10:52:14 GMT"
Lava Rush! [Free] [Action],"Wed, 26 Nov 2014 08:31:00 GMT"
Sky City Command - JamGame [Free] [Shooter] [Windows] [macOS] [Linux],"Sun, 26 Jun 2022 22:26:50 GMT"
PawPuzzles [Free] [Puzzle],"Mon, 09 Mar 2020 20:51:35 GMT"
Adonis [Free] [Action],"Fri, 29 Jan 2021 20:01:16 GMT"
BugIndustry [Free] [Windows],"Tue, 30 Nov 2021 17:16:23 GMT"
Murder Zone II [Free] [Other],"Sun, 03 May 2020 17:52:09 GMT"
Astra Prime [Free] [Puzzle],"Wed, 03 Jul 2019 03:38:45 GMT"
Pong Simple [Free] [Other],"Mon, 13 Oct 2014 21:27:09 GMT"
Balanced Diet [Free] [Other] [Windows] [macOS] [Linux] [Android],"Sun, 16 Apr 2017 21:17:29 GMT"
Slimy Machines [Free] [Simulation],"Sun, 12 Dec 2021 12:22:46 GMT"
Jiggen [Free] [Puzzle],"Sat, 13 Jul 2019 11:16:10 GMT"
Mathematiles [Free] [Puzzle],"Mon, 26 May 2014 21:17:03 GMT"
Unwinged Platzzle [Free] [Puzzle],"Sun, 22 Apr 2018 14:19:13 GMT"
pointdef [Free] [Puzzle],"Thu, 21 Jul 2016 14:34:45 GMT"
All By Yourself [Free],"Mon, 04 Dec 2017 22:20:18 GMT"
Dreamify [Free] [Shooter],"Sun, 27 Dec 2020 16:30:21 GMT"
Bibl.io [Free] [Simulation],"Thu, 19 Aug 2021 02:28:29 GMT"
Sinking City Saviour [Free] [Action],"Mon, 20 Jun 2022 16:29:21 GMT"
Everything is CONEcted [Free] [Platformer],"Sun, 24 Aug 2014 16:49:26 GMT"
sprout [Free] [Other],"Mon, 14 Dec 2015 02:06:18 GMT"
Age of Chips: The Prototype [Free] [Puzzle],"Mon, 02 Dec 2019 21:38:25 GMT"
RPBee [Free] [Adventure],"Thu, 13 Aug 2020 19:24:46 GMT"
Quest of Vidhuraa [$3.99] [Platformer] [Windows],"Sat, 05 May 2018 05:44:39 GMT"
Recover [Free] [Puzzle],"Tue, 11 Aug 2020 18:07:46 GMT"
Prince of Full Moon [Free] [Platformer],"Thu, 02 Sep 2021 22:17:12 GMT"
Pandemic 101 [Free],"Fri, 14 Aug 2020 22:59:32 GMT"
Kordan Jirby [Free] [Adventure] [Windows] [Android],"Sat, 08 Apr 2017 03:50:46 GMT"
Get Into Space [Free],"Sat, 21 Nov 2020 12:37:27 GMT"
Bean Jump [Free] [Action],"Sat, 12 Aug 2017 20:51:54 GMT"
Magic Shake [Free] [Puzzle],"Mon, 14 Sep 2020 03:27:39 GMT"
Frozen lines [Free] [Puzzle],"Sat, 27 May 2017 21:10:28 GMT"
Packing for Ubigratan [Free] [Puzzle],"Sun, 03 May 2020 16:18:18 GMT"
Puzzled Knight (Browser Version) [Free] [Puzzle],"Wed, 13 Nov 2019 20:44:58 GMT"
Pollen [Free],"Thu, 19 Mar 2020 20:05:18 GMT"
Ci.Mo.Gro.Ma [Free] [Puzzle],"Tue, 26 Nov 2019 15:39:18 GMT"
MonsterParty [Free] [Puzzle],"Sun, 23 Aug 2015 21:58:52 GMT"
Shipania [Free] [Action] [Windows] [macOS] [Linux],"Sun, 26 Sep 2021 20:41:08 GMT"
Shape Shooter [Free] [Shooter],"Sat, 27 Jul 2019 08:33:14 GMT"
Bob's Quest [Free] [Platformer],"Sun, 21 Jan 2018 18:14:31 GMT"
Constrained [Free] [Shooter],"Tue, 25 Aug 2015 06:31:07 GMT"
The Depths of Uvanbar [Free] [Strategy],"Thu, 20 Aug 2020 07:45:02 GMT"
SANITY - Os Cunha Game [Free],"Wed, 18 Aug 2021 01:41:29 GMT"
Food Drop [Free] [Other] [Android],"Sat, 30 Nov 2019 10:57:43 GMT"
Tramposillu [Free] [Other] [Android],"Tue, 01 Jun 2021 20:35:41 GMT"
Undercore - The Tale of Hardсore [Free] [Action],"Mon, 07 Aug 2017 23:37:37 GMT"
AlienCoalShooter [Free] [Shooter],"Tue, 18 Apr 2017 15:53:31 GMT"
A Key Sacrifice [Free] [Action],"Sun, 02 Dec 2018 23:39:10 GMT"
Loteria [Free] [Puzzle],"Tue, 05 Jan 2021 23:38:39 GMT"
Agility Rush [Free] [Platformer],"Fri, 12 Feb 2021 02:58:39 GMT"
Mind's Eye Dev [Free] [Strategy],"Wed, 26 Apr 2017 04:46:36 GMT"
Zeltoas [Free] [Strategy],"Mon, 12 Jul 2021 09:27:06 GMT"
Crossfade [Free] [Puzzle],"Sat, 12 Feb 2022 00:14:56 GMT"
111is2 [Free] [Puzzle],"Fri, 26 Jun 2020 10:50:30 GMT"
CoronaBoom [Free],"Tue, 07 Jul 2020 22:14:14 GMT"
Swarm Bout [Free] [Strategy],"Sat, 09 Jan 2021 21:15:04 GMT"
Get Those Crawlers [Free] [Other],"Sat, 26 Mar 2022 11:46:08 GMT"
Lucky Platformer [Free] [Platformer],"Sun, 17 Jul 2022 09:25:53 GMT"
Neon Football Defence [Free] [Action],"Sun, 28 Jun 2020 20:53:54 GMT"
Gyaya Mobile [Free] [Platformer] [Android],"Thu, 04 Mar 2021 16:13:25 GMT"
TBD: To Be Diced [Free] [Puzzle],"Sun, 17 Jul 2022 16:15:05 GMT"
Kringu [Free] [Other],"Mon, 19 Dec 2016 17:02:15 GMT"
Fast Raider: Tap and Fly [Free] [Action],"Sun, 11 Nov 2018 19:13:05 GMT"
BoSlap [Free] [Windows] [macOS] [Linux],"Sun, 15 May 2022 20:39:43 GMT"
Beam Puzzle [$1.00] [Puzzle],"Sat, 31 Aug 2019 16:39:09 GMT"
Galactic Overload [Free] [Shooter],"Thu, 30 May 2019 23:27:35 GMT"
Week 1 - Pong [Free] [Sports],"Sun, 11 Jan 2015 22:58:07 GMT"
R.G. Butts [Free] [Rhythm],"Tue, 23 Apr 2019 18:10:53 GMT"
Battle of the Birds [Free] [Role Playing] [Windows] [macOS] [Linux],"Sun, 06 Feb 2022 10:44:32 GMT"
LumberHack [Free] [Other],"Mon, 13 Mar 2017 23:15:27 GMT"
LD34 [Free] [Puzzle],"Sun, 13 Dec 2015 14:31:06 GMT"
LightGame [Free],"Mon, 24 Feb 2020 14:01:43 GMT"
Almazy [$9.99] [Action] [Windows] [macOS] [Linux],"Sat, 18 Sep 2021 12:51:20 GMT"
My Shadow and I [Free] [Puzzle],"Sun, 28 Jun 2020 06:16:17 GMT"
BabyDrop [Free] [Action],"Fri, 11 Mar 2016 19:12:32 GMT"
PhotographicMemoryTrainer [Free] [Puzzle],"Sat, 02 Jan 2021 01:39:54 GMT"
Vortex Loop [Free] [Action],"Sun, 04 Oct 2020 21:14:55 GMT"
Racebox (early access) [Free] [Racing] [Windows],"Sat, 13 Aug 2022 19:08:58 GMT"
FlappyOwl [Free] [Puzzle],"Sat, 04 Apr 2020 08:12:37 GMT"
The Busy Gardener [Free],"Sun, 26 Apr 2020 14:34:15 GMT"
Week 3 - Non-Stop Runner [Free] [Other],"Mon, 26 Jan 2015 03:39:37 GMT"
Starswift: Classic Space Shooter [Free] [Shooter],"Thu, 16 Dec 2021 07:39:04 GMT"
Kamikaze Attack 2 [Free] [Shooter] [Windows] [Linux],"Sat, 19 Feb 2022 01:36:15 GMT"
Smugglers' Cave [Free] [Platformer],"Sun, 24 Aug 2014 23:16:37 GMT"
Gallantin: Retro Space Shooter [Free] [Shooter],"Thu, 16 Dec 2021 00:57:33 GMT"
Shut The Box [Free] [Puzzle] [Windows],"Mon, 20 Jun 2022 16:35:09 GMT"
Alien Explorers [Free] [Adventure],"Wed, 07 Oct 2020 23:09:54 GMT"
Master Juggler - addictive mini casual game [Free] [Other],"Mon, 19 Oct 2020 07:31:05 GMT"
Block Buster [Free] [Action],"Sat, 25 Sep 2021 18:17:28 GMT"
Star Cubes EVO [Free] [Puzzle],"Mon, 08 Jun 2020 08:57:59 GMT"
Paws Vs Dummy [Free] [Action],"Sun, 26 Apr 2020 18:37:33 GMT"
psyho-robots 2 [Free] [Action] [Android],"Mon, 15 Feb 2021 15:47:52 GMT"
Frutiverse [Free] [Role Playing],"Mon, 01 Aug 2022 21:10:08 GMT"
panacke [Free] [Action],"Fri, 26 Feb 2021 08:06:53 GMT"
TrippyBird [Free],"Sat, 23 May 2020 05:29:03 GMT"
Space Dodge [Free] [Shooter],"Wed, 12 Aug 2020 00:10:50 GMT"
Blade of Fire [Free] [Action] [Windows] [Linux],"Sat, 12 Mar 2022 19:50:18 GMT"
spax [Free] [Action],"Sat, 25 Sep 2021 00:03:29 GMT"
SwapTestEngine718 [Free] [Shooter] [Windows] [Linux],"Sun, 31 Jul 2022 17:51:36 GMT"
Kamikaze Attack [Free] [Shooter] [Windows] [Linux],"Mon, 13 Sep 2021 06:27:24 GMT"
Rest In Pizza [Free] [Other] [Windows] [Linux],"Fri, 27 May 2022 20:12:58 GMT"
My Summer Walk [Free] [Other] [Windows] [Linux],"Sat, 30 Jul 2022 18:24:56 GMT"
Skibs [$1.00] [Action] [Windows] [macOS] [Linux],"Tue, 06 Nov 2018 06:10:32 GMT"
Post Mayhem [Free] [Simulation],"Sun, 03 Dec 2017 18:24:22 GMT"
agario with guns [Free] [Action] [Windows] [macOS] [Linux],"Sat, 17 Sep 2016 09:11:57 GMT"
Punch League [Free] [Fighting] [Windows],"Tue, 24 Nov 2020 21:10:58 GMT"
Hokus & Pokus’ Epic Adventure [Free] [Role Playing] [Windows] [macOS] [Linux],"Sun, 17 Apr 2016 13:13:07 GMT"
2048 [Free] [Puzzle] [Windows] [macOS] [Linux] [Android],"Mon, 29 May 2017 13:01:58 GMT"
Life in space - and how to get rid of it [Free] [Adventure] [Windows] [macOS] [Linux],"Sat, 09 Jan 2016 12:53:27 GMT"
Trouble with Tribbles [Free] [Puzzle] [Windows] [macOS] [Linux],"Mon, 21 Dec 2015 02:35:45 GMT"
SEGDX [Free] [Strategy] [Windows] [macOS] [Linux],"Mon, 11 Jan 2016 08:33:25 GMT"
Dish Rush [Free] [Action] [Windows] [macOS] [Linux],"Mon, 04 Dec 2017 23:11:53 GMT"
Drone Swarm [Free] [Strategy],"Sun, 15 Oct 2017 19:32:19 GMT"
You Are The Aliens [Free] [Strategy] [Windows] [macOS] [Linux],"Fri, 15 Jan 2016 22:27:53 GMT"
A Time Immemorial [Free] [Interactive Fiction] [Windows] [macOS],"Thu, 18 Jan 2018 00:54:28 GMT"
Pong [Free] [Sports] [Windows] [macOS] [Linux] [Android],"Thu, 04 May 2017 13:00:05 GMT"
Bi Roix [Free] [Strategy] [Windows] [macOS] [Linux],"Thu, 10 Jan 2019 09:43:10 GMT"
Furnish Your House [Free] [Role Playing] [Windows] [macOS] [Linux],"Mon, 19 Jun 2017 06:59:37 GMT"
Chaos Space Kitchen [Free] [Action] [Windows] [macOS] [Linux],"Sun, 03 Dec 2017 21:40:51 GMT"
Overtaker IV: Desire for Velocity [Free] [Racing] [Windows] [Linux],"Wed, 08 Jul 2020 02:18:02 GMT"
Le Morpion [Free] [Puzzle] [Windows] [macOS] [Linux] [Android],"Thu, 15 Jun 2017 14:03:43 GMT"
PARROTGAME [Free] [Action] [Windows] [macOS] [Linux],"Thu, 14 Jan 2016 01:21:46 GMT"
BUS DRIVER [Free] [Action] [Windows] [macOS] [Linux],"Sun, 23 Apr 2017 21:32:51 GMT"
Clay Shooter [Free] [Shooter] [Windows] [macOS],"Thu, 05 Nov 2015 13:31:09 GMT"
BigCatBuffet [Free] [Other] [Windows] [macOS] [Linux] [Android],"Wed, 29 Jun 2016 09:42:42 GMT"
A Blackhole Ate My Town [Free] [Puzzle],"Sat, 29 Sep 2018 16:34:55 GMT"
10 Bands [Free] [Action] [Windows] [macOS] [Android],"Sun, 08 Jul 2018 22:47:34 GMT"
Bullet Hell [Free] [Shooter] [Windows] [macOS] [Linux],"Tue, 05 Dec 2017 00:17:19 GMT"
STEAMBOT [Free] [Platformer] [Windows] [macOS] [Linux],"Tue, 01 Aug 2017 01:20:38 GMT"
Biohazard [Free] [Action] [Windows] [macOS] [Linux],"Sun, 25 Feb 2018 16:57:10 GMT"
Cloudbot [Free] [Shooter] [Windows] [Linux],"Mon, 18 Jan 2016 05:34:46 GMT"
Generic platformer [Free] [Platformer],"Mon, 24 Apr 2017 08:38:39 GMT"
(One) Room for Improvement [Free] [Platformer] [Windows] [macOS] [Linux],"Mon, 12 Dec 2016 06:25:20 GMT"
Epic Ball Adventure - Prototype [Free] [Platformer] [Windows] [macOS] [Linux],"Mon, 22 Aug 2016 02:01:31 GMT"
Hexpath the Board Game [Free] [Strategy] [Windows],"Wed, 17 May 2017 16:46:22 GMT"
Corpo Coach [Free] [Action] [Windows] [macOS] [Linux],"Fri, 31 Jul 2015 07:00:41 GMT"
SwordSmith [Free] [Action] [Windows] [macOS] [Linux],"Sun, 28 Aug 2016 18:18:22 GMT"
Swap tycoon [Free] [Puzzle] [Windows] [macOS] [Linux],"Tue, 19 Sep 2017 20:50:17 GMT"
Double-Pong [Free] [Other] [Windows] [macOS] [Linux] [Android],"Tue, 07 Jun 2016 19:22:06 GMT"
Topory7 - Island Castle [Free] [Role Playing] [Windows] [macOS] [Linux],"Sun, 30 Sep 2018 18:54:57 GMT"
Animal Drop [Free] [Adventure],"Mon, 04 May 2015 05:48:21 GMT"
Raid on Bungeling Bay Remake [Free] [Shooter] [Windows] [macOS] [Linux] [Android],"Sun, 12 Jun 2022 13:39:36 GMT"
CTRL [Free] [Platformer] [Windows],"Sun, 12 Jul 2020 14:40:19 GMT"
Road To Rage [Free] [Shooter] [Windows] [macOS] [Linux],"Sun, 10 Mar 2019 13:17:59 GMT"
Blood Potion 2 [Free] [Other] [Android],"Wed, 06 Jan 2016 02:30:38 GMT"
Sticky And Speedy [Free] [Action] [Windows] [macOS] [Linux] [Android],"Fri, 29 Sep 2017 19:37:28 GMT"
ColorFoool [Free] [Action] [Windows] [Linux],"Tue, 04 Dec 2018 19:02:52 GMT"
Chris The Coolosaur [Free] [Action] [Windows],"Sat, 03 Dec 2016 20:45:17 GMT"
SQUARE SQUARE [Free] [Action] [Windows] [macOS] [Linux],"Wed, 06 Apr 2016 19:36:25 GMT"
Particulitis [Free] [Action],"Sun, 28 Oct 2018 09:16:57 GMT"
Fantasy Fairy Dressup [Free] [Simulation],"Wed, 25 Jul 2018 11:28:41 GMT"
Dungeon Sphere Runner [Free] [Other] [Windows] [macOS] [Linux] [Android],"Mon, 24 Apr 2017 20:53:58 GMT"
Dexno [Free] [Windows] [macOS] [Linux] [Android],"Sat, 09 Apr 2016 17:03:42 GMT"
EatDots [Free] [Action] [Windows] [macOS] [Linux] [Android],"Mon, 25 Sep 2017 16:32:09 GMT"
A Fox's Pottery [Free] [Adventure] [Windows] [macOS] [Linux],"Sun, 28 Aug 2016 17:41:00 GMT"
A droid story [Free] [Puzzle] [Windows] [macOS] [Linux],"Sat, 22 Apr 2017 20:26:43 GMT"
Plane and Aliens [Free] [Shooter] [Windows] [Android],"Thu, 31 Aug 2017 18:46:53 GMT"
BrigPlan [Free] [Puzzle] [Windows] [macOS] [Linux] [Android],"Sat, 01 Jul 2017 09:34:07 GMT"
SlimeGame-Prototype [Free] [Platformer] [Windows] [macOS] [Linux],"Mon, 17 Apr 2017 15:43:36 GMT"
Tiny Story 2 adventure [$2.00] [Adventure] [Windows] [macOS] [Linux],"Wed, 14 Jul 2021 09:56:49 GMT"
Master The Space [Free] [Puzzle] [Windows],"Mon, 13 Aug 2018 16:26:53 GMT"
Bouncy Bullets [Free] [Puzzle],"Wed, 26 Oct 2016 02:48:10 GMT"
PongForce [Free] [Other] [Windows] [macOS] [Linux],"Tue, 15 Dec 2015 21:46:59 GMT"
Magnets [Free] [Windows] [macOS] [Linux] [Android],"Sat, 17 Aug 2019 17:02:41 GMT"
In the Bag [Free] [Puzzle] [Windows] [macOS] [Linux],"Sun, 13 Mar 2016 21:12:51 GMT"
How the pyramids were built [Free] [Windows] [Linux],"Mon, 29 Aug 2016 19:05:29 GMT"
Make Friends [Free] [Other],"Tue, 12 Jan 2016 18:02:17 GMT"
Bar Fight [Free] [Strategy],"Wed, 09 Mar 2016 22:55:45 GMT"
Vitaqua [Free] [Strategy] [Windows] [macOS] [Linux] [Android],"Fri, 30 Jun 2017 13:10:58 GMT"
Pufferfish Attack! [Free] [Shooter] [Windows] [macOS] [Linux],"Fri, 17 Jun 2016 18:39:10 GMT"
Helicoptero vs Alien [Free] [Action] [Windows] [macOS] [Linux] [Android],"Tue, 01 Mar 2022 22:25:48 GMT"
Aero Box [Free] [Platformer] [Windows] [Linux],"Sun, 16 Jul 2017 21:47:32 GMT"
Party Island (LD39) [Free] [Simulation],"Fri, 17 Nov 2017 19:04:27 GMT"
Phelps vs Shark [Free] [Sports] [Windows] [Linux],"Sun, 30 Jul 2017 17:34:32 GMT"
PowerUp Space Shooter [Free] [Shooter] [Windows] [macOS] [Linux],"Sun, 22 Jan 2017 04:15:42 GMT"
Heligear [Free] [Action] [Windows] [Android],"Mon, 25 Mar 2019 13:05:57 GMT"
ThinkBox [Free] [Puzzle],"Sun, 26 Jul 2015 06:22:54 GMT"
BubbleZen [Free] [Puzzle] [Windows] [macOS] [Linux] [Android],"Wed, 21 Sep 2016 03:41:33 GMT"
Ludum Dare 34: Don't Burst The Blob [Free] [Platformer] [Windows] [macOS] [Linux],"Sun, 13 Dec 2015 22:04:58 GMT"
Cong [Free] [Action],"Mon, 25 Jan 2021 17:24:21 GMT"
2048 [Free],"Fri, 25 Aug 2017 13:47:05 GMT"
Lobster Roll [Free] [Platformer] [Windows] [macOS] [Linux],"Tue, 18 Aug 2020 15:13:54 GMT"
SideBlast [Free] [Action],"Sat, 17 Nov 2018 03:27:13 GMT"
Karma Is A Bitch [Free] [Platformer] [Windows] [macOS] [Linux],"Mon, 24 Apr 2017 02:45:19 GMT"
Amazing Tile Puzzle [Free] [Puzzle] [Android],"Tue, 16 Oct 2018 05:47:44 GMT"
One Room Schoolhouse - Ludum Dare 37 [Free] [Strategy] [Windows] [Linux],"Mon, 10 Apr 2017 21:43:10 GMT"
The Safe Zone [Free] [Action] [Windows] [macOS] [Linux],"Sun, 30 Jul 2017 15:41:44 GMT"
Cheela [Free] [Strategy] [Windows],"Tue, 04 Dec 2018 00:43:30 GMT"
Icebergs [Free] [Action] [Windows] [macOS] [Linux],"Sun, 29 Jul 2018 16:59:57 GMT"
Torr-penn : challenge your brain! [Free] [Puzzle] [Windows] [macOS] [Linux],"Fri, 10 Sep 2021 09:53:41 GMT"
Unadexus [Free] [Simulation] [Windows] [macOS] [Linux],"Mon, 31 Jul 2017 21:45:47 GMT"
Super Shapes [Free] [Action],"Mon, 18 Apr 2016 01:08:29 GMT"
OnepunchKO [Free] [Sports] [Windows] [macOS] [Linux],"Mon, 17 Jul 2017 05:53:09 GMT"
Powerton [Free] [Other] [Windows] [macOS] [Linux],"Mon, 31 Jul 2017 06:24:18 GMT"
Mars Trip Demo (Java) [Free] [Adventure],"Sun, 21 Jul 2019 15:27:49 GMT"
A Small World [Free] [Other] [Windows] [macOS] [Linux],"Sun, 23 Apr 2017 23:28:31 GMT"
Moroi [Free] [Card Game],"Fri, 11 Oct 2019 14:48:20 GMT"
Children Drawn Platformer [Free] [Platformer],"Mon, 25 Sep 2017 16:09:21 GMT"
Pinkie [Free] [Platformer],"Mon, 23 Apr 2018 09:45:12 GMT"
Bloody Blazirus [Free] [Action],"Fri, 02 Feb 2018 21:30:47 GMT"
Tele Pathetic 3 [Free] [Windows] [macOS] [Linux] [Android],"Fri, 22 Jan 2016 17:46:15 GMT"
HistoryGame - International Relations [Free] [Simulation],"Wed, 01 Nov 2017 20:17:38 GMT"
Orble [Free] [Action],"Thu, 14 Jul 2016 06:21:09 GMT"
Ductive Defender [Free] [Strategy],"Sat, 30 Mar 2019 11:40:12 GMT"
epu [Free] [Windows] [macOS] [Linux],"Tue, 07 Mar 2017 21:39:40 GMT"
Shadowcloud [Free] [Windows] [macOS] [Linux] [Android],"Sat, 30 Jan 2016 20:26:32 GMT"
Icy Surprise Factory [Free] [Other],"Wed, 06 Jun 2018 08:55:37 GMT"
Lost in Deep Space [Free] [Action],"Sun, 12 Aug 2018 15:21:30 GMT"
Help the Baby Lite [Free] [Puzzle],"Fri, 10 Nov 2017 18:41:36 GMT"
Ultimate Yapotyalp [Free] [Other],"Sat, 24 Aug 2019 05:07:18 GMT"
Quantum Riders [Free],"Tue, 25 Apr 2017 12:33:20 GMT"
Dot Trap : Classic [Free],"Mon, 28 Aug 2017 19:50:25 GMT"
Love Bomb [Free] [Other],"Sun, 19 Apr 2015 19:40:59 GMT"
Block Breaker [Free] [Puzzle],"Thu, 07 Dec 2017 17:20:37 GMT"
False God [Free] [Action],"Tue, 04 Dec 2018 17:52:00 GMT"
Grav Boot HTML [Free],"Sun, 07 Dec 2014 23:34:39 GMT"
History Game - Superpower Relations [Free] [Simulation],"Wed, 11 Apr 2018 20:47:48 GMT"
Ponczuchy [Free],"Sat, 17 Sep 2016 21:40:47 GMT"
Kids Street Race [Free] [Action],"Sun, 13 Aug 2017 10:35:18 GMT"
Pirate Mike And Friends [Free] [Educational],"Mon, 21 Dec 2015 10:41:32 GMT"
Rock Paper Scissors Lizard Spock [Free] [Strategy],"Sat, 30 Apr 2016 07:20:58 GMT"
Road To Rage (Browser Version) [Free] [Shooter],"Wed, 13 Mar 2019 13:41:50 GMT"
Oblation - Ludum Dare 43 Compo Entry [Free],"Mon, 03 Dec 2018 00:50:36 GMT"
Halu [Free] [Platformer],"Thu, 15 Dec 2016 00:24:54 GMT"
Only One Room is Safe [Free] [Puzzle],"Mon, 12 Dec 2016 02:00:10 GMT"
Quatris - LD42 - Running out of Space [Free],"Sun, 12 Aug 2018 21:30:36 GMT"
Slumber Room [Free] [Action],"Fri, 16 Dec 2016 16:42:18 GMT"
Manage the ongoing situation [Free] [Other],"Sun, 19 Apr 2020 19:46:54 GMT"
Maze [Free],"Fri, 04 Nov 2016 10:46:26 GMT"
Icy Surprise Eggs [Free] [Other],"Sun, 27 May 2018 13:59:51 GMT"
Public Space Evaders [Free] [Shooter],"Sat, 24 Jun 2017 15:43:19 GMT"
Gravity Reversal [Free] [Platformer],"Sun, 10 Jun 2018 19:33:21 GMT"
Alunos contra o Moodle [Free],"Tue, 31 Aug 2021 00:57:30 GMT"
Experiments [Free],"Sun, 04 Dec 2016 19:00:29 GMT"
Dimension M [$1.50] [Puzzle] [Windows] [macOS] [Linux],"Fri, 17 Jul 2020 19:14:54 GMT"
test [Free],"Wed, 03 Jun 2015 16:08:11 GMT"
Origin War [Free] [Role Playing],"Thu, 03 Nov 2016 20:49:35 GMT"
CarrotFall [Free] [Other] [Android],"Sun, 15 Jan 2017 19:53:02 GMT"
RollingBalls [Free],"Sun, 11 Dec 2016 11:01:22 GMT"
Hank Heads Home 1.1 [Free] [Platformer],"Sun, 02 Apr 2017 00:09:39 GMT"
Elements [Free] [Action] [Windows] [macOS] [Linux] [Android],"Sat, 13 Aug 2016 08:45:25 GMT"
InstraBojan [Free] [Rhythm],"Tue, 10 Sep 2019 14:51:10 GMT"
Pong [Free] [Action],"Fri, 26 Feb 2021 18:36:15 GMT"
Damay [Free] [Puzzle] [Windows] [macOS] [Linux] [Android],"Wed, 13 Jan 2016 22:29:59 GMT"
L'attaque des gilets jaunes [Free] [Action],"Sat, 08 Dec 2018 10:41:08 GMT"
High Seas Smuggler [Free] [Strategy] [Android],"Fri, 22 Aug 2014 22:21:32 GMT"
AAAAA!!! [Free] [Action] [Windows] [macOS] [Linux],"Sun, 16 Jul 2017 23:29:16 GMT"
Living Space [Free] [Action] [Windows] [macOS] [Linux],"Tue, 29 Dec 2015 07:56:58 GMT"
Solitaire [Free],"Thu, 02 Nov 2017 19:11:38 GMT"
SpaceFarmer [Free] [Simulation],"Fri, 27 Apr 2018 11:27:37 GMT"
WarMage [$5.00] [Strategy] [Windows],"Thu, 16 Mar 2017 15:39:48 GMT"
Super Shot [Free] [Shooter] [Windows] [macOS] [Linux],"Mon, 04 Feb 2019 12:55:02 GMT"
Lootbox Simulator 2018 [Free] [Simulation] [Windows],"Mon, 23 Apr 2018 01:03:32 GMT"
28 Years Later [Free] [Shooter] [Windows] [macOS] [Linux],"Sun, 25 Sep 2022 10:51:10 GMT"
Universal Vacuum Cleaner [Free] [Action],"Mon, 13 Aug 2018 22:42:17 GMT"
Dot Connect [Free],"Sat, 14 Oct 2017 11:28:31 GMT"
Cool Soda Can [Free] [Action] [Windows] [macOS] [Linux] [Android],"Fri, 12 Mar 2021 01:49:06 GMT"
Arena of Kings [Free] [Action],"Mon, 03 Sep 2018 12:19:28 GMT"
Positive Energy [Free] [Action] [Windows] [macOS] [Linux],"Sat, 02 Mar 2019 16:06:30 GMT"
Final Stand [Free] [Shooter],"Tue, 10 Apr 2018 19:18:38 GMT"
Gamble RPG [Free] [Role Playing],"Sun, 13 Aug 2017 10:22:06 GMT"
warehouse_simulator [Free] [Simulation] [Windows] [macOS] [Linux],"Sun, 12 Aug 2018 22:36:03 GMT"
Triple Threat [Free] [Strategy] [Windows] [macOS] [Linux],"Mon, 04 Jun 2018 04:10:22 GMT"
Larry's Adventure [Free] [Shooter] [Windows] [macOS] [Linux],"Tue, 24 Jul 2018 20:39:05 GMT"
Falling Lightblocks [Free] [Puzzle] [Android],"Mon, 29 May 2017 16:51:23 GMT"
Attack of the Ferocious Zebra [Free] [Shooter],"Sun, 01 Sep 2019 16:45:19 GMT"
libGDX Server summer party [Free] [Other],"Thu, 29 Aug 2019 17:20:02 GMT"
MonSweeper [Free] [Strategy],"Sat, 17 Mar 2018 16:35:22 GMT"
Hugs [Free] [Platformer] [Windows] [macOS] [Linux],"Sat, 30 Apr 2016 01:15:37 GMT"
"Glutto, the eater of worlds [Free] [Shooter]","Sat, 28 Dec 2019 23:27:08 GMT"
Coffee Break Card Dungeon [Free] [Card Game],"Thu, 07 Dec 2017 18:06:23 GMT"
World = Food [Free] [Visual Novel],"Tue, 24 Dec 2019 16:28:41 GMT"
EasyBlorp [Free] [Platformer] [Windows] [macOS],"Wed, 15 Apr 2020 15:08:11 GMT"
