super kaiju dunk city [Free] [Rhythm],"Tue, 25 Apr 2017 01:31:27 GMT"
MARS TYPE I [Free] [Action],"Mon, 10 Oct 2016 02:28:59 GMT"
Roly-Polo [$3.50] [Sports] [Windows] [Linux] [Android],"Tue, 29 Sep 2020 06:59:30 GMT"
Psiral [Free] [Strategy] [Windows] [macOS] [Linux],"Mon, 18 Aug 2014 15:22:19 GMT"
Urban Survivor [Free] [Role Playing],"Wed, 17 Oct 2018 02:24:14 GMT"
Flappy Bird [Free] [Strategy],"Fri, 02 Oct 2020 06:22:31 GMT"
Rabbit Hole [Free] [Platformer],"Thu, 01 May 2014 16:57:54 GMT"
Dojo Sim [Free] [Role Playing],"Wed, 28 Nov 2018 21:32:40 GMT"
MelonJS Asteroids [Free] [Shooter],"Mon, 29 May 2017 21:02:14 GMT"
RZZNNVZN [Free] [Other],"Sun, 24 Apr 2016 15:24:13 GMT"
"It's Cold Outside, Where is the Cat? (2014) [Free] [Action]","Sat, 01 Jan 2022 19:02:29 GMT"
Beatrice [Free] [Platformer],"Sun, 31 Jan 2016 19:50:21 GMT"
Juiced Enough [Free] [Action],"Sat, 16 Jul 2022 07:56:11 GMT"
Tower of Evolution [Free] [Platformer],"Wed, 02 Apr 2014 10:22:17 GMT"
BBPE [Free] [Shooter],"Sat, 14 Nov 2015 09:12:57 GMT"
SuperCity [Free] [Action],"Fri, 13 May 2022 01:48:11 GMT"
Clumsy Bird [Free] [Adventure],"Tue, 30 Jul 2019 01:56:44 GMT"
Pew Pew [Free] [Platformer],"Tue, 31 Mar 2015 11:28:42 GMT"
Bee Line By Team Sushi [Free] [Simulation],"Sun, 27 Apr 2014 23:42:58 GMT"
KABUR The Game [Free] [Adventure],"Thu, 04 Sep 2014 00:54:05 GMT"
Pinky Bird [Free] [Platformer],"Tue, 06 Aug 2019 11:08:06 GMT"
PP 2020 Test Game A [Free] [Action],"Wed, 04 Nov 2020 09:53:21 GMT"
Vibrant Recycling [Free] [Educational],"Thu, 29 May 2014 01:34:17 GMT"
Player Killers' Exchange [Free] [Action],"Thu, 24 May 2018 04:04:53 GMT"
transformerz elementz [Free],"Mon, 02 Nov 2015 01:22:08 GMT"
Las Cr√≥nicas de Zuchiga [Free] [Platformer],"Thu, 20 Dec 2018 04:59:41 GMT"
Save the comrades [Free] [Strategy],"Sat, 14 Nov 2015 08:45:08 GMT"
Aiki Quest [Free] [Platformer],"Thu, 03 Jan 2019 20:44:14 GMT"
Dont do drugs [Free],"Thu, 26 Oct 2017 19:59:51 GMT"
Pong [Free] [Action],"Fri, 26 Feb 2021 18:36:15 GMT"
