Skullhammer [Free] [Platformer] [Windows],"Fri, 16 Feb 2018 06:32:41 GMT"
MANOS: The Hands of Fate [Free] [Platformer] [Windows],"Tue, 30 Mar 2021 22:57:58 GMT"
Viatoree [Free] [Platformer] [Windows],"Sun, 26 Nov 2017 02:54:35 GMT"
Blast Crawl [Free] [Shooter] [Windows],"Mon, 27 Nov 2017 00:00:28 GMT"
AWESOME Land [Free] [Platformer] [Windows],"Tue, 30 Mar 2021 19:27:47 GMT"
Across the demon realm [14.00€] [Adventure] [Windows],"Sat, 25 Jan 2020 14:43:07 GMT"
Rushaug: Project Emerald [Free] [Platformer] [Windows],"Fri, 22 May 2020 15:56:33 GMT"
Cloud Serpent [$4.00] [Puzzle] [Windows],"Fri, 06 Jul 2018 06:18:38 GMT"
BOB [Free] [Platformer] [Windows],"Wed, 09 Aug 2017 17:37:23 GMT"
Lylian: Paranoid Friendship [Free] [Action] [Windows],"Fri, 22 Sep 2017 09:50:42 GMT"
Furry 2 Remake [$3.99] [Platformer],"Fri, 04 Apr 2014 08:33:53 GMT"
Shit Game [Free] [Platformer] [Windows] [macOS],"Wed, 13 Apr 2016 06:35:22 GMT"
Space Barnacle [Free] [Platformer] [Windows],"Sun, 26 Feb 2017 03:40:26 GMT"
Путин.exe 2 [Free] [Platformer] [Windows] [macOS] [Linux],"Sun, 28 Feb 2021 16:42:53 GMT"
Crypt3: Jörgemöinen [Free] [Action],"Tue, 31 Jul 2018 21:54:10 GMT"
Food Truck Tycoon [Free] [Simulation] [Windows],"Tue, 31 Dec 2019 00:27:19 GMT"
Mega Man Zero Online [Free] [Action],"Tue, 09 Nov 2021 18:14:45 GMT"
Pip and Pop Arcade Game [Free] [Action] [Windows],"Mon, 20 Jan 2020 09:55:23 GMT"
Braindead [Free] [Platformer] [Windows] [macOS],"Sat, 09 Apr 2016 09:27:02 GMT"
Shoot'n'Slaughter [Free] [Shooter] [Windows],"Sat, 09 Sep 2017 12:07:54 GMT"
Authorized Likeness [Free] [Other] [Windows],"Mon, 15 Mar 2021 07:53:32 GMT"
AnonymoUs [Free] [Platformer] [Windows] [macOS] [Linux],"Sun, 25 Apr 2021 15:37:41 GMT"
Zodvoh Vs. Mevil Bodyhorror [Free] [Platformer],"Mon, 08 Feb 2021 15:12:53 GMT"
Soko Banish [Free] [Puzzle] [Windows],"Sun, 27 Aug 2017 01:49:31 GMT"
The deep castle [Free] [Action],"Sun, 04 Aug 2019 17:40:52 GMT"
BONG [Free] [Other] [Windows] [Android],"Tue, 21 Aug 2018 23:50:57 GMT"
Dark Fright Demo [Free] [Platformer] [Windows],"Thu, 07 Mar 2019 12:58:44 GMT"
CartOut! [Free] [Racing],"Sun, 16 Jan 2022 22:50:09 GMT"
SpaceWipe3 [Free] [Platformer] [Windows],"Thu, 21 Feb 2019 12:53:40 GMT"
SpaceWipe2 [Free] [Platformer] [Windows],"Thu, 21 Feb 2019 12:46:15 GMT"
TEK the lost cat in the pyramid BETA VERSION [Free] [Platformer],"Tue, 06 Jul 2021 03:42:03 GMT"
Project Spikepig [Free] [Action] [Windows],"Sat, 01 Sep 2018 00:53:57 GMT"
GLItCHskr [Free] [Shooter] [Windows],"Tue, 28 Nov 2017 12:58:46 GMT"
Risu's Birthday Nutz [Free] [Platformer] [Windows],"Sun, 16 Jan 2022 16:35:16 GMT"
Panic Machine Demo (Alpha) [Free] [Platformer] [Windows],"Sat, 09 Feb 2019 15:37:53 GMT"
Captain of Ages - Episode 1: The Orphans of Time [Free] [Platformer] [Windows],"Thu, 04 Jan 2018 05:26:19 GMT"
Billy Billy: The Movie: The Game [Free] [Adventure] [Windows],"Fri, 01 May 2020 07:13:42 GMT"
Escape! [Free] [Puzzle] [Windows] [macOS],"Sat, 03 Oct 2020 20:33:51 GMT"
When It Rains [Free] [Platformer] [Windows],"Fri, 10 Feb 2017 06:10:40 GMT"
Evil Lakitu [Free] [Other] [Windows],"Tue, 20 Sep 2016 01:32:45 GMT"
Tennis for Two and a Half [Free] [Other] [Windows],"Tue, 20 Sep 2016 20:43:02 GMT"
Scouting Scouts [Free] [Platformer] [Windows],"Thu, 16 Apr 2015 08:30:30 GMT"
Colorado Rush [Free] [Shooter] [Windows],"Sun, 23 Oct 2016 17:14:18 GMT"
Cosmic Kitten [Free] [Platformer] [Windows],"Sat, 30 Jan 2021 00:27:51 GMT"
Snok! But Remake. [Free] [Platformer],"Mon, 19 Apr 2021 10:09:08 GMT"
Save Tigers With Suhail [Free] [Educational] [Windows],"Wed, 21 Oct 2020 20:50:47 GMT"
Brainstorm Redux [Free] [Puzzle],"Sun, 12 Mar 2017 09:11:51 GMT"
Zombie VS Pinball [Free] [Windows],"Sat, 27 Feb 2021 03:22:00 GMT"
The Rubbish Game! [Free] [Platformer],"Tue, 16 Mar 2021 10:23:23 GMT"
Racing League: Rifted [Free] [Racing] [Windows],"Tue, 05 Oct 2021 18:52:39 GMT"
Wrist Lock!!! [Free] [Fighting] [Windows],"Fri, 19 Aug 2022 01:18:18 GMT"
Vaporspace [$4.99] [Action],"Thu, 21 Mar 2019 02:42:03 GMT"
Smack A Lot - Piranha [Free] [Action] [Windows],"Sun, 21 Feb 2021 13:39:12 GMT"
Rad & Chad in: Twice the Action [$2.00] [Action] [Windows] [macOS],"Sat, 31 Oct 2015 01:12:47 GMT"
CrazySonic [Free] [Racing],"Sat, 01 Sep 2018 04:14:52 GMT"
Путин.exe [Free] [Fighting] [Windows] [macOS] [Linux],"Sat, 24 Oct 2020 14:09:45 GMT"
MadCowBalls2 [Free] [Action],"Tue, 12 Mar 2019 18:08:53 GMT"
SpaceShip [Free] [Shooter],"Thu, 03 Aug 2017 21:05:25 GMT"
GNOP [Free] [Action] [Windows],"Thu, 23 Nov 2017 21:46:28 GMT"
Fire Ball [Free] [Platformer],"Wed, 30 Mar 2016 14:37:51 GMT"
Road Rage [Free] [Racing],"Thu, 01 Feb 2018 03:36:28 GMT"
Temple Racer (ProcJam 2020) [Free] [Racing] [Windows],"Mon, 14 Dec 2020 07:51:57 GMT"
Z-VIRUS: SURVIVORS [Free] [Shooter] [Windows],"Thu, 03 May 2018 20:08:58 GMT"
DKOM [Free] [Action] [Windows],"Sat, 01 Dec 2018 16:21:31 GMT"
Pong [Free] [Action],"Fri, 26 Feb 2021 18:36:15 GMT"
The Infinite Bomber [Free] [Action],"Fri, 27 Jul 2018 06:46:13 GMT"
Bong Arcade [Free] [Puzzle],"Wed, 03 Jul 2019 11:59:21 GMT"
Sensitive Demo [Free] [Puzzle] [Windows],"Sat, 05 Oct 2019 22:58:49 GMT"
MadCowBalls [Free] [Action] [Windows],"Thu, 21 Feb 2019 12:19:05 GMT"
