Rigs of Rods [Free] [Simulation] [Windows] [Linux],"Mon, 31 Dec 2018 09:55:55 GMT"
FeralHeart Unleashed [Free] [Role Playing] [Windows],"Sun, 11 Sep 2022 22:29:15 GMT"
Glasmar [Free] [Adventure] [Windows],"Wed, 15 Sep 2021 02:42:01 GMT"
Code E.D. [Free] [Puzzle] [Windows],"Fri, 10 Jan 2020 06:16:19 GMT"
Imperiums: Greek Wars [$29.90] [Strategy],"Sat, 03 Oct 2020 06:33:51 GMT"
Assault Knights: Reign of Steel [Free] [Shooter],"Wed, 04 Apr 2018 14:04:56 GMT"
Deep Shoot Tile [Free] [Shooter],"Sun, 16 Oct 2022 13:21:14 GMT"
Timolod (MC/TM) [Free] [Action] [Windows] [macOS] [Linux],"Mon, 24 Jun 2019 19:18:12 GMT"
Jean-HÃ©on (MC/TM) Demo Compilation [Free] [Interactive Fiction] [Windows] [macOS] [Linux] [Android],"Thu, 21 Apr 2022 15:33:40 GMT"
Heli/Attack [Free] [Simulation],"Sat, 25 Dec 2021 17:10:01 GMT"
Air Raid : Red Sea [Free] [Shooter] [Windows] [Android],"Sat, 26 Mar 2022 08:50:53 GMT"
UCM (Ultimate Combat Monkeys) [Free] [Strategy],"Wed, 30 Nov 2022 23:23:26 GMT"
Marble Runner Pyramid [Free] [Action],"Sun, 16 Oct 2022 13:10:20 GMT"
Robotechtor [Free] [Action],"Sun, 16 Oct 2022 13:09:10 GMT"
Nations Clash [Free],"Sun, 16 Oct 2022 13:11:23 GMT"
Pichuu [Free] [Puzzle],"Sun, 16 Oct 2022 13:20:06 GMT"
UnderControl3D [Free] [Action],"Sun, 16 Oct 2022 13:23:32 GMT"
Skeleton Invader [Free] [Action],"Sun, 16 Oct 2022 13:12:36 GMT"
