Pulsus [Free] [Rhythm] [Windows] [Linux],"Thu, 27 Aug 2020 17:51:11 GMT"
Sudo Sweep [Free] [Puzzle],"Tue, 08 Jun 2021 16:56:47 GMT"
Soft Drizzle [Free] [Visual Novel],"Sun, 16 Aug 2020 10:25:49 GMT"
Bird Creator [Free] [Other],"Fri, 27 Dec 2019 21:42:27 GMT"
Florp Farming [Free] [Other],"Sun, 28 Apr 2019 11:17:04 GMT"
Orchestrate [Free] [Simulation],"Sun, 11 Apr 2021 14:18:58 GMT"
Twisty Tunnels [Free] [Action],"Sun, 28 Mar 2021 22:51:02 GMT"
Ketris [Free] [Puzzle],"Wed, 26 Aug 2020 14:50:37 GMT"
Utopia Engine [Free] [Other],"Fri, 25 Sep 2020 21:25:42 GMT"
Pong [Free] [Action],"Fri, 26 Feb 2021 18:36:15 GMT"
Let's Farm Incremental Game (Version 1) [Free] [Other],"Wed, 03 Feb 2021 03:54:20 GMT"
How to Cook: Vegetarian Edition [Free],"Fri, 30 Nov 2018 12:00:46 GMT"
Cut Bread [Free] [Simulation],"Thu, 11 Oct 2018 05:23:55 GMT"
Genetic Seeker - Prototype [Free] [Simulation],"Wed, 01 Aug 2018 02:20:51 GMT"
"Pick Me, Please [Free] [Simulation]","Wed, 21 Oct 2020 18:21:50 GMT"
Cell Simulator [Free] [Simulation],"Mon, 15 Oct 2018 00:27:44 GMT"
VALENCE ALEATOR [Free] [Other],"Sun, 10 Nov 2019 10:47:41 GMT"
Count on Me [Free] [Interactive Fiction],"Sat, 04 Apr 2020 00:38:33 GMT"
Earthrise [Free] [Action],"Fri, 26 Nov 2021 14:14:09 GMT"
Time Spiders [Free] [Simulation] [Windows] [Linux],"Fri, 22 Feb 2019 23:34:26 GMT"
Snakes [Free] [Strategy],"Mon, 09 Jul 2018 20:16:55 GMT"
Vulcanist - A multiplayer first person shooter [Free] [Fighting],"Tue, 09 Nov 2021 12:21:51 GMT"
work in progress [Free] [Interactive Fiction],"Sat, 12 Jun 2021 03:05:20 GMT"
Second Chance [Free] [Action],"Thu, 06 Aug 2020 17:17:33 GMT"
Feels [Free] [Puzzle],"Thu, 27 May 2021 03:11:14 GMT"
Rock Paper Shooter! [Free] [Shooter],"Wed, 24 Jun 2020 14:12:54 GMT"
Lantern [Free] [Action],"Mon, 26 Jul 2021 04:57:05 GMT"
Let's Farm Incremental Game (Final Version) [Free] [Other],"Mon, 08 Feb 2021 01:21:02 GMT"
191¬∞ [Free] [Action],"Tue, 25 Apr 2017 15:22:38 GMT"
Thousands [$1.00] [Platformer] [Windows],"Tue, 05 Jun 2018 01:41:19 GMT"
Inhotim [Free] [Other],"Thu, 19 Jul 2018 06:48:32 GMT"
Pixel Dancers! [Free] [Rhythm],"Mon, 03 Dec 2018 15:32:11 GMT"
Dont spill your coffee! [Free] [Action],"Tue, 28 Jul 2020 02:17:43 GMT"
Fighting Game Trainer [Free] [Fighting],"Sun, 12 Jan 2020 06:12:41 GMT"
An Infinite Chapbook of Poetry for Many Voices to Scream in the Woods [Free] [Adventure],"Wed, 30 Jun 2021 19:49:46 GMT"
Out of Touch [Free] [Interactive Fiction],"Sun, 13 Jun 2021 04:04:19 GMT"
A Sad Game [Free],"Wed, 16 Jan 2019 22:25:44 GMT"
Depressed Art Game [Free],"Thu, 28 Mar 2019 22:53:34 GMT"
Ceramic Flux [Free] [Simulation],"Sat, 04 Dec 2021 15:08:08 GMT"
Conway's Garden [Free] [Simulation],"Thu, 10 Jun 2021 13:16:19 GMT"
TilesCraft [Free] [Survival],"Fri, 05 Mar 2021 13:50:16 GMT"
Bird Feeder [Free] [Simulation],"Fri, 08 May 2020 23:12:11 GMT"
NES Solitaire [Free] [Card Game],"Fri, 01 Mar 2019 20:57:08 GMT"
5 Minute Flexer [Free] [Action],"Thu, 12 Sep 2019 16:15:29 GMT"
2030: the Apocalypse [Free] [Survival] [Windows],"Tue, 28 Jan 2020 17:05:19 GMT"
Alight [Free] [Other],"Sun, 28 Oct 2018 04:18:45 GMT"
Muwun Miner [Free] [Action],"Thu, 07 Jan 2021 21:24:04 GMT"
A Selfish Child [Free] [Puzzle],"Mon, 30 Apr 2018 19:57:34 GMT"
Cat Catcher [Free] [Action],"Tue, 17 Nov 2020 10:08:15 GMT"
Cube 2 [Free] [Puzzle],"Fri, 10 Apr 2020 12:47:55 GMT"
Teleporters [Free] [Shooter],"Sun, 28 Jul 2019 10:49:32 GMT"
Crementum Game [Free] [Interactive Fiction],"Tue, 09 Jun 2020 05:54:02 GMT"
Versus [Free] [Fighting],"Thu, 05 Mar 2020 19:11:46 GMT"
Submarine Trash Collector [Free] [Simulation],"Mon, 22 Nov 2021 17:44:52 GMT"
4Pong [Free],"Sun, 19 Aug 2018 08:30:42 GMT"
Relink [Free] [Puzzle],"Sun, 13 Jun 2021 17:56:30 GMT"
Bowman [Free] [Puzzle],"Thu, 03 Sep 2020 19:39:28 GMT"
The Swolely Grail [Free] [Sports],"Mon, 08 Jun 2020 06:57:38 GMT"
Segmentation Fault [Free] [Other],"Sun, 09 Jun 2019 03:28:15 GMT"
Ghost Invaders [Free] [Shooter],"Sun, 21 Feb 2021 08:41:57 GMT"
Bubbles [Free] [Action],"Mon, 15 Apr 2019 21:56:47 GMT"
Catharsis [Free] [Action],"Sat, 11 Jul 2020 21:51:28 GMT"
Air Raid 2023 [Free] [Shooter] [Windows],"Tue, 02 Oct 2018 07:15:46 GMT"
Cheeky Chappies [Free] [Other],"Sun, 13 Jun 2021 14:21:43 GMT"
Ludovic Apprentice [Free] [Adventure],"Sun, 15 Mar 2020 04:30:55 GMT"
Quo [Free] [Puzzle],"Tue, 06 Jul 2021 13:52:26 GMT"
Cards Dungeon [Free] [Card Game],"Tue, 01 Dec 2020 14:33:17 GMT"
Yolka [Free] [Survival],"Sat, 11 Dec 2021 16:31:54 GMT"
Disinfect Shooter [Free] [Shooter],"Fri, 08 May 2020 11:29:56 GMT"
Survive till the END [Free] [Action],"Fri, 20 Mar 2020 03:19:13 GMT"
Timbiriche (Dots & Boxes) [Free] [Strategy],"Thu, 23 Jan 2020 15:02:57 GMT"
Just Paper [Free] [Other] [Android],"Wed, 22 Jul 2020 11:42:14 GMT"
Mission - #2ColorsGJ [Free] [Action],"Sun, 22 Jul 2018 08:53:44 GMT"
Dot Survival [Free] [Shooter],"Sun, 26 Aug 2018 23:59:45 GMT"
COVID Curve Walker [Free] [Simulation],"Thu, 02 Jul 2020 05:01:58 GMT"
Infiltrator [Free] [Platformer],"Mon, 27 Jul 2020 02:03:15 GMT"
Cavern Cartographer [Free] [Platformer],"Fri, 13 Dec 2019 01:10:32 GMT"
Neon Beat [Free] [Rhythm],"Tue, 08 Oct 2019 13:16:26 GMT"
AluraGame [Free] [Action],"Wed, 18 Sep 2019 01:13:06 GMT"
Box Clicker [Free] [Other],"Sun, 16 May 2021 19:51:20 GMT"
Rainwater Collector [Free] [Action],"Thu, 25 Jun 2020 04:20:05 GMT"
nOughts & croXes [Free] [Puzzle],"Thu, 05 Aug 2021 13:01:12 GMT"
Short Ghost Game [Free],"Thu, 18 Feb 2021 16:07:36 GMT"
Number One Fan [Free] [Shooter],"Mon, 01 Jun 2020 20:39:44 GMT"
leverkuhn [Free] [Strategy],"Sun, 17 May 2020 18:30:57 GMT"
Feed the robot [Free] [Other],"Sat, 06 Apr 2019 19:45:16 GMT"
Hannah's Wordsearch Game [Free] [Puzzle],"Mon, 08 Jun 2020 21:04:12 GMT"
The Demon's Clenched Fist [Free] [Survival],"Sat, 16 May 2020 01:42:41 GMT"
Octagonis [Free] [Action],"Sun, 14 Jun 2020 08:10:23 GMT"
Î≥ÑÏùÑ Îî∞Îã§ Ï§ò Get Me a Star [Free] [Action],"Tue, 30 Nov 2021 07:11:39 GMT"
froggo [Free] [Action],"Sun, 09 Aug 2020 06:21:45 GMT"
Paradox Shrooms [Free],"Mon, 12 Apr 2021 08:34:08 GMT"
Flappy Ware [Free] [Platformer],"Wed, 08 Apr 2020 21:03:25 GMT"
üò∂ [Free] [Platformer],"Thu, 19 Mar 2020 18:39:01 GMT"
Spacycrafts [Free] [Shooter],"Mon, 23 Nov 2020 07:22:16 GMT"
LifeDeathLoveHate [Free] [Card Game],"Sun, 15 Nov 2020 17:01:16 GMT"
telejumper [Free] [Platformer],"Sun, 21 Jun 2020 15:58:12 GMT"
ASTRO v.0.1 [Free] [Action],"Thu, 17 Dec 2020 04:15:58 GMT"
Explosion [Free] [Action],"Mon, 15 Mar 2021 12:51:22 GMT"
Evade! [Free],"Mon, 03 Feb 2020 23:33:30 GMT"
CIRKEL Pong [Free] [Other],"Sun, 14 Mar 2021 12:03:21 GMT"
Rotatic [Free] [Puzzle],"Wed, 30 Oct 2019 03:43:08 GMT"
trapped [Free] [Survival],"Wed, 24 Nov 2021 18:09:04 GMT"
the last world [Free] [Interactive Fiction],"Wed, 04 Nov 2020 13:42:59 GMT"
Green and Red [Free] [Survival],"Sat, 05 Dec 2020 11:02:51 GMT"
AntiMaze [Free] [Strategy],"Sat, 27 Feb 2021 20:31:03 GMT"
Bucket Simulator [$1.00] [Simulation],"Tue, 16 Jun 2020 19:39:26 GMT"
PewPew [Free] [Action],"Sun, 16 Aug 2020 02:34:46 GMT"
Steel Bond [Free] [Survival],"Sat, 22 Aug 2020 14:58:11 GMT"
Miss the clicking [Free] [Educational],"Thu, 04 Mar 2021 17:19:29 GMT"
Balance [Free] [Other],"Tue, 23 Jun 2020 01:35:43 GMT"
Just-A-3D-Button [Free] [Puzzle],"Mon, 27 Sep 2021 12:44:53 GMT"
Covid-20: The Game [Free] [Platformer],"Sun, 17 Jan 2021 14:45:33 GMT"
Space Defender V.1.0 [Free] [Shooter],"Sun, 17 Jan 2021 08:17:50 GMT"
Cube Jump! [Free] [Action],"Thu, 04 Feb 2021 01:09:38 GMT"
Sir. Knight Immortal [Free] [Action],"Thu, 27 May 2021 10:59:31 GMT"
zooi [Free] [Action],"Tue, 13 Jul 2021 18:59:17 GMT"
Ironman and Flying Monsters [Free] [Action],"Sat, 19 Dec 2020 16:20:53 GMT"
One Difficult Horse Level [Free] [Platformer],"Tue, 02 Nov 2021 22:46:32 GMT"
Turretor [Free] [Action],"Sun, 14 Mar 2021 15:32:58 GMT"
Shootout [Free] [Shooter],"Sat, 06 Nov 2021 21:40:27 GMT"
acretion disk [Free] [Shooter],"Sat, 31 Oct 2020 14:06:59 GMT"
red doge [Free] [Action],"Fri, 25 Dec 2020 18:22:11 GMT"
Critical Core [Free] [Survival],"Mon, 26 Jul 2021 05:32:27 GMT"
Legosweeper Full (V 1.0) [Free] [Puzzle],"Sat, 14 Nov 2020 12:26:32 GMT"
Duck Wars [Free] [Platformer],"Thu, 10 Jun 2021 14:39:49 GMT"
fotbal [Free] [Sports],"Sun, 07 Nov 2021 21:26:16 GMT"
Forest [Free] [Adventure],"Sat, 30 Oct 2021 20:22:57 GMT"
Bitmaze [Free] [Puzzle],"Thu, 09 Dec 2021 11:23:00 GMT"
Captain Lee [Free] [Educational],"Fri, 08 Jun 2018 16:17:45 GMT"
Minor (Planet) Miner [Free] [Platformer],"Thu, 28 Feb 2019 01:26:04 GMT"
Le jeu des b√¢tons [Free] [Interactive Fiction],"Fri, 22 Jun 2018 17:17:54 GMT"
Curling Extreme [Free] [Sports],"Tue, 09 Jul 2019 03:22:13 GMT"
Automate Cellulaire [Free] [Shooter],"Sun, 02 Dec 2018 18:29:29 GMT"
Neon Power [Free] [Racing] [Android],"Sun, 19 May 2019 15:13:39 GMT"
Pengzilla [Free] [Survival],"Thu, 10 May 2018 10:27:45 GMT"
Money On Trees [Free] [Other],"Fri, 24 Aug 2018 16:01:59 GMT"
Non Idiomatic Jam Party [Free] [Rhythm],"Tue, 08 May 2018 16:44:37 GMT"
Factory Panic [Free] [Other],"Mon, 13 Aug 2018 22:16:17 GMT"
Pizza Dress-Up [Free],"Fri, 20 Jul 2018 16:55:46 GMT"
PuyoJS [Free] [Puzzle],"Thu, 11 Jul 2019 04:45:33 GMT"
Memory [Free] [Visual Novel],"Sat, 18 May 2019 10:51:49 GMT"
You Have One Shot At This [Free] [Shooter],"Sat, 03 Aug 2019 12:43:26 GMT"
Aksara Jawa [Free] [Educational] [Android],"Sat, 14 Jul 2018 21:32:58 GMT"
Dig or die [Free] [Action],"Sat, 22 Jun 2019 18:09:12 GMT"
Social Distancing [Free] [Survival],"Sun, 19 Apr 2020 15:50:42 GMT"
One [Free] [Puzzle],"Sun, 04 Aug 2019 14:05:45 GMT"
Potato Simulator 2014 Remix [Free],"Sat, 01 Sep 2018 14:05:51 GMT"
Time? travel? puzzle [Free] [Puzzle],"Thu, 06 Aug 2020 16:43:21 GMT"
Space Invaders: Awesome Per Second Edition [Free] [Shooter],"Mon, 20 Aug 2018 02:25:08 GMT"
GyroDodge [Free],"Wed, 20 Mar 2019 07:18:04 GMT"
You're Fired! [Free] [Shooter],"Thu, 14 Jun 2018 21:36:11 GMT"
MultiSnake [Free],"Wed, 10 Jul 2019 18:41:49 GMT"
Mothership Crew [Free] [Action],"Sun, 20 Jan 2019 08:11:59 GMT"
The controversy of food [Free] [Adventure],"Sat, 18 May 2019 15:32:05 GMT"
Penzance Pirates [Free] [Survival],"Mon, 09 Jul 2018 17:21:22 GMT"
Survival Squad [The Storm] [Free] [Survival],"Thu, 10 May 2018 10:23:30 GMT"
9in1 [Free],"Sun, 04 Aug 2019 12:47:30 GMT"
PIQUE [Free] [Sports],"Thu, 07 Nov 2019 01:33:52 GMT"
Looper [Free],"Sun, 04 Oct 2020 00:51:34 GMT"
Enormous Impossibility Drive [Free] [Action],"Sun, 12 Jul 2020 18:44:35 GMT"
PONG in p5.js [Free] [Other],"Fri, 15 Jan 2021 05:59:55 GMT"
Museum of the self [Free] [Visual Novel],"Thu, 19 Nov 2020 08:03:15 GMT"
