Gridblocked [Free] [Puzzle] [Windows],"Fri, 29 Jan 2021 23:07:27 GMT"
Herding Cats [Free] [Puzzle],"Fri, 12 May 2017 03:27:54 GMT"
A Kishoutenketsu in the countryside [$1.00] [Puzzle] [Windows] [macOS] [Linux],"Sun, 29 Jan 2017 10:36:10 GMT"
Flying Kick [Free] [Puzzle] [Windows] [macOS] [Linux],"Wed, 18 Mar 2015 08:45:11 GMT"
EDGE CASE [Free] [Puzzle],"Tue, 14 Jan 2020 05:08:21 GMT"
Aunt Flora's Mansion [Free] [Puzzle],"Fri, 12 May 2017 03:42:13 GMT"
Duplicators [Free] [Puzzle],"Wed, 22 Apr 2020 06:49:47 GMT"
Sokogeon [2.00‚Ç¨] [Puzzle] [Windows] [macOS] [Linux],"Mon, 15 Aug 2016 10:50:47 GMT"
Conveyor Con-fusion [Free] [Puzzle],"Sun, 02 Jan 2022 20:56:41 GMT"
Pushing U [Free] [Puzzle],"Sat, 18 Jun 2022 14:10:52 GMT"
Ice path [Free] [Puzzle],"Fri, 24 Aug 2018 11:28:52 GMT"
Rooky Moves [Free] [Puzzle],"Tue, 03 Apr 2018 23:09:16 GMT"
At the Hedges of Time [Free] [Puzzle],"Thu, 20 May 2021 22:42:29 GMT"
Indiana Hat and the Temple of Puzz [Free] [Puzzle],"Thu, 28 Jan 2021 00:45:25 GMT"
Psykoban [Free] [Puzzle],"Tue, 20 Mar 2018 23:15:12 GMT"
Energy flow [Free] [Puzzle],"Sun, 02 Feb 2020 20:42:30 GMT"
Secure [Free] [Puzzle],"Sat, 31 Jul 2021 12:04:03 GMT"
Walk Your Friends Back Home [Free] [Puzzle],"Mon, 11 Jun 2018 00:34:59 GMT"
Disappointment [Free] [Other] [Windows] [macOS] [Linux],"Thu, 19 Mar 2015 08:39:10 GMT"
Purple [Free] [Puzzle],"Sat, 07 Jul 2018 06:32:57 GMT"
The Flames [Free] [Puzzle],"Sun, 17 Dec 2017 12:51:29 GMT"
Drop Kick [Free] [Puzzle],"Fri, 25 Nov 2016 08:20:22 GMT"
Robot Heist [$1.00] [Puzzle],"Tue, 17 May 2016 01:35:19 GMT"
Laser League [Free] [Puzzle],"Tue, 22 Oct 2019 01:03:49 GMT"
Sonder [Free] [Puzzle],"Sat, 11 Mar 2017 05:44:59 GMT"
Two Worlds [Free] [Puzzle],"Tue, 27 Jul 2021 14:32:18 GMT"
Umbrellas [Free] [Other],"Sat, 04 Jul 2015 00:46:59 GMT"
Ducks in a row ü¶Ü ü¶Ü ü¶Ü [Free] [Puzzle],"Sat, 09 Jun 2018 08:25:42 GMT"
Duality [Free] [Puzzle],"Fri, 29 Jun 2018 08:19:24 GMT"
Apples and Portals [Free] [Puzzle],"Fri, 14 Apr 2017 10:34:32 GMT"
Shoving [Free] [Puzzle] [Windows] [macOS] [Linux],"Wed, 18 Mar 2015 08:38:16 GMT"
„Åø„Çì„Å™„ÅßGOLFÔºÅ(Shall We Golf?) [Free] [Puzzle],"Wed, 17 Mar 2021 06:31:06 GMT"
Sokoslam [Free] [Puzzle] [Windows] [macOS] [Linux],"Wed, 18 Mar 2015 20:36:25 GMT"
Snek [Free] [Puzzle],"Sat, 27 Jan 2018 09:49:41 GMT"
Movement Garden (LD version) [Free] [Puzzle],"Sun, 02 Dec 2018 20:27:25 GMT"
Drop Swap [Free] [Puzzle] [Windows] [macOS] [Linux],"Thu, 19 Mar 2015 08:45:30 GMT"
Mandy Crush [Free] [Puzzle] [Windows] [macOS] [Linux],"Wed, 18 Mar 2015 19:33:11 GMT"
like a hot knife through butter [Free] [Puzzle],"Wed, 27 Apr 2022 12:50:25 GMT"
A Slime's Test for Intelligence [Free] [Puzzle],"Sun, 24 Jul 2022 16:27:56 GMT"
Mini Adventuring Squad [Free] [Puzzle],"Sat, 17 Jul 2021 14:50:00 GMT"
Remnant Labs [Free] [Puzzle],"Fri, 04 Feb 2022 19:26:34 GMT"
Infected [Free] [Puzzle],"Mon, 02 Jul 2018 03:23:18 GMT"
Claustrophobe Wizard [Free] [Puzzle],"Thu, 20 Dec 2018 23:22:32 GMT"
Mortar [Free] [Puzzle],"Fri, 13 Nov 2020 11:54:10 GMT"
My first Kishoutenketsu [Free] [Puzzle],"Tue, 03 May 2016 09:34:55 GMT"
Skinny Dippin' [Free] [Puzzle],"Mon, 01 Dec 2014 03:13:55 GMT"
Pot Wash Panic [Free] [Puzzle],"Fri, 04 May 2018 08:32:56 GMT"
Fossils [Free] [Puzzle] [Windows] [macOS] [Linux],"Tue, 27 Mar 2018 13:55:47 GMT"
Tile step [Free] [Puzzle],"Sat, 30 Jun 2018 02:36:32 GMT"
Simple Sokoban [Free] [Puzzle],"Wed, 21 Oct 2020 19:04:52 GMT"
Hitman: Block Money [Free] [Puzzle],"Thu, 11 Feb 2016 15:46:27 GMT"
A Snowball's Chance in Hell [Free] [Puzzle],"Tue, 10 May 2016 23:43:22 GMT"
Teleporters [Free] [Puzzle],"Thu, 05 Jul 2018 04:56:32 GMT"
Emerita [Free] [Puzzle] [Windows] [macOS] [Linux],"Sat, 21 Mar 2015 14:52:41 GMT"
RAFTURE [Free] [Puzzle],"Mon, 03 Dec 2018 13:19:16 GMT"
Bodenhorizont [Free] [Other],"Sat, 24 Apr 2021 03:13:45 GMT"
Gridroots [Free] [Puzzle],"Mon, 26 Apr 2021 20:26:09 GMT"
I am Two [Free] [Puzzle],"Sat, 06 Mar 2021 11:48:52 GMT"
Islands [Free] [Puzzle],"Mon, 23 Mar 2020 03:42:34 GMT"
Headlong Hunt [Free] [Puzzle],"Sat, 05 Jun 2021 04:49:55 GMT"
Timmy times 100 [Free] [Puzzle],"Sun, 28 Aug 2022 08:12:14 GMT"
Patrick's Parabox PuzzleScript demake [Free] [Puzzle],"Tue, 30 Mar 2021 19:02:08 GMT"
consumed to 1 [Free] [Puzzle],"Fri, 06 Jul 2018 05:00:00 GMT"
Simple Portal [Free] [Puzzle],"Mon, 02 Jun 2014 08:31:40 GMT"
Entanglement: Chapter 1 [Free] [Puzzle],"Sat, 19 Jan 2019 22:42:11 GMT"
paint everything everywhere! [Free] [Puzzle],"Tue, 06 Jul 2021 13:00:07 GMT"
Chestnuts Roasting [Free] [Puzzle],"Wed, 09 Sep 2015 14:01:30 GMT"
Fuse to green [Free] [Puzzle],"Sun, 01 Jul 2018 04:30:02 GMT"
Nourish [Free] [Puzzle],"Sun, 26 Jun 2022 22:55:07 GMT"
Sokobanana [Free] [Puzzle],"Tue, 17 Jan 2017 22:01:44 GMT"
Sacrifices must (not) be made [Free] [Puzzle],"Fri, 22 Mar 2019 23:32:04 GMT"
That Gravity Glow [Free] [Puzzle],"Sat, 14 Aug 2021 15:57:50 GMT"
All Together [Free] [Puzzle],"Tue, 24 Mar 2015 19:17:48 GMT"
Pentaglyph [Free] [Puzzle],"Sat, 20 Nov 2021 22:36:02 GMT"
Tall Grass [Free] [Puzzle],"Thu, 27 Feb 2014 17:42:26 GMT"
Polarization [Free] [Puzzle],"Sun, 25 Mar 2018 18:26:41 GMT"
Entropic Thunder [Free] [Puzzle],"Fri, 27 Apr 2018 02:49:59 GMT"
Frogbike [Free] [Puzzle] [Windows] [macOS],"Fri, 12 Aug 2016 19:20:34 GMT"
Dr Jelly and Mr Slime [Free] [Puzzle],"Fri, 31 Jul 2020 19:26:33 GMT"
picrossban [Free] [Puzzle],"Wed, 08 Apr 2020 13:57:33 GMT"
An Elastephantastic Adventure [Free] [Puzzle],"Fri, 02 Jul 2021 22:46:58 GMT"
Bunny's Magical Hat [Free] [Puzzle],"Thu, 07 Jul 2022 04:14:25 GMT"
Watch Your Step [Free] [Puzzle],"Fri, 05 Jan 2018 23:30:34 GMT"
Bubblegum guy [Free] [Puzzle],"Fri, 10 May 2019 21:49:40 GMT"
Vertebrae [Free] [Puzzle],"Wed, 19 Jul 2017 12:15:12 GMT"
Boolean Bloom [Free] [Puzzle],"Thu, 18 Mar 2021 03:51:39 GMT"
Nonoban: Picross Pushers [Free] [Puzzle] [Android],"Sat, 22 Mar 2014 12:35:27 GMT"
Metamor[œÅ]hosis [Free] [Puzzle],"Sat, 14 Mar 2020 01:05:17 GMT"
Thread [Free] [Puzzle],"Mon, 20 Sep 2021 00:34:20 GMT"
Every Star Needs a Tree [Free] [Puzzle],"Tue, 30 Nov 2021 07:32:25 GMT"
Gravnic [Free] [Puzzle],"Sun, 20 Feb 2022 04:25:22 GMT"
Glyph Dentaku [Free] [Puzzle],"Tue, 13 Jul 2021 16:29:43 GMT"
Elephant Express [Free] [Puzzle],"Tue, 29 Jun 2021 13:16:08 GMT"
Escape the Void [Free] [Puzzle],"Sat, 18 Jan 2020 00:37:13 GMT"
Treacherous Twosday [Free] [Puzzle],"Mon, 21 Feb 2022 15:57:12 GMT"
Sonder [Free] [Puzzle] [Windows] [Linux],"Sun, 11 Dec 2016 09:34:13 GMT"
A Dove's Work [Free] [Puzzle],"Sun, 03 Jul 2022 03:07:12 GMT"
elephant-in-a-bottle [Free] [Puzzle],"Fri, 02 Jul 2021 08:04:11 GMT"
The Citadel [Free] [Puzzle],"Sat, 24 Mar 2018 21:52:12 GMT"
SokoBunny [Free] [Puzzle],"Tue, 10 Apr 2018 20:01:02 GMT"
Coordinated [Free] [Puzzle],"Wed, 22 Dec 2021 22:45:52 GMT"
my relationship with bitsy [Free] [Adventure],"Tue, 24 Nov 2020 01:22:24 GMT"
Gorgons' Gaze [Free] [Puzzle],"Wed, 13 Apr 2022 16:24:33 GMT"
Albany Space Bots [Free] [Puzzle],"Sun, 17 Jul 2022 20:20:34 GMT"
Sokoban In Sokoland [Free] [Puzzle],"Wed, 20 Nov 2019 12:42:59 GMT"
Try [Free] [Puzzle],"Sun, 02 Dec 2018 17:03:29 GMT"
Get Your Ducks in a Row [Free] [Puzzle],"Wed, 08 Sep 2021 09:22:22 GMT"
Hikari‚Äôs Journey ÂÖâ„ÅÆÊóÖ ‚Äî the umbral world [Free] [Adventure],"Mon, 04 Oct 2021 18:22:35 GMT"
chickenswamp (5/10) [Free] [Puzzle],"Wed, 09 Dec 2020 02:28:53 GMT"
Paint the Town Red [Free] [Puzzle],"Tue, 23 Jan 2018 02:29:50 GMT"
Sisyphus' Sokoban [Free] [Puzzle],"Sun, 20 Feb 2022 17:49:28 GMT"
Portal-ban [Free] [Puzzle],"Wed, 27 Feb 2019 04:18:30 GMT"
Hungover [Free] [Puzzle],"Sat, 12 Nov 2016 21:01:29 GMT"
Isaac and the Conservation of Momentum [Free] [Puzzle],"Wed, 30 Jun 2021 13:04:30 GMT"
A monster's snowball [Free] [Puzzle],"Sun, 13 Jun 2021 11:55:36 GMT"
Fill the World With Your Rainbow [Free] [Puzzle],"Mon, 06 Jul 2015 12:56:31 GMT"
Auto-Alchemist [Free] [Puzzle],"Thu, 03 Feb 2022 02:45:02 GMT"
G-G-G-Ghost Crate! [Free] [Puzzle],"Sat, 28 Oct 2017 21:13:48 GMT"
Furniture Science [Free] [Puzzle] [Windows] [macOS] [Linux] [Android],"Tue, 06 Apr 2021 19:46:07 GMT"
Golem's Expedition [Free] [Puzzle],"Wed, 25 Aug 2021 07:50:42 GMT"
Nyctoban [Free] [Puzzle],"Wed, 11 May 2022 15:04:23 GMT"
Long Haul Space Flight [Free] [Puzzle],"Tue, 23 Nov 2021 04:00:48 GMT"
Geode [Free] [Puzzle],"Sun, 09 Jan 2022 23:24:44 GMT"
Boogie Woogie [Free] [Puzzle],"Fri, 17 Jan 2020 02:33:56 GMT"
Magicians Have Long Handkerchiefs [Free] [Puzzle],"Thu, 07 Jul 2022 10:01:14 GMT"
Space Valet [Free] [Puzzle],"Sat, 07 Jun 2014 17:30:53 GMT"
Flood Gates [Free] [Puzzle],"Sun, 30 Jan 2022 05:49:17 GMT"
"Hop to, Kangaroo! [Free] [Puzzle]","Thu, 19 Apr 2018 05:20:42 GMT"
SokokoS [Free] [Puzzle],"Sun, 14 Nov 2021 03:14:34 GMT"
The elephant in her room [Free] [Puzzle],"Sun, 27 Jun 2021 14:58:38 GMT"
Dungeon Keysmith's Apprentice [Free] [Puzzle],"Sun, 13 Jun 2021 05:35:20 GMT"
Elfent's Quest [Free] [Puzzle],"Sat, 26 Jun 2021 11:39:09 GMT"
Necroban [Free] [Puzzle],"Mon, 20 Apr 2020 21:50:40 GMT"
Cutters and Concrete [Free] [Puzzle],"Fri, 24 Apr 2020 02:36:46 GMT"
Museum of Microban [Free] [Puzzle],"Thu, 07 Apr 2022 22:44:20 GMT"
Pixel's Inferno [Free] [Adventure],"Sun, 28 Apr 2019 23:56:32 GMT"
Let's All Hold Hands [Free] [Puzzle],"Tue, 23 Nov 2021 17:35:04 GMT"
guided-sock-meditation [Free] [Puzzle],"Wed, 01 Jul 2020 23:59:13 GMT"
Five Night's At Freddy's Puzzle Game [Free] [Puzzle],"Tue, 13 Apr 2021 18:07:08 GMT"
Magician's hat Witch's hat [Free] [Puzzle],"Fri, 08 Jul 2022 07:25:47 GMT"
The Hungry Reindeer And The Chef Reindeer [Free] [Puzzle] [Windows] [macOS] [Linux],"Thu, 28 Apr 2022 07:53:25 GMT"
Cube [Free] [Puzzle],"Sat, 16 Jul 2022 14:47:54 GMT"
Snakehole [Free] [Puzzle],"Sat, 09 Feb 2019 23:24:43 GMT"
I Need To Stop My Teleport Gun [Free] [Puzzle],"Wed, 01 Dec 2021 04:17:33 GMT"
Sliding ground [Free] [Puzzle],"Thu, 06 Sep 2018 16:05:54 GMT"
Tower of Hats [Free] [Puzzle],"Sun, 03 Jul 2022 17:49:27 GMT"
The Sorcerer's Detritus [Free] [Puzzle],"Fri, 08 Jul 2022 13:15:34 GMT"
Samson Goes to the Barber [Free] [Puzzle],"Sat, 26 Sep 2020 04:45:01 GMT"
Constellations [Free] [Puzzle],"Tue, 16 Apr 2019 03:53:30 GMT"
Bottom Feeder [Free] [Puzzle],"Mon, 06 Jan 2020 08:29:10 GMT"
Line of Sight [Free] [Puzzle],"Mon, 18 Feb 2019 20:30:09 GMT"
Snakeshit [Free] [Puzzle],"Sun, 08 Jul 2018 22:18:31 GMT"
Magiciban [Free] [Puzzle],"Fri, 08 Jul 2022 21:39:06 GMT"
PushTOOL [Free] [Puzzle],"Fri, 02 Jul 2021 22:29:23 GMT"
Every Rock A Friend [Free] [Puzzle],"Wed, 01 Sep 2021 17:34:13 GMT"
Cooper [Free] [Puzzle],"Sat, 12 Jan 2019 14:09:55 GMT"
Selene's Labyrinth [Free] [Puzzle],"Tue, 03 Mar 2020 14:19:19 GMT"
[Almost] One Room [Free] [Puzzle] [Windows],"Tue, 13 Dec 2016 00:28:04 GMT"
Stackoban [Free] [Puzzle],"Thu, 12 Nov 2020 10:29:51 GMT"
The closet and the castle [Free] [Other],"Sun, 13 Nov 2016 10:34:16 GMT"
Hats Off [Free] [Puzzle],"Sat, 14 May 2022 12:30:22 GMT"
Driving School [Free] [Puzzle],"Fri, 13 May 2022 13:27:35 GMT"
Seq-O-Ban [Free] [Puzzle],"Sun, 06 Jan 2019 21:46:17 GMT"
Baba Is You - PuzzleScript Demake [Free] [Puzzle],"Sun, 20 Dec 2020 06:57:15 GMT"
Train Snaking [Free] [Puzzle],"Fri, 17 May 2019 17:00:45 GMT"
Herding Hero [Free] [Puzzle],"Sat, 04 May 2019 22:16:04 GMT"
Spider's Hollow [Free] [Puzzle],"Wed, 05 Jul 2017 05:54:54 GMT"
Caged Rabbits [Free] [Puzzle],"Fri, 08 Jul 2022 01:37:46 GMT"
Tony Hawk Puzzle Skater [Free] [Puzzle],"Tue, 22 Oct 2019 01:20:23 GMT"
Logical Gate [Free],"Sat, 28 Jul 2018 08:18:53 GMT"
The Cheat Code [Free] [Puzzle],"Wed, 07 Jul 2021 21:35:39 GMT"
One Screen Border [Free] [Puzzle],"Sun, 04 Aug 2019 16:43:47 GMT"
The Fuse [Free] [Puzzle],"Mon, 24 Dec 2018 10:23:22 GMT"
Make oo [Free] [Puzzle],"Thu, 17 Feb 2022 19:48:51 GMT"
Coyote Time Lord [Free] [Puzzle],"Mon, 04 Apr 2022 23:39:14 GMT"
The art of cloning [Free] [Puzzle] [Windows],"Sat, 23 Jun 2018 08:31:20 GMT"
Soul me Soul you [Free] [Puzzle],"Wed, 24 Nov 2021 06:14:10 GMT"
Color Spies [Free] [Puzzle],"Wed, 25 May 2022 09:14:40 GMT"
Ahoist Cratey [Free] [Puzzle],"Thu, 28 Jan 2021 00:34:45 GMT"
Caramelban [Free] [Puzzle],"Sat, 20 Nov 2021 12:01:34 GMT"
Spellephant (Thinky Puzzle Space Ham ver) [Free] [Puzzle],"Fri, 02 Jul 2021 09:18:48 GMT"
I wanna change my position [Free] [Puzzle],"Wed, 17 Nov 2021 01:10:45 GMT"
A Sailor's Pastime [Free] [Puzzle],"Sun, 13 Jun 2021 09:16:25 GMT"
Love Machine [Free] [Puzzle],"Fri, 07 Jun 2019 07:50:42 GMT"
Putting the Blocks Away [Free] [Puzzle],"Thu, 21 Apr 2022 06:44:20 GMT"
Kye.ps [Free] [Puzzle],"Mon, 12 Jul 2021 04:06:46 GMT"
I wanna move once more [Free] [Puzzle],"Fri, 09 Jul 2021 22:41:47 GMT"
opposoddo [Free] [Puzzle],"Sat, 09 Nov 2019 21:35:59 GMT"
Raft Away [Free] [Puzzle],"Wed, 25 Aug 2021 16:56:20 GMT"
Fused copy [Free] [Puzzle],"Sun, 16 Sep 2018 11:46:58 GMT"
White pillars [Free] [Puzzle],"Wed, 01 Aug 2018 01:35:38 GMT"
cute train [Free] [Puzzle],"Tue, 03 Dec 2013 00:49:52 GMT"
The Great Emu War [Free] [Puzzle],"Fri, 16 Sep 2016 09:47:07 GMT"
Magician's Headband [Free] [Puzzle],"Tue, 05 Jul 2022 13:36:55 GMT"
push connection [Free] [Puzzle],"Mon, 21 Jun 2021 11:31:24 GMT"
Entanglement: Chapter 2 [Free] [Puzzle],"Wed, 23 Jan 2019 22:40:32 GMT"
Grazerment [Free] [Puzzle],"Sun, 09 Jun 2019 14:32:59 GMT"
Electric wire [Free] [Puzzle],"Sat, 01 Sep 2018 14:43:29 GMT"
XL-Up Maze [Free],"Mon, 23 Aug 2021 20:21:29 GMT"
Warm Winter [Free] [Puzzle],"Sat, 22 Jun 2019 09:48:32 GMT"
Mini Jill Off [Free] [Puzzle],"Thu, 05 Mar 2015 18:20:55 GMT"
Don't Touch That Thing! [Free] [Puzzle],"Mon, 25 Apr 2022 22:17:29 GMT"
Sokodig [Free] [Puzzle],"Sat, 24 Apr 2021 14:15:42 GMT"
Loop Deleter [Free] [Puzzle],"Sun, 04 Oct 2020 21:38:24 GMT"
Yet Another Pipe Pusher [Free] [Puzzle],"Wed, 25 Aug 2021 10:33:52 GMT"
One Level [Free] [Puzzle],"Sat, 15 Feb 2020 12:22:52 GMT"
The Heart Go Wander [Free] [Puzzle],"Sat, 15 Nov 2014 22:50:40 GMT"
Singleton traffic [Free] [Puzzle],"Fri, 09 Jun 2017 17:40:13 GMT"
Puzzle Adventure [Free] [Puzzle],"Tue, 14 May 2019 20:28:53 GMT"
Hue change [Free] [Puzzle],"Sat, 11 Aug 2018 07:19:55 GMT"
A Magician's Hike [Free] [Puzzle],"Fri, 08 Jul 2022 22:38:45 GMT"
The Flame [Free] [Puzzle],"Sat, 10 Oct 2020 03:16:40 GMT"
Out Of Bounds [Free] [Puzzle],"Sat, 13 Nov 2021 13:15:34 GMT"
Compressed [Free] [Puzzle],"Tue, 10 Jul 2018 05:46:13 GMT"
Crusher [Free] [Puzzle],"Mon, 17 Jun 2019 10:59:26 GMT"
PUZZLESCRIPT LAWNMOWER [Free] [Action],"Sun, 04 Apr 2021 05:27:44 GMT"
The Electrician's Dilemma [Free] [Puzzle],"Thu, 02 Dec 2021 16:57:14 GMT"
BoxChums [Free] [Puzzle],"Sun, 07 Jan 2018 23:02:25 GMT"
A Firefighter's Boxing Matches [Free] [Puzzle],"Fri, 02 Jul 2021 20:39:03 GMT"
Snakeoban [Free] [Puzzle],"Wed, 18 Nov 2015 20:54:38 GMT"
Dig and Dig Deep [Free] [Puzzle],"Thu, 29 Apr 2021 00:18:34 GMT"
Sokobi [Free] [Puzzle],"Thu, 21 Apr 2022 09:50:06 GMT"
Always with the magnets [Free] [Puzzle],"Tue, 30 Jan 2018 01:31:16 GMT"
"One Box, Blue Box [Free] [Puzzle]","Sat, 03 Jun 2017 05:07:06 GMT"
Wall-bonding [Free] [Puzzle],"Wed, 22 Aug 2018 06:19:28 GMT"
no space left unlit [Free] [Puzzle],"Sun, 14 Nov 2021 00:03:59 GMT"
seaside üèñÔ∏è [Free],"Wed, 31 Jul 2019 06:38:12 GMT"
Growing Slime [Free] [Puzzle],"Tue, 19 Oct 2021 07:10:39 GMT"
The laser [Free] [Puzzle],"Fri, 27 Jul 2018 03:56:10 GMT"
Bad Juju [Free] [Puzzle],"Sun, 27 Jun 2021 18:08:50 GMT"
Landfill [Free] [Puzzle],"Thu, 08 Aug 2019 20:32:04 GMT"
I Need To Go Deeper [Free] [Puzzle],"Wed, 26 May 2021 10:32:21 GMT"
Push Block [Free] [Puzzle],"Wed, 23 Mar 2022 16:36:20 GMT"
Rect Pusher [Free] [Puzzle],"Fri, 22 Oct 2021 04:12:38 GMT"
Where the Heart Leads [Free] [Puzzle],"Thu, 28 Jan 2021 05:45:54 GMT"
Crate Cables [Free] [Puzzle],"Fri, 18 Jan 2019 21:30:24 GMT"
Death Trap Tango [Free] [Puzzle],"Sat, 05 Aug 2017 02:10:21 GMT"
An Elephant Can Wear Many Hats [Free] [Puzzle],"Fri, 02 Jul 2021 22:40:45 GMT"
Jailbreak [Free] [Puzzle],"Tue, 06 Aug 2019 12:19:45 GMT"
Ad Infinitum [Free] [Puzzle],"Mon, 29 Mar 2021 19:56:44 GMT"
The Quest for One [Free] [Puzzle],"Sat, 08 Jul 2017 23:19:57 GMT"
The Dragon's Lair [Free],"Sun, 06 Feb 2022 15:21:44 GMT"
Lawn and Order [Free] [Puzzle],"Tue, 21 Apr 2020 01:44:24 GMT"
Bubble Butler: CMD Reorganize [Free] [Puzzle],"Sat, 20 Oct 2018 19:11:42 GMT"
Laser Focus [Free] [Puzzle],"Sat, 24 Nov 2018 19:26:46 GMT"
Copy pellets [Free] [Puzzle],"Tue, 11 Sep 2018 16:24:06 GMT"
mini triptych [Free] [Puzzle],"Wed, 24 Nov 2021 15:27:32 GMT"
Weird Bug [Free] [Puzzle],"Mon, 20 Jan 2020 04:55:17 GMT"
Wall Clip [Free] [Puzzle],"Tue, 06 Oct 2020 02:37:29 GMT"
Modulus [Free] [Puzzle],"Fri, 05 Aug 2016 17:33:19 GMT"
Suicide Curse [Free] [Puzzle],"Wed, 03 Nov 2021 10:40:23 GMT"
Self Alteration [Free] [Puzzle],"Wed, 12 Sep 2018 16:33:27 GMT"
cubes medusa [Free] [Puzzle],"Sat, 21 Jul 2018 22:54:13 GMT"
Extra step [Free] [Puzzle],"Sat, 15 Sep 2018 19:25:33 GMT"
SwapBot [Free] [Puzzle],"Sun, 21 Oct 2018 05:54:40 GMT"
Swap [Free] [Puzzle],"Wed, 18 Jul 2018 02:56:24 GMT"
Going Somewhere? [Free] [Puzzle],"Tue, 18 Jun 2019 00:14:12 GMT"
On and off [Free] [Puzzle],"Sun, 02 Sep 2018 11:30:32 GMT"
Scaling walls [Free] [Puzzle],"Mon, 27 Aug 2018 12:14:28 GMT"
Mr Meta Robot [Free] [Puzzle],"Mon, 15 Mar 2021 21:37:07 GMT"
Sokotron [Free] [Puzzle],"Tue, 30 Nov 2021 22:18:34 GMT"
Line world [Free] [Adventure],"Sun, 21 Feb 2021 16:58:19 GMT"
DOKU no HANA [Free] [Puzzle],"Wed, 27 Nov 2019 05:32:36 GMT"
Masyuban [Free] [Puzzle],"Fri, 10 Aug 2018 21:05:16 GMT"
Collapsing tiles [Free] [Puzzle],"Tue, 04 Sep 2018 14:43:35 GMT"
Shifting Sands [Free] [Puzzle],"Wed, 17 Nov 2021 00:39:49 GMT"
Fire in winter [Free] [Puzzle],"Thu, 28 Jun 2018 05:40:20 GMT"
Magician's Cat [Free] [Puzzle],"Fri, 08 Jul 2022 04:42:31 GMT"
coolio gaem DEMO [Free] [Puzzle],"Thu, 06 May 2021 18:57:25 GMT"
monster mess [Free] [Puzzle],"Sat, 28 Jul 2018 05:46:35 GMT"
Some pits [Free] [Puzzle],"Thu, 26 Jul 2018 04:38:37 GMT"
Bruised [Free] [Puzzle],"Fri, 31 Aug 2018 15:14:16 GMT"
Loot Knight [Free] [Puzzle],"Thu, 19 Aug 2021 16:35:11 GMT"
Element Walkers [Free] [Puzzle],"Fri, 04 May 2018 05:31:32 GMT"
Desolated v1.2.1 [Free] [Puzzle],"Fri, 13 Jan 2017 17:33:56 GMT"
inbetween [Free] [Puzzle],"Wed, 04 Jul 2018 03:06:34 GMT"
Dark pellets [Free] [Puzzle],"Tue, 18 Sep 2018 20:21:01 GMT"
Yo Bro I Think I Have OCD [Free] [Puzzle],"Thu, 08 Oct 2020 12:08:49 GMT"
Completion At A Falcon's Pace [Free] [Windows] [macOS] [Linux],"Mon, 07 Feb 2022 02:22:10 GMT"
Roll those sixes [Free] [Puzzle],"Sun, 29 Apr 2018 12:22:36 GMT"
Paint Box [Free] [Puzzle],"Fri, 05 Nov 2021 14:47:30 GMT"
Lithium [Free] [Puzzle],"Mon, 28 Mar 2022 16:31:36 GMT"
Ë°åÂàó„ÅÆ„Åß„Åç„Çã„Éë„Ç∫„É´(GYORETU PUZZLE) [Free] [Puzzle],"Sun, 27 Sep 2020 09:34:42 GMT"
Magnetized [Free] [Puzzle],"Tue, 28 Aug 2018 14:52:07 GMT"
Side painting [Free] [Puzzle],"Wed, 19 Sep 2018 18:02:15 GMT"
Draw and Play [Free] [Other] [Windows],"Sat, 01 Apr 2017 16:05:34 GMT"
lights down [Free] [Puzzle],"Sat, 04 Aug 2018 03:32:38 GMT"
Becoming one [Free] [Puzzle],"Sat, 08 Sep 2018 14:47:36 GMT"
Sokoboros [Free] [Puzzle],"Mon, 07 Jan 2019 17:30:10 GMT"
Skyscraper [Free] [Puzzle],"Thu, 16 Aug 2018 11:15:25 GMT"
wall virus [Free] [Puzzle],"Sun, 29 Jul 2018 03:22:30 GMT"
Volcano [Free] [Puzzle],"Wed, 07 Sep 2016 21:49:23 GMT"
The Lil' Purple Marble [Free] [Puzzle],"Mon, 28 Jan 2019 00:26:34 GMT"
Superconductor Ludum Dare Edition [Free] [Puzzle],"Mon, 05 Oct 2020 07:50:53 GMT"
Pepe the Painter [Free] [Puzzle],"Thu, 13 Jun 2019 21:15:07 GMT"
Double Trouble [Free] [Puzzle],"Thu, 11 Nov 2021 07:31:00 GMT"
Robot Mazes [Free] [Puzzle],"Sat, 23 Oct 2021 10:06:15 GMT"
Rainbow Renovation [Free] [Puzzle],"Tue, 27 Apr 2021 04:19:04 GMT"
Fused pieces [Free] [Puzzle],"Sat, 25 Aug 2018 14:49:30 GMT"
Blackened [Free] [Puzzle],"Sun, 09 Jun 2019 18:04:57 GMT"
Batman II: Return of the Banana Bots [Free] [Puzzle],"Fri, 10 Jun 2016 01:31:11 GMT"
Sticky [Free] [Puzzle],"Mon, 16 Jul 2018 04:06:06 GMT"
SumoBan [Free] [Puzzle],"Fri, 16 Nov 2018 16:00:41 GMT"
The big dig [Free] [Puzzle],"Sun, 08 Jul 2018 04:23:25 GMT"
RGB Quest [Free] [Puzzle],"Sat, 21 Sep 2019 10:44:03 GMT"
Using pushers [Free] [Puzzle],"Wed, 11 Jul 2018 07:58:27 GMT"
Temperature Inc. [Free] [Puzzle],"Mon, 07 Mar 2022 04:42:36 GMT"
Low Battery [Free] [Puzzle],"Tue, 24 May 2016 20:56:30 GMT"
the copying [Free] [Puzzle],"Wed, 27 Jun 2018 07:46:32 GMT"
Beach Jump Maze [Free] [Puzzle],"Sun, 01 Apr 2018 18:42:54 GMT"
Cat Chases Mouse [Free] [Puzzle],"Tue, 23 Jul 2019 08:15:35 GMT"
„Åä„ÅÑ„Çç„Å™„Åä„Åó(OIRONAOSHI) [Free] [Puzzle],"Wed, 14 Jul 2021 10:05:41 GMT"
Statues [Free] [Puzzle],"Fri, 07 Sep 2018 15:47:24 GMT"
Sleepy Players [Free] [Puzzle],"Mon, 07 May 2018 21:33:50 GMT"
I Don't Get Art Anymore... [Free] [Other],"Wed, 23 Jan 2019 09:12:46 GMT"
Hexabin [Free] [Puzzle],"Mon, 28 Jun 2021 18:36:38 GMT"
Juxtaposition [Free] [Puzzle],"Mon, 02 Sep 2019 06:32:22 GMT"
Pit trails [Free] [Puzzle],"Mon, 03 Sep 2018 15:16:43 GMT"
A 5X5 SOKOBAN LEVEL [Free] [Puzzle],"Sat, 05 Feb 2022 09:04:48 GMT"
Drop-O-Trons! [Free] [Puzzle],"Tue, 17 Aug 2021 02:51:52 GMT"
God Hunter [Free] [Puzzle],"Wed, 26 Jun 2019 11:10:26 GMT"
Locked In [Free] [Puzzle],"Fri, 08 Jul 2022 01:51:44 GMT"
Cubes barrier [Free] [Puzzle],"Thu, 23 Aug 2018 08:41:43 GMT"
Extra lives [Free] [Puzzle],"Mon, 20 Aug 2018 08:18:49 GMT"
Pathmaker [Free] [Puzzle],"Wed, 15 Aug 2018 08:19:34 GMT"
Strange Warehouse [Free] [Puzzle],"Sun, 02 Feb 2020 08:44:16 GMT"
goosey gardens [Free] [Puzzle],"Sun, 20 Sep 2020 15:43:33 GMT"
Outward force [Free] [Puzzle],"Tue, 21 Aug 2018 07:14:34 GMT"
Stephen's Deadly Rooms of Death [Free] [Puzzle],"Tue, 24 Aug 2021 12:15:02 GMT"
KAIMA Bad Ending Gaiden [Free] [Puzzle],"Sat, 31 Dec 2016 00:52:41 GMT"
Original BoxUp [Free] [Puzzle],"Tue, 07 Jun 2022 15:04:52 GMT"
Last Man Upstair [Free] [Puzzle],"Tue, 28 May 2019 11:22:00 GMT"
Sticky Bois [Free] [Puzzle],"Sun, 02 Dec 2018 04:34:27 GMT"
The Mason Site [Free],"Fri, 05 Nov 2021 08:56:45 GMT"
Beams and Flowers [Free] [Puzzle],"Fri, 05 Feb 2021 15:36:51 GMT"
Sasquatch Sokoban [Free] [Puzzle],"Sun, 05 Apr 2020 20:16:11 GMT"
Barrier Trail [Free] [Puzzle],"Mon, 17 Sep 2018 17:10:44 GMT"
bomb n ice [Free] [Puzzle],"Sat, 14 Jul 2018 07:24:47 GMT"
"12,001 the Cadence of Spaghetti Pikachu [Free] [Puzzle]","Sat, 22 Jun 2019 00:31:22 GMT"
Cleaner Simulator [Free] [Puzzle],"Thu, 26 Aug 2021 05:47:28 GMT"
Synchronicity [Free] [Puzzle],"Thu, 25 Nov 2021 01:04:39 GMT"
L-3-FAN T [Free] [Puzzle],"Fri, 02 Jul 2021 17:26:12 GMT"
Penguins in <3 [Free] [Puzzle],"Sun, 13 Jun 2021 02:17:56 GMT"
Grouping [Free] [Puzzle],"Wed, 08 Aug 2018 03:38:39 GMT"
Overstep [Free] [Puzzle],"Tue, 14 Aug 2018 06:24:03 GMT"
Covering holes [Free] [Puzzle],"Thu, 09 Aug 2018 07:13:14 GMT"
John Eats Cake [Free] [Puzzle],"Tue, 23 Jun 2020 18:01:07 GMT"
Path lines [Free] [Puzzle],"Tue, 03 Jul 2018 02:57:41 GMT"
Bomb n grouping [Free] [Puzzle],"Sun, 26 Aug 2018 14:47:36 GMT"
Naughty Nelly [Free] [Puzzle],"Thu, 01 Jul 2021 17:03:08 GMT"
dodge [Free] [Puzzle],"Thu, 03 Feb 2022 08:31:25 GMT"
Wall shuffle [Free] [Puzzle],"Mon, 13 Aug 2018 04:26:11 GMT"
"Hi, Robot [Free] [Puzzle]","Wed, 25 Aug 2021 18:25:54 GMT"
Stalemate yourself [Free] [Puzzle],"Sun, 12 Aug 2018 06:42:18 GMT"
Eyeball's Garden [Free] [Interactive Fiction],"Thu, 02 May 2019 22:29:22 GMT"
interconnection [Free] [Puzzle] [Windows],"Tue, 26 Jun 2018 07:10:46 GMT"
Triple match [Free] [Puzzle],"Sun, 05 Aug 2018 02:53:05 GMT"
Lab Labyrinth [Free] [Puzzle],"Tue, 13 Aug 2019 01:09:15 GMT"
Full Circle [Free] [Puzzle],"Tue, 14 Jan 2020 02:38:57 GMT"
Rotaters Cause [Free] [Puzzle],"Wed, 05 Sep 2018 19:07:26 GMT"
The fire calls [Free] [Puzzle],"Wed, 29 Aug 2018 16:49:35 GMT"
Electric Sheep [Free] [Puzzle],"Sat, 18 Jul 2020 08:16:02 GMT"
Something Penguin Something [Free] [Puzzle],"Sat, 30 Sep 2017 10:37:30 GMT"
Colour move [Free] [Puzzle],"Fri, 14 Sep 2018 18:39:01 GMT"
Night City Jump [Free] [Puzzle],"Tue, 11 Mar 2014 00:04:20 GMT"
Microchip Fractal Mazes [Free] [Puzzle],"Tue, 04 May 2021 14:01:16 GMT"
Gem Thief Demake [Free] [Puzzle],"Fri, 09 Mar 2018 13:33:03 GMT"
ColorKey [Free] [Puzzle],"Sun, 22 Mar 2020 17:57:48 GMT"
The packing crate [Free] [Puzzle],"Thu, 30 Aug 2018 15:02:03 GMT"
Cucumber Surprise [Free] [Puzzle],"Fri, 27 Aug 2021 22:35:08 GMT"
(April Fools) Sokoban Template [Free] [Puzzle],"Wed, 30 Mar 2022 20:06:45 GMT"
Climbing cubes [Free] [Puzzle],"Fri, 10 Aug 2018 09:31:03 GMT"
Hatgic [Free] [Puzzle],"Fri, 08 Jul 2022 12:12:31 GMT"
Infinity Snake [Free] [Puzzle],"Fri, 16 Oct 2020 02:27:05 GMT"
Pivotal [Free] [Puzzle],"Fri, 01 Sep 2017 23:30:00 GMT"
Ghost Hunters [Free] [Puzzle],"Sun, 07 Jan 2018 21:13:50 GMT"
Lights Out [Free] [Puzzle],"Sun, 12 Dec 2021 19:52:06 GMT"
Gem Scheme [Free] [Puzzle],"Sun, 29 Nov 2020 16:50:26 GMT"
Out of Moves [Free] [Puzzle],"Sun, 12 Jul 2020 07:24:01 GMT"
One Microban level [Free] [Puzzle],"Tue, 09 Aug 2022 08:15:26 GMT"
Chipmunk Danger World Versus Cars [Free] [Puzzle],"Sun, 06 Dec 2020 07:17:15 GMT"
Cohesion Hex [Free] [Puzzle],"Sun, 13 Jun 2021 17:33:07 GMT"
Lincrate Puzzlescript [Free] [Puzzle],"Sun, 22 Sep 2019 18:08:47 GMT"
Wall movement [Free] [Puzzle],"Wed, 25 Jul 2018 04:38:43 GMT"
jack no puzzle . . . . [Free] [Puzzle],"Wed, 28 Nov 2018 02:55:28 GMT"
Bloom [Free],"Tue, 23 Feb 2021 15:47:32 GMT"
Mirror Mines [Free] [Puzzle],"Sat, 30 Jun 2018 20:26:51 GMT"
Sense [Completed Pre-Alpha] [Free] [Shooter],"Sat, 07 May 2016 20:13:07 GMT"
Moving Targets [Free] [Puzzle],"Sun, 26 Sep 2021 18:11:52 GMT"
Opposition Remix [Free] [Puzzle],"Mon, 02 Apr 2018 17:05:41 GMT"
FIRE & ICE CREAM [$1.00] [Puzzle],"Mon, 31 Aug 2020 03:30:30 GMT"
Spelling Bee [Free] [Puzzle],"Thu, 13 Jul 2017 07:58:50 GMT"
Feed the Boy [Free] [Puzzle],"Tue, 23 Feb 2021 02:39:40 GMT"
i herd u liek water templs [Free] [Puzzle],"Tue, 01 Dec 2020 18:12:01 GMT"
Hack Attack [Free] [Puzzle],"Tue, 08 Aug 2017 01:07:58 GMT"
The art of storage [Free] [Puzzle] [Windows],"Mon, 25 Jun 2018 06:42:55 GMT"
little gardens [Free] [Puzzle],"Fri, 07 Sep 2018 00:00:37 GMT"
Babushka Blocks [Free] [Puzzle],"Sun, 22 Nov 2020 07:18:47 GMT"
Doggo Garden [Free],"Tue, 14 Apr 2020 14:37:50 GMT"
Mr. Charman [Free] [Puzzle],"Sat, 22 Jun 2019 10:03:43 GMT"
PuzzleScript Robots [Free] [Puzzle],"Fri, 22 Mar 2019 22:26:53 GMT"
Recoil [Free] [Puzzle],"Tue, 19 Oct 2021 02:58:56 GMT"
Big Boss- A puzzlescript experiment! [Free] [Action],"Sun, 15 Jul 2018 01:51:16 GMT"
nabokoS [Free] [Puzzle] [Windows] [macOS] [Linux],"Fri, 27 May 2016 21:12:53 GMT"
Back In Time [Free] [Puzzle] [Windows] [macOS] [Linux],"Thu, 21 Dec 2017 11:16:54 GMT"
Cube Ghost [Free] [Puzzle],"Fri, 30 Jul 2021 08:54:57 GMT"
Fitkitban [Free] [Puzzle],"Fri, 07 Feb 2020 19:42:52 GMT"
I Wish I Had a Cordless Hedgetrimmer [Free] [Puzzle],"Sat, 22 Jan 2022 05:12:33 GMT"
The Anson Brothers [Free] [Puzzle],"Sat, 09 May 2020 03:57:47 GMT"
Energy loop [Free] [Puzzle],"Sat, 03 Oct 2020 01:23:22 GMT"
Multiban Collection [Free] [Puzzle],"Wed, 07 Aug 2019 18:24:37 GMT"
THE PERSON THAT CANT JUMP [Free] [Puzzle],"Fri, 12 Feb 2021 05:18:12 GMT"
Bound Directions [Free] [Puzzle],"Thu, 06 Jun 2019 07:10:42 GMT"
The walls you leave behind [Free] [Puzzle],"Mon, 09 Jul 2018 02:56:50 GMT"
Color Castle [Free] [Puzzle],"Fri, 05 Apr 2019 22:25:58 GMT"
Puzzlesgift [Free] [Puzzle],"Sat, 15 Dec 2018 21:04:24 GMT"
Simple Sliding Game [Free] [Puzzle],"Tue, 07 Mar 2017 03:19:20 GMT"
Rabbits and Carrots [Free] [Puzzle],"Fri, 11 Oct 2019 19:04:40 GMT"
Alien Disco [Free] [Puzzle],"Tue, 12 Jun 2018 22:39:42 GMT"
SOUND GARDEN [Free] [Simulation],"Wed, 07 Oct 2020 13:52:19 GMT"
VelociCorp Warehouses [Free] [Puzzle],"Mon, 04 Oct 2021 21:47:04 GMT"
Sokoban but for some reason you're a wizard hat [Free] [Puzzle],"Fri, 17 Jun 2022 07:52:10 GMT"
Exploding Barrels [Free] [Puzzle],"Mon, 18 Dec 2017 10:09:16 GMT"
Ground Control [Free] [Strategy],"Fri, 01 Jan 2021 05:50:27 GMT"
Just Pushing Boxes [Free] [Puzzle],"Mon, 06 Nov 2017 04:46:16 GMT"
2 Colors and some Clones [Free] [Puzzle],"Thu, 10 Oct 2019 19:38:04 GMT"
Directional [Free] [Puzzle],"Tue, 24 Jul 2018 04:34:03 GMT"
Vampire's Dilemma [Free] [Puzzle],"Thu, 26 Sep 2019 22:59:48 GMT"
Lovey Dovey Dragons [Free] [Puzzle] [Windows] [macOS],"Fri, 22 Jun 2018 03:08:33 GMT"
25 crates (25 followers special) [Free],"Thu, 23 Jun 2022 19:54:30 GMT"
elephant push [Free] [Puzzle],"Sat, 26 Jun 2021 00:41:22 GMT"
Oskar's counter-step maze [Free] [Puzzle],"Fri, 23 Jul 2021 13:17:11 GMT"
Feeling like Filling [Free] [Puzzle],"Fri, 13 Jul 2018 02:26:30 GMT"
Stick-with-it mazes [Free] [Puzzle],"Thu, 15 Apr 2021 13:21:59 GMT"
‚ù§Ô∏è‚ù§Ô∏è [Free] [Puzzle],"Sun, 02 Feb 2020 14:37:14 GMT"
The Story of My Friend [Free] [Platformer],"Mon, 22 Feb 2021 16:53:06 GMT"
Crates superpowers [Free] [Puzzle],"Wed, 01 Sep 2021 08:52:53 GMT"
Revenge Bomber [Free] [Puzzle],"Wed, 14 Jul 2021 23:50:00 GMT"
Carrot VS rabbits [Free] [Puzzle],"Sat, 03 Apr 2021 20:02:10 GMT"
Floor Falls [Free] [Puzzle],"Mon, 04 Oct 2021 12:10:20 GMT"
Multi-goal tilt mazes [Free] [Puzzle],"Fri, 16 Apr 2021 13:44:47 GMT"
Shifting [Free] [Puzzle],"Fri, 13 Jul 2018 04:00:38 GMT"
Conway's Game of Sokoban [Free] [Puzzle],"Sat, 26 Feb 2022 01:46:57 GMT"
Symbolism [Free] [Puzzle],"Tue, 18 Aug 2020 06:30:10 GMT"
Valdyr (Demo) [Free] [Action] [Windows],"Mon, 25 Sep 2017 22:40:19 GMT"
My Dear Grandma [Free] [Puzzle],"Wed, 14 Jul 2021 23:34:19 GMT"
Whoes World? [Free],"Sat, 18 Dec 2021 08:40:01 GMT"
Ninjaban [Free] [Puzzle],"Mon, 01 Jul 2019 12:40:07 GMT"
Skippa [Free] [Puzzle],"Fri, 20 Jul 2018 22:47:16 GMT"
Cactus Long [Free] [Puzzle],"Sat, 03 Oct 2020 04:03:49 GMT"
Ignore the Elephant! [Free] [Puzzle],"Fri, 02 Jul 2021 21:44:39 GMT"
Haunted vending machine [Free] [Puzzle],"Tue, 21 Jun 2022 15:10:03 GMT"
Symbols [Free] [Puzzle],"Fri, 17 Aug 2018 10:33:25 GMT"
Switch-back [Free] [Puzzle],"Sat, 04 Sep 2021 16:57:49 GMT"
tinypack [Free] [Adventure],"Mon, 04 Sep 2017 01:31:05 GMT"
guiding blocks [Free] [Puzzle],"Mon, 30 Jul 2018 05:20:51 GMT"
Ground night theme shenanigans (Prototype) [Free] [Puzzle],"Sat, 09 Apr 2022 08:59:31 GMT"
A Roll of the Dice [Free] [Puzzle],"Thu, 03 Dec 2020 00:42:06 GMT"
The switch [Free] [Puzzle],"Fri, 20 Jul 2018 02:35:58 GMT"
pull and push [Free] [Puzzle],"Sun, 15 Jul 2018 03:59:34 GMT"
You are a lawnmower [Free] [Puzzle],"Fri, 15 May 2020 13:05:40 GMT"
Blind Maze [Free] [Puzzle],"Sat, 29 Feb 2020 19:24:02 GMT"
Then another [Free] [Puzzle],"Mon, 06 Aug 2018 06:24:03 GMT"
rows and columns [Free] [Puzzle],"Tue, 17 Jul 2018 04:56:39 GMT"
Stephen's Sausage Roll (Demake) [Free] [Puzzle],"Mon, 30 Aug 2021 00:41:03 GMT"
Totally Fine Library [Free] [Puzzle],"Mon, 28 Jun 2021 19:46:04 GMT"
Snail [Free] [Puzzle] [Windows],"Sun, 08 Aug 2021 11:27:00 GMT"
Positional [Free] [Puzzle],"Fri, 03 Aug 2018 05:10:26 GMT"
SokoBank [Free] [Puzzle],"Wed, 12 Jan 2022 16:46:09 GMT"
Make-A-Feature ! [Free] [Puzzle],"Tue, 29 Mar 2022 19:50:56 GMT"
Wand Spinner [Free] [Puzzle],"Fri, 27 Aug 2021 22:39:38 GMT"
Megaban [Free] [Puzzle],"Sun, 13 Jun 2021 17:22:09 GMT"
Linchpinator 2: Judgment Puzzle [Free] [Puzzle],"Wed, 24 Jun 2020 13:28:33 GMT"
i_editor [Free] [Puzzle] [Windows] [macOS] [Linux],"Mon, 06 Feb 2017 21:17:08 GMT"
Donut Get Burned!! [Free] [Puzzle],"Sat, 26 Dec 2020 00:16:32 GMT"
Pupush [Free] [Puzzle],"Fri, 27 Aug 2021 21:34:57 GMT"
The Lil' Red Marble [Free] [Puzzle],"Fri, 10 Oct 2014 07:13:28 GMT"
Otherly [Free] [Puzzle],"Sat, 26 Jan 2019 08:08:12 GMT"
Chill Tracks for Trains [Free] [Puzzle],"Sun, 20 Mar 2022 23:53:53 GMT"
Monkey Ruins [Free] [Puzzle],"Thu, 25 Apr 2019 01:39:17 GMT"
Linkbeam [Free] [Puzzle],"Mon, 21 Jan 2019 03:02:39 GMT"
CoinSafe [Free] [Puzzle],"Sat, 18 Nov 2017 01:59:04 GMT"
Splitting Headache [Free],"Sun, 04 Aug 2019 18:28:46 GMT"
Finding my body [Free] [Puzzle],"Thu, 31 May 2018 09:35:14 GMT"
Puzzle Cake [Free] [Puzzle],"Fri, 10 May 2019 11:36:14 GMT"
Beetroot and Carrots [Free] [Puzzle],"Mon, 21 Nov 2016 10:59:16 GMT"
Pixel That [Free] [Puzzle],"Sun, 11 Jun 2017 09:29:47 GMT"
Blocker snake [Free] [Puzzle],"Mon, 10 Sep 2018 18:07:32 GMT"
Isle of Bloks [Free] [Puzzle],"Wed, 10 Nov 2021 01:37:27 GMT"
Why Mars? [Free] [Puzzle],"Thu, 23 May 2019 06:09:01 GMT"
Exquisite Corpse Jam - PuzzleScript [Free],"Fri, 17 Aug 2018 20:23:34 GMT"
GBSenku [Free] [Puzzle],"Mon, 07 Apr 2014 16:42:24 GMT"
Candle Capers [Free] [Puzzle],"Fri, 23 Dec 2016 05:09:27 GMT"
Movement Garden [Free] [Puzzle],"Mon, 10 Dec 2018 01:55:02 GMT"
Le tr√©sor de la reine Tac-Toe [Free] [Puzzle],"Sat, 14 Aug 2021 19:32:36 GMT"
Tumbling log [Free] [Puzzle],"Tue, 06 Oct 2020 17:01:30 GMT"
dup-block [Free] [Puzzle],"Thu, 12 Jul 2018 03:59:16 GMT"
C0MPLICATI0NS [Free] [Windows],"Wed, 16 Nov 2016 06:39:43 GMT"
Halflife Puzzlescript [Free],"Sat, 29 Dec 2018 23:59:49 GMT"
Extra push [Free] [Puzzle],"Mon, 23 Jul 2018 04:40:30 GMT"
Dice Ant [Free] [Puzzle],"Thu, 06 Dec 2018 20:55:45 GMT"
chaos wizard [Free] [Puzzle],"Fri, 07 Feb 2014 22:39:04 GMT"
Winter Forest [Free] [Puzzle],"Thu, 05 May 2022 16:18:06 GMT"
Grilling fish [Free] [Puzzle],"Sun, 17 Oct 2021 04:38:23 GMT"
Into the Abyss [Free] [Puzzle],"Sun, 25 Apr 2021 17:40:13 GMT"
Rafture 2 [Free] [Puzzle],"Thu, 27 Dec 2018 00:55:23 GMT"
Temple of Darkness [Free] [Adventure],"Fri, 02 Jul 2021 11:14:04 GMT"
El Curador de Tierras [Free],"Wed, 14 Jul 2021 23:45:32 GMT"
Monkey See Monkey Do [Free],"Tue, 16 Nov 2021 19:32:46 GMT"
dreams [Free] [Puzzle],"Fri, 24 May 2019 02:56:56 GMT"
10 [Free] [Puzzle],"Tue, 22 Feb 2022 08:21:58 GMT"
RECPLAY [Free] [Puzzle],"Mon, 15 Aug 2022 13:19:23 GMT"
Ice Slide [Free] [Puzzle],"Mon, 22 Feb 2021 08:35:12 GMT"
Mye [Free] [Puzzle],"Mon, 30 Mar 2015 13:55:19 GMT"
The Penanggalan [Free] [Puzzle],"Mon, 20 Apr 2015 11:33:40 GMT"
Block touching [Free] [Puzzle],"Thu, 13 Sep 2018 17:07:47 GMT"
Enclosed [Free] [Puzzle],"Sun, 19 Aug 2018 11:56:19 GMT"
Dunkingman [Free] [Puzzle],"Thu, 08 Oct 2020 21:10:28 GMT"
Depletion [Free] [Puzzle],"Mon, 28 Jun 2021 13:53:48 GMT"
Signal [Free] [Puzzle],"Sun, 09 Mar 2014 21:23:58 GMT"
Fastoban [Free] [Puzzle],"Mon, 25 Apr 2022 20:56:40 GMT"
The great chasm [Free] [Puzzle],"Sun, 09 Sep 2018 18:01:24 GMT"
Cleaning up the wizard's tower [Free] [Puzzle],"Thu, 07 Jul 2022 22:15:01 GMT"
there is hope but not for us [Free] [Puzzle],"Mon, 24 Oct 2016 06:01:44 GMT"
Simple Parallel Universe Game [Free] [Puzzle],"Sat, 12 Feb 2022 10:04:42 GMT"
"Hi, Vmind! [Free] [Puzzle]","Sat, 28 Nov 2020 19:27:39 GMT"
Why am I sad? [Free] [Puzzle],"Fri, 20 Mar 2020 18:13:34 GMT"
Van-to-Mobile-Living-Space-Conversion Window-Frame-Installation [Free] [Puzzle],"Fri, 27 Aug 2021 22:28:05 GMT"
Fill them with crates [Free] [Puzzle],"Thu, 30 Sep 2021 19:28:01 GMT"
Ogre Push! [Free] [Puzzle],"Fri, 07 Mar 2014 18:19:35 GMT"
Ice Roll [Free] [Puzzle],"Fri, 03 Apr 2020 21:45:29 GMT"
mazour [Free] [Puzzle],"Thu, 08 Oct 2020 22:32:12 GMT"
Winding sailor [Free] [Puzzle],"Thu, 22 Jul 2021 21:59:36 GMT"
Double Guys Spin [Free] [Puzzle],"Sat, 22 Jan 2022 13:43:04 GMT"
Block Dude [Free] [Puzzle],"Sun, 18 Apr 2021 20:10:46 GMT"
nabokOS.exe [Free] [Puzzle],"Fri, 07 Mar 2014 18:59:33 GMT"
Parallel Universe mazes [Free] [Puzzle],"Sat, 06 Nov 2021 15:33:55 GMT"
Peg Solitude [Free] [Puzzle],"Sat, 01 Jun 2019 13:35:47 GMT"
DUNGEON LORD [Free] [Puzzle],"Sat, 21 May 2022 14:22:22 GMT"
Exitus [Free] [Puzzle],"Sat, 04 Apr 2020 09:00:54 GMT"
Robot's Expedition [Free] [Puzzle],"Sat, 09 Oct 2021 07:41:27 GMT"
Twisted Pair [Free] [Puzzle],"Sat, 17 Apr 2021 20:33:43 GMT"
Bee in The Garden [Free] [Puzzle],"Sun, 05 Sep 2021 18:41:30 GMT"
Pretender to the Crown [Free],"Mon, 24 Apr 2017 20:28:49 GMT"
Quantum mazes [Free] [Puzzle],"Sat, 21 Aug 2021 11:27:48 GMT"
Gardener [Free] [Puzzle],"Mon, 22 Jun 2020 02:34:46 GMT"
flagflip [Free] [Puzzle],"Tue, 07 Sep 2021 20:35:47 GMT"
Conveyor Mayhem [Free] [Puzzle],"Thu, 14 Nov 2019 02:41:11 GMT"
LifeIsJAM [Free] [Windows],"Sun, 18 Jun 2017 11:10:48 GMT"
The Ultimate Heist [Free],"Tue, 13 Apr 2021 02:39:21 GMT"
Directional Plate [Free] [Puzzle],"Mon, 22 Oct 2018 16:08:09 GMT"
Oh Craps! [Free] [Puzzle],"Sun, 17 Jul 2022 04:22:08 GMT"
COLORBAN [Free] [Puzzle],"Mon, 08 Feb 2021 05:08:39 GMT"
The sponge what lights up the seafloor [Free] [Puzzle],"Fri, 27 Aug 2021 22:28:51 GMT"
The 39 Floors [Free] [Puzzle],"Mon, 10 Mar 2014 19:06:55 GMT"
Sokogoban [Free] [Puzzle],"Fri, 27 Aug 2021 21:19:30 GMT"
Sketchy Cleanup Detail [Free] [Puzzle],"Sat, 04 Jun 2022 00:42:11 GMT"
to nothing and back [Free] [Puzzle],"Thu, 02 Aug 2018 03:20:59 GMT"
Clone Cleanup [Free] [Puzzle],"Fri, 05 Mar 2021 20:09:35 GMT"
Chasm [Free] [Puzzle],"Tue, 31 Jul 2018 01:26:43 GMT"
Sokoban[Sokoban[Sokoban]]] [Free] [Puzzle],"Fri, 27 Aug 2021 22:33:27 GMT"
Tower of Clones [Free] [Puzzle],"Wed, 18 Nov 2020 14:42:00 GMT"
Un-building [Free] [Puzzle],"Mon, 05 Apr 2021 02:35:58 GMT"
SHY SNAKE [Free] [Puzzle],"Fri, 27 Aug 2021 21:21:05 GMT"
Square colours [Free] [Puzzle],"Thu, 19 Jul 2018 02:56:19 GMT"
Oskar's Maze [Free] [Puzzle],"Fri, 18 Jan 2019 15:47:51 GMT"
Clone Chaos [Free] [Puzzle],"Sun, 13 Jun 2021 17:24:45 GMT"
Coconut's Wizard [Free] [Puzzle],"Tue, 29 Jun 2021 01:56:51 GMT"
Excuse Me! [Free] [Puzzle],"Thu, 16 Jan 2020 02:22:13 GMT"
WatchYourBack [Free] [Puzzle],"Fri, 04 Jun 2021 14:00:50 GMT"
Garden Game Prototype [Free] [Puzzle],"Wed, 11 Apr 2018 07:12:39 GMT"
THE MISSION [Free] [Adventure],"Fri, 17 Apr 2020 08:42:07 GMT"
DICE GOBLIN [Free] [Puzzle],"Fri, 27 Aug 2021 21:32:19 GMT"
Welcome to the Bikiniverse (beta) [Free] [Puzzle],"Fri, 13 Jan 2017 00:41:14 GMT"
Ele-mental artist [Free] [Puzzle],"Sun, 24 Jul 2022 12:29:09 GMT"
Miracle Magnets - PS edition [Free] [Puzzle],"Fri, 08 Jul 2022 15:01:44 GMT"
Spellcasting Hats [Free] [Puzzle],"Fri, 08 Jul 2022 22:28:46 GMT"
Path lines Extanded [Free] [Puzzle],"Thu, 17 Jun 2021 05:44:22 GMT"
Ocean treasure [Free] [Puzzle],"Mon, 28 Jun 2021 18:20:04 GMT"
"Sit Down, Please [Free] [Puzzle]","Fri, 20 Aug 2021 16:31:08 GMT"
Rolling-block colour-zone mazes [Free] [Puzzle],"Thu, 15 Apr 2021 14:55:49 GMT"
my heart wants to be full [Free] [Puzzle],"Thu, 10 Feb 2022 04:00:21 GMT"
Swap-over mazes [Free] [Puzzle],"Thu, 24 Jun 2021 14:21:21 GMT"
Microban x 10 [Free] [Puzzle],"Fri, 27 Aug 2021 22:11:56 GMT"
Knight's tour maze [Free] [Puzzle],"Wed, 21 Jul 2021 13:18:31 GMT"
BoxChums 2 [Free] [Puzzle],"Sun, 11 Mar 2018 22:45:08 GMT"
3x3 RBG tilt-mazes [Free] [Puzzle],"Sat, 21 Aug 2021 16:06:16 GMT"
The Heart's Desire [Free] [Puzzle],"Tue, 12 May 2020 18:03:38 GMT"
Hysteresis mazes [Free] [Puzzle],"Thu, 15 Apr 2021 15:25:53 GMT"
Bridge-toggle mazes [Free] [Puzzle],"Fri, 16 Apr 2021 14:03:37 GMT"
PhaseBlob [Free] [Puzzle],"Sun, 13 Jun 2021 05:52:55 GMT"
Light 'em Up [Free] [Puzzle],"Wed, 07 Dec 2016 09:53:47 GMT"
Four-room tilt mazes [Free] [Puzzle],"Thu, 15 Apr 2021 13:59:48 GMT"
AMazeIn Pentominoes [Free] [Puzzle],"Tue, 31 Aug 2021 15:46:02 GMT"
Sun and Moon [Free] [Puzzle],"Wed, 25 Aug 2021 02:39:00 GMT"
Moving target [Free] [Puzzle],"Tue, 07 Aug 2018 03:31:23 GMT"
STRONGER TOGETHER [Free] [Puzzle],"Wed, 17 Feb 2021 09:27:43 GMT"
Color Magnet [Free] [Puzzle],"Sat, 27 Mar 2021 10:29:00 GMT"
Resistance Jelly! [Free] [Puzzle],"Thu, 09 Mar 2017 23:57:26 GMT"
AMazeIn Pairs of Pents [Free] [Puzzle],"Tue, 07 Sep 2021 11:39:26 GMT"
ParaLands [Free] [Puzzle],"Mon, 29 Mar 2021 16:27:26 GMT"
IRS Simulator [Free] [Simulation],"Thu, 18 Nov 2021 05:49:34 GMT"
SLIME VAT FILLER [Free] [Puzzle],"Fri, 27 Aug 2021 21:55:43 GMT"
"Bell, Book, and Candleban [Free] [Puzzle]","Thu, 31 Oct 2019 21:05:16 GMT"
Crate Match [Free],"Sun, 15 Jul 2018 19:32:39 GMT"
A lone world [Free] [Puzzle],"Fri, 16 Apr 2021 11:19:04 GMT"
Wall Builder [Free] [Puzzle],"Tue, 23 Nov 2021 12:09:23 GMT"
DEJAVU-The Story Of Paco [Free] [Puzzle] [Windows] [macOS],"Thu, 19 Oct 2017 20:10:09 GMT"
Punt mazes [Free] [Puzzle],"Mon, 17 Sep 2018 06:25:26 GMT"
Destination [Free] [Puzzle],"Tue, 13 Apr 2021 17:55:04 GMT"
Spikes Move Crates [Free] [Puzzle],"Wed, 14 Apr 2021 21:33:58 GMT"
The Man That Pulled [Free] [Puzzle],"Sun, 26 Sep 2021 19:26:42 GMT"
Camelot [Free] [Puzzle],"Tue, 19 Apr 2022 17:32:43 GMT"
Puzzle Tree! [Free] [Other],"Tue, 07 Jul 2015 09:55:14 GMT"
It Dies In The Light [Free] [Puzzle],"Tue, 19 Feb 2019 20:40:51 GMT"
Erich's rolling-block mazes [Free] [Puzzle],"Tue, 14 Sep 2021 15:47:44 GMT"
Separation [Free] [Puzzle],"Sun, 13 May 2018 17:42:02 GMT"
Thunderball [Free] [Puzzle],"Mon, 25 Oct 2021 13:08:44 GMT"
The Hole Story [Free] [Puzzle],"Wed, 06 Jul 2022 20:00:57 GMT"
cloud  and flower [Free] [Puzzle],"Fri, 14 May 2021 14:12:20 GMT"
Party Pupper [Free] [Simulation],"Sat, 26 Sep 2020 05:11:01 GMT"
carrotcake [Free] [Puzzle],"Sun, 31 Oct 2021 02:45:48 GMT"
Awakening [Free] [Puzzle],"Sun, 26 Dec 2021 17:02:25 GMT"
Magician's Crate [Free] [Puzzle],"Tue, 05 Jul 2022 18:56:16 GMT"
PUZ [Free] [Puzzle] [Android],"Thu, 15 Dec 2016 18:12:49 GMT"
No! Don't eat that! [Free] [Puzzle],"Fri, 27 Aug 2021 22:16:05 GMT"
Varifocal Nightmare [Free] [Puzzle],"Fri, 27 Aug 2021 22:34:20 GMT"
ROOMBASQUAD:REVOLUTION [Free] [Puzzle],"Sun, 13 Jan 2019 08:16:30 GMT"
Stackies [Free] [Puzzle],"Wed, 07 Oct 2020 09:23:05 GMT"
We Will Build A Wall [Free] [Puzzle],"Sat, 09 May 2020 03:35:14 GMT"
Laundry Preparation [Free] [Puzzle],"Wed, 01 Sep 2021 21:06:45 GMT"
REALTIME DOG MOUNTAIN RESCUE [Free] [Puzzle],"Fri, 27 Aug 2021 22:24:32 GMT"
Screw gravity [Free] [Puzzle],"Thu, 06 May 2021 20:03:16 GMT"
Beams and Flowers 2 [Free] [Puzzle],"Thu, 25 Feb 2021 13:08:14 GMT"
Flow [Free] [Puzzle],"Sun, 17 Apr 2016 20:32:44 GMT"
The Wizard's Shopping List [Free] [Puzzle],"Tue, 13 Apr 2021 17:36:02 GMT"
Kitten Connect [Free] [Puzzle],"Wed, 17 Oct 2018 03:27:03 GMT"
Push [Free] [Windows] [macOS] [Linux] [Android],"Thu, 18 Nov 2021 17:33:43 GMT"
Minotaur Meander Dreamtime [Free] [Puzzle],"Sun, 29 Mar 2020 03:50:46 GMT"
Space Cowboys [Free] [Puzzle],"Tue, 09 Feb 2021 22:17:25 GMT"
AI overestimation [Free] [Puzzle],"Sun, 27 Jun 2021 15:10:47 GMT"
5 Step Steve Demake [Free] [Puzzle],"Mon, 17 May 2021 06:51:10 GMT"
Flood [Free] [Puzzle],"Sun, 12 Jul 2020 16:41:55 GMT"
Ka-Bob PuzzleScript Edition [Free] [Puzzle],"Sat, 10 Aug 2019 05:27:40 GMT"
Gabelstapler [Free] [Puzzle],"Fri, 27 Aug 2021 21:09:10 GMT"
No Ice [Free] [Puzzle],"Fri, 05 Jan 2018 05:26:58 GMT"
LEVEL 1 DAY 4 [Free] [Puzzle],"Mon, 15 Mar 2021 00:50:41 GMT"
Karamell [Free] [Puzzle],"Fri, 27 Aug 2021 21:05:42 GMT"
sokoBAN Magnus [Free],"Sat, 23 Oct 2021 22:01:14 GMT"
swapper [Free] [Puzzle],"Sat, 09 Apr 2022 17:59:51 GMT"
Warping Game [Free],"Wed, 18 Mar 2020 01:05:07 GMT"
Hex Road Blocks [Free] [Puzzle],"Sat, 20 Mar 2021 21:40:52 GMT"
Unnamed Magnet Game [Free] [Puzzle],"Sat, 24 Apr 2021 14:29:49 GMT"
Match two two by twos [Free] [Puzzle],"Fri, 27 Aug 2021 20:55:47 GMT"
Bomberkid Adventures - E2 [Free] [Puzzle],"Sat, 28 May 2022 16:47:34 GMT"
nabokoS 3 [Free] [Puzzle] [Windows] [macOS] [Linux],"Fri, 27 May 2016 21:38:50 GMT"
LEVEL 1 DAY 8 [Free] [Puzzle],"Fri, 19 Mar 2021 03:02:11 GMT"
Crate Cat [Free] [Puzzle],"Sun, 13 Mar 2022 11:44:05 GMT"
I Wish I Was a Wizzer from Mid Evil Times [Free] [Puzzle],"Thu, 16 Sep 2021 03:12:49 GMT"
EVERYTHING RELATED TO THIS GAME WILL ONLY BE INFLUENCED BY THE COMMENTS & KNUCKLES [Free],"Sun, 21 Feb 2021 23:40:20 GMT"
Marble-tilt mazes [Free] [Puzzle],"Tue, 07 Jun 2022 16:03:05 GMT"
Reverso [Free] [Puzzle],"Sun, 18 Apr 2021 15:09:43 GMT"
Eyeball-watching flowers bloom [Free] [Puzzle],"Sun, 29 Aug 2021 19:55:18 GMT"
Snakes and Boxes [Free] [Puzzle],"Tue, 23 Jun 2020 11:28:58 GMT"
Twins Into Void [Free] [Puzzle],"Thu, 06 May 2021 09:25:53 GMT"
Three-step button mazes [Free] [Puzzle],"Sat, 21 Aug 2021 11:03:34 GMT"
Unnamed Magnet Game REDUX (Demo) [Free] [Puzzle],"Fri, 29 Jul 2022 16:12:17 GMT"
The Middlegrounds [Free] [Adventure],"Tue, 30 Sep 2014 02:28:09 GMT"
Legend of Swixero [Free] [Puzzle],"Fri, 27 Aug 2021 22:01:50 GMT"
Physic Push [Free] [Puzzle],"Fri, 19 Nov 2021 20:03:28 GMT"
Subway upholstry snot smearing championship [Free] [Puzzle],"Sun, 29 Aug 2021 22:55:10 GMT"
UNIQUENESS [Free] [Puzzle],"Fri, 28 Jan 2022 01:57:35 GMT"
I am a gust of wind [Free] [Puzzle],"Fri, 27 Aug 2021 21:06:40 GMT"
Okosband [Free] [Puzzle],"Thu, 29 Mar 2018 10:24:49 GMT"
House Machine [Free] [Puzzle],"Sun, 17 Jul 2022 14:59:10 GMT"
Sokoban + Bokosan [Free] [Puzzle],"Sun, 15 May 2022 09:33:03 GMT"
The Cretan Labyrinth [Free] [Puzzle],"Mon, 10 Mar 2014 21:03:06 GMT"
LEVEL 1 DAY 13 [Free] [Puzzle],"Wed, 24 Mar 2021 05:53:09 GMT"
Deep Dive [Free] [Puzzle],"Tue, 03 Nov 2020 19:27:07 GMT"
Storage Guy [Free] [Puzzle],"Wed, 11 Nov 2020 17:09:45 GMT"
The Blue World Puzzle Ball Thing. [Free] [Puzzle],"Sun, 29 Jul 2018 23:26:01 GMT"
The Pontoluvian Straight-Jacket Puzzle [Free] [Puzzle],"Sun, 04 Mar 2018 05:39:02 GMT"
Parva Pythonissam [Free] [Puzzle],"Thu, 16 Jul 2020 00:08:11 GMT"
Up and down forces [Free] [Puzzle] [Windows],"Sat, 23 Jun 2018 11:43:35 GMT"
Color Duty [Free] [Puzzle],"Mon, 28 Jun 2021 18:06:52 GMT"
Dicesection [Free] [Puzzle],"Sun, 27 Nov 2016 04:12:41 GMT"
It's Ok [Free],"Mon, 04 May 2020 19:25:11 GMT"
Building Machine [Free] [Puzzle],"Sat, 16 Jan 2021 22:04:36 GMT"
Merendam2 PCurgent temporary ver [Free] [Adventure],"Sat, 05 Nov 2016 04:55:51 GMT"
357Puzzlescript [Free],"Sat, 02 Oct 2021 01:06:08 GMT"
El Escape de el Fort√≠n (con Tutorial) [Free] [Puzzle],"Wed, 14 Jul 2021 23:34:38 GMT"
Rorrim [Free] [Puzzle],"Sat, 22 Jun 2019 21:08:26 GMT"
Combo Maker [Free] [Puzzle],"Sun, 24 Jul 2022 20:48:40 GMT"
Yellow Box [Free] [Puzzle],"Fri, 27 Aug 2021 22:32:34 GMT"
Puzzling [Free],"Thu, 30 Sep 2021 14:25:47 GMT"
Bicycle-Kick Football [Free] [Puzzle],"Fri, 27 Aug 2021 22:27:14 GMT"
LEVEL 1 DAY 11 [Free] [Puzzle],"Mon, 22 Mar 2021 06:51:45 GMT"
C≈åDEX¬∑L≈™BRICUS [Free] [Puzzle],"Fri, 27 Aug 2021 22:13:41 GMT"
Simple Sliding Game 2 [Free] [Puzzle],"Fri, 10 Mar 2017 08:05:18 GMT"
Lead/Follow [Free],"Thu, 08 Oct 2020 08:56:25 GMT"
The Far Away Danish Pastry is always Deliciouser. [Free] [Puzzle],"Fri, 27 Aug 2021 22:12:57 GMT"
Sorx-Aubi [Free] [Puzzle],"Wed, 03 Aug 2016 08:25:52 GMT"
Crates move when you move [Free] [Puzzle],"Fri, 27 Aug 2021 22:42:54 GMT"
B'lox! [Free] [Puzzle] [Windows],"Fri, 21 Jul 2017 09:56:41 GMT"
Match-Maker [Free] [Puzzle],"Fri, 27 Aug 2021 22:41:04 GMT"
Wild bodies [Free] [Puzzle],"Wed, 19 May 2021 23:41:57 GMT"
Pushy-V Pully-H [Free] [Puzzle],"Fri, 27 Aug 2021 22:42:17 GMT"
What if the friends we made... [Free] [Puzzle],"Sun, 23 Feb 2020 07:02:49 GMT"
Portal Crates [Free] [Puzzle],"Thu, 15 Apr 2021 16:20:22 GMT"
THE MAN WHO REMADE ALL THE BOXES [Free] [Role Playing],"Sat, 05 Jan 2019 00:30:18 GMT"
No Crates This Time [Free] [Puzzle],"Sun, 18 Apr 2021 22:49:04 GMT"
FROG FRIENDS [Free] [Puzzle],"Thu, 08 Oct 2020 15:25:56 GMT"
Beautiful World [Free] [Puzzle],"Tue, 16 Nov 2021 00:50:24 GMT"
4D Sokoban [Free] [Puzzle],"Wed, 01 Sep 2021 18:15:29 GMT"
Twicoban [Free] [Puzzle],"Sun, 03 Apr 2022 02:54:52 GMT"
Pollito en fuga [Free] [Puzzle],"Sun, 24 Jan 2021 15:47:59 GMT"
BIAXIAL INVASION OF SATURN [Free] [Puzzle],"Fri, 27 Aug 2021 21:57:31 GMT"
Gem Socketeer [Free] [Puzzle],"Fri, 27 Aug 2021 22:19:38 GMT"
LED Challenge [Free] [Puzzle],"Fri, 27 Aug 2021 20:41:29 GMT"
Attractor Net [Free] [Puzzle],"Fri, 27 Aug 2021 22:31:40 GMT"
LEVEL 1 DAY 17 [Free] [Puzzle],"Sun, 28 Mar 2021 00:38:15 GMT"
Freedom [Free] [Puzzle],"Tue, 09 Jun 2020 02:59:33 GMT"
The Last Resource [Free],"Wed, 10 Nov 2021 22:08:38 GMT"
Chevron Lodger [Free] [Puzzle],"Fri, 27 Aug 2021 22:36:42 GMT"
Traintracker - A Satisfying track-laying game. [Free] [Puzzle],"Wed, 01 Sep 2021 16:48:13 GMT"
Sleeping Through the pandemic [Free] [Visual Novel],"Wed, 02 Feb 2022 04:25:14 GMT"
Push Swap [Free] [Puzzle],"Fri, 24 Jun 2022 11:26:14 GMT"
POEM [Free] [Other],"Mon, 06 Jan 2014 05:28:23 GMT"
Color Friends [Free] [Puzzle],"Sat, 27 Mar 2021 15:19:49 GMT"
Maze [Free] [Adventure],"Thu, 27 Jan 2022 21:01:41 GMT"
Schleimban [Free] [Puzzle],"Fri, 27 Aug 2021 21:59:41 GMT"
Scalesoban [Free] [Puzzle],"Fri, 27 Aug 2021 21:52:28 GMT"
Acorn Scorchery Paradise [Free] [Puzzle],"Fri, 27 Aug 2021 22:40:21 GMT"
Hungry Kraken [Free] [Puzzle],"Fri, 27 Aug 2021 20:48:27 GMT"
Cloudy Adventure [Free],"Mon, 08 Jun 2020 22:59:29 GMT"
Connected [Free] [Puzzle],"Mon, 27 Apr 2015 13:21:09 GMT"
Xorro The Chaos Warden [Free] [Puzzle],"Fri, 27 Aug 2021 22:02:46 GMT"
Snakey Snakey Makes A Sixy [Free] [Puzzle],"Fri, 27 Aug 2021 21:45:43 GMT"
Birdwatching puzzles [Free] [Puzzle],"Sat, 21 Aug 2021 11:13:41 GMT"
Pirate Attack! [Free] [Puzzle],"Wed, 06 Oct 2021 10:28:32 GMT"
Vexatious Match 3 [Free] [Puzzle],"Fri, 27 Aug 2021 21:54:28 GMT"
Get Across [Free] [Puzzle],"Mon, 15 Nov 2021 04:39:27 GMT"
Memory Catcher [Free] [Puzzle],"Fri, 08 Oct 2021 06:26:16 GMT"
8 Happy Snakes [Free] [Puzzle],"Fri, 27 Aug 2021 20:47:25 GMT"
The Flan Burgular [Free] [Puzzle],"Wed, 21 Apr 2021 17:41:09 GMT"
HIM [Free] [Other],"Sun, 09 Sep 2018 16:01:01 GMT"
Night Shift [Free],"Tue, 13 Apr 2021 20:02:33 GMT"
W3RDS [Free] [Puzzle],"Fri, 07 Dec 2018 14:21:14 GMT"
FINLAND [Free] [Puzzle],"Mon, 04 Jan 2021 23:27:04 GMT"
nabokoS 2: distillation [Free] [Puzzle] [Windows] [macOS] [Linux],"Fri, 27 May 2016 21:31:58 GMT"
Car Crash [Free] [Puzzle],"Fri, 27 Aug 2021 21:27:20 GMT"
Infecti0n [Free] [Puzzle],"Tue, 20 Apr 2021 18:27:55 GMT"
unewton [Free] [Puzzle],"Fri, 27 Aug 2021 20:54:34 GMT"
AUTOHURDLER [Free] [Puzzle],"Fri, 27 Aug 2021 21:44:04 GMT"
I want to eat meat! [Free] [Puzzle],"Thu, 12 Sep 2019 06:52:06 GMT"
Push/Pull [Free] [Puzzle],"Wed, 18 May 2022 18:19:47 GMT"
A very sticky situation [Free] [Puzzle],"Sat, 12 Jun 2021 15:55:49 GMT"
Space Station [Free] [Puzzle],"Sun, 05 Apr 2015 20:49:32 GMT"
Lasers [Free] [Puzzle],"Thu, 01 Mar 2018 21:34:03 GMT"
LEVEL 1 DAY 1 [Free] [Puzzle],"Fri, 12 Mar 2021 01:18:56 GMT"
LEVEL 1 DAY 2 [Free] [Puzzle],"Fri, 12 Mar 2021 22:40:03 GMT"
Nihilation [Free] [Puzzle],"Mon, 18 Aug 2014 02:44:24 GMT"
HOARDER [Free] [Puzzle],"Wed, 17 Nov 2021 16:39:42 GMT"
Graveyard Assault [Free] [Puzzle],"Wed, 10 Nov 2021 22:08:38 GMT"
Space-Tigers [Free] [Puzzle],"Sun, 10 Feb 2019 17:40:32 GMT"
Bomb it [Free] [Puzzle],"Sun, 14 Jul 2019 16:03:36 GMT"
Sticky Cube [Leaves Pack] [Free] [Puzzle],"Thu, 08 Jul 2021 15:00:49 GMT"
LEVEL 1 DAY 70 [Free] [Puzzle],"Fri, 21 May 2021 05:43:56 GMT"
City road builder [Free] [Puzzle],"Sun, 28 Nov 2021 20:51:08 GMT"
13 Skulls [Free] [Puzzle],"Wed, 24 Feb 2016 11:44:14 GMT"
V - demake [Free] [Platformer],"Wed, 26 Aug 2020 08:17:33 GMT"
Garbage Goblin [Free] [Puzzle],"Tue, 07 Apr 2020 18:16:41 GMT"
LEVEL 1 DAY 15 [Free] [Puzzle],"Fri, 26 Mar 2021 00:20:54 GMT"
"Put the logs in the water, elephant! [Free] [Puzzle]","Fri, 27 Aug 2021 22:03:31 GMT"
Run At Sign Run [Free] [Puzzle],"Sun, 04 Mar 2018 05:24:51 GMT"
ColorCrate [Free] [Puzzle],"Sun, 16 Aug 2020 17:25:18 GMT"
SokoGarden [Free] [Puzzle],"Mon, 17 Dec 2018 20:05:45 GMT"
CIG ADDICT [Free] [Puzzle],"Wed, 27 Oct 2021 05:02:51 GMT"
Yet Another PuzzleScript Prototype: Switch [Free] [Puzzle],"Tue, 19 Oct 2021 09:41:43 GMT"
The Suit of Mr. Snake [Free] [Puzzle],"Sat, 04 Jun 2016 09:34:27 GMT"
Block Switch [Free] [Puzzle],"Sun, 07 Mar 2021 01:28:53 GMT"
Electrize [Free] [Puzzle],"Sun, 08 Nov 2020 11:40:45 GMT"
Push Assistant [Free] [Puzzle],"Sun, 23 May 2021 12:03:58 GMT"
L'√©vasion du Criminel de sa Prison (The escape of the criminal from his prison) [Free] [Action],"Thu, 17 Feb 2022 09:09:41 GMT"
Loss [Free] [Puzzle],"Mon, 01 Nov 2021 01:06:25 GMT"
This Is Clearly Impossible [Free] [Puzzle],"Sat, 02 Jul 2022 02:59:21 GMT"
LEVEL 1 DAY 3 [Free] [Puzzle],"Sun, 14 Mar 2021 01:16:07 GMT"
Neoprenanzieher [Free] [Puzzle],"Fri, 27 Aug 2021 22:08:07 GMT"
NOT COLOUR CHAINED [Free] [Puzzle],"Sat, 29 Jan 2022 02:28:09 GMT"
LEVEL 1 DAY 0 [Free] [Puzzle],"Thu, 11 Mar 2021 01:55:09 GMT"
Target shift [Free] [Puzzle],"Sun, 26 Jun 2022 10:59:16 GMT"
Slidek (beta) [Free] [Puzzle],"Mon, 25 Apr 2022 02:19:49 GMT"
Fast Forward [Free] [Puzzle],"Wed, 10 Apr 2019 09:12:35 GMT"
newton [Free] [Puzzle],"Fri, 27 Aug 2021 20:53:02 GMT"
Block Faker's Puzzle Garden [Free] [Puzzle],"Thu, 02 Jun 2022 16:16:34 GMT"
I'm from IT [Free] [Puzzle],"Mon, 21 Jul 2014 09:40:47 GMT"
KONSUM [Free] [Puzzle],"Fri, 27 Aug 2021 21:33:30 GMT"
LEVEL 1 DAY 5 [Free] [Puzzle],"Mon, 15 Mar 2021 22:43:43 GMT"
The Postman [Free] [Puzzle],"Sun, 20 Jul 2014 18:49:49 GMT"
Block Pusher [Free] [Puzzle],"Tue, 23 Nov 2021 18:57:29 GMT"
Save the Children! [Free] [Action],"Sat, 02 Apr 2022 13:59:54 GMT"
LEVEL 1 DAY 7 [Free] [Puzzle],"Thu, 18 Mar 2021 01:32:11 GMT"
"The Muhll Skull, Part Two: Skull's Fuck [Free] [Visual Novel]","Sat, 15 Jun 2019 22:56:21 GMT"
Leaves of Grass [Free] [Puzzle],"Tue, 06 Apr 2021 01:07:30 GMT"
1 2 3 4 5 [$1.00] [Role Playing],"Tue, 07 Jun 2016 03:16:34 GMT"
Kutilar [Free] [Puzzle],"Mon, 06 Sep 2021 16:33:12 GMT"
The escape [Free] [Adventure] [Windows] [macOS] [Linux],"Thu, 16 Jul 2020 00:07:15 GMT"
Slowoban [Free] [Puzzle],"Sat, 23 Apr 2022 08:32:19 GMT"
RUSH HOUR [Free] [Puzzle],"Sat, 20 Feb 2021 07:45:54 GMT"
Shift 'n Spell (Blocks With Letters On demake) - INCOMPLETE [Free],"Thu, 23 Jun 2022 22:53:59 GMT"
Oskar's 4D maze [Free] [Puzzle],"Tue, 26 Oct 2021 13:33:16 GMT"
push push [Free] [Puzzle],"Thu, 09 Jun 2022 18:25:36 GMT"
Mining For Minerals [Free] [Platformer],"Mon, 22 May 2017 22:28:21 GMT"
LEVEL 1 DAY 9 [Free] [Puzzle],"Sat, 20 Mar 2021 02:06:35 GMT"
Ascendant Quest [Free] [Puzzle],"Mon, 27 Jul 2020 19:48:23 GMT"
You won't find Dahyun [Free] [Puzzle],"Wed, 10 Nov 2021 22:38:51 GMT"
Controlled Burn [Free] [Puzzle],"Sat, 14 Nov 2020 07:20:29 GMT"
Eliminate Red Crate [Free] [Puzzle],"Fri, 30 Apr 2021 16:48:48 GMT"
El puzzle [Free],"Thu, 15 Jul 2021 00:32:53 GMT"
LEVEL 1 DAY 12 [Free] [Puzzle],"Tue, 23 Mar 2021 07:51:52 GMT"
Murderban [Free] [Puzzle],"Fri, 25 Mar 2022 01:17:10 GMT"
bet you cant speedrun this [Free] [Puzzle],"Thu, 27 May 2021 20:23:36 GMT"
LEVEL 1 DAY 19 [Free] [Puzzle],"Tue, 30 Mar 2021 00:04:02 GMT"
alPort [Free],"Fri, 04 Mar 2022 19:13:37 GMT"
The Final Connecting Boxes [Free],"Mon, 13 Dec 2021 14:13:05 GMT"
Time Doors [Free] [Puzzle],"Sat, 26 May 2018 12:53:08 GMT"
GAPFILLER / LUECKEFUELLER [Free] [Puzzle],"Fri, 27 Aug 2021 21:36:17 GMT"
Two-Step Pete [Free] [Puzzle],"Fri, 27 Aug 2021 22:10:59 GMT"
Rush Hour [Free] [Puzzle],"Thu, 19 May 2022 13:18:11 GMT"
Mirror Movement [Free] [Puzzle],"Mon, 02 Nov 2020 17:21:47 GMT"
Vampyr [Free] [Puzzle],"Mon, 10 Jan 2022 05:23:09 GMT"
Mirror Madness [Free] [Puzzle],"Fri, 12 Nov 2021 18:31:18 GMT"
Pollen Pusher [Free],"Wed, 08 Dec 2021 02:05:46 GMT"
They turned up to be bad [Free] [Puzzle],"Mon, 18 Jul 2022 10:53:47 GMT"
LEVEL 1 DAY 6 [Free] [Puzzle],"Tue, 16 Mar 2021 21:51:47 GMT"
I want to grind myself into dust [Free] [Puzzle],"Fri, 27 Aug 2021 21:04:52 GMT"
Crate Swarp [Free] [Puzzle],"Fri, 27 Aug 2021 22:18:55 GMT"
SkyMath [Free] [Puzzle],"Sun, 26 May 2019 17:52:23 GMT"
PuzzleScript with two players [Free],"Tue, 01 Mar 2022 17:15:21 GMT"
pushit [Free] [Puzzle],"Fri, 27 Aug 2021 21:42:37 GMT"
Small Little Journey [Free] [Puzzle],"Wed, 06 Oct 2021 17:51:41 GMT"
Iodine. [Free],"Sat, 26 Mar 2022 00:14:39 GMT"
Bambi Puzzle Game v0.2 [Free] [Puzzle],"Tue, 02 Aug 2022 19:15:08 GMT"
The Escort [Free],"Mon, 27 Jul 2020 23:22:33 GMT"
LogicOn [Free] [Puzzle] [Windows],"Sat, 09 Jul 2016 16:53:00 GMT"
Wallnut chasing mouse chasing cat chasing dog chasing man [Free] [Puzzle],"Sun, 06 Feb 2022 12:59:23 GMT"
Bouncy Bot [Free] [Puzzle],"Sun, 26 Jul 2020 21:12:40 GMT"
A cliche for bedtime [Free] [Puzzle],"Fri, 27 Aug 2021 21:16:12 GMT"
Dots And Lines [Free] [Puzzle],"Thu, 13 Jan 2022 00:03:55 GMT"
Bricks [Free] [Puzzle],"Fri, 01 Oct 2021 04:32:15 GMT"
NIGHTMARECROBAN [Free] [Puzzle],"Fri, 27 Aug 2021 21:51:25 GMT"
LEVEL 1 DAY 42 [Free] [Puzzle],"Thu, 22 Apr 2021 22:52:51 GMT"
Cavemania [Free] [Puzzle],"Sun, 29 Jul 2018 09:14:46 GMT"
Slide Pull [Free] [Puzzle],"Fri, 27 Aug 2021 21:30:41 GMT"
Push Pull [Free] [Puzzle],"Fri, 27 Aug 2021 21:29:42 GMT"
GlitchStrike: Switchback [Free] [Puzzle],"Wed, 11 May 2022 16:01:19 GMT"
Stoneman's Adventure [Free] [Puzzle],"Sat, 30 Oct 2021 07:33:31 GMT"
Thrill Digger Demake [Free] [Puzzle],"Tue, 28 Dec 2021 09:35:00 GMT"
Ravvle [Free] [Puzzle],"Fri, 20 May 2022 23:07:05 GMT"
Top Down Stealth [Free] [Puzzle] [Windows] [macOS],"Tue, 28 Feb 2017 15:54:47 GMT"
Dessert Party [Free],"Tue, 14 Dec 2021 16:35:09 GMT"
SS-tour puzzles [Free] [Puzzle],"Sat, 25 Jun 2022 14:10:15 GMT"
Chasing Mitzy [Free],"Thu, 04 Nov 2021 05:45:00 GMT"
"Clear the Mine ""Christmas Update"" [Free] [Survival]","Fri, 07 Dec 2018 19:03:10 GMT"
Magnetic power [Free] [Action],"Mon, 31 Jul 2017 14:42:29 GMT"
Double Man [Free],"Fri, 24 Sep 2021 21:38:43 GMT"
Mine Mania! [Free] [Puzzle],"Fri, 06 Nov 2020 19:35:35 GMT"
garden :) [Free],"Thu, 18 Nov 2021 19:06:52 GMT"
Ichimi Koh L√¢y [Free] [Puzzle],"Fri, 04 Mar 2022 19:08:57 GMT"
Escape from Sunset Prison [Free],"Sun, 28 Oct 2018 01:53:39 GMT"
Training is life [Free],"Tue, 16 Nov 2021 23:00:37 GMT"
One Piece Checker [Free] [Puzzle],"Mon, 03 May 2021 13:58:20 GMT"
TheFail_ConceptDemo [Free] [Puzzle] [Windows] [macOS] [Linux],"Thu, 14 Jul 2016 22:08:29 GMT"
Castle Portal [Free] [Puzzle],"Wed, 10 Nov 2021 22:03:12 GMT"
Tile Game [Free] [Puzzle] [Windows] [macOS] [Linux],"Sat, 12 Nov 2016 20:47:51 GMT"
Kronai [Free] [Puzzle] [Windows],"Sun, 04 Sep 2016 15:05:57 GMT"
Bob and his mushrooms [Free] [Adventure],"Wed, 10 Nov 2021 22:19:22 GMT"
Brotherhood [Free] [Puzzle],"Thu, 30 Apr 2020 18:14:42 GMT"
T√ºrk Clicker [Free] [Other] [Windows] [Android],"Sun, 02 May 2021 22:59:08 GMT"
Amazeballs [Free] [Platformer] [Windows],"Thu, 06 Apr 2017 13:53:14 GMT"
LEVEL 1 DAY 16 [Free] [Puzzle],"Fri, 26 Mar 2021 23:50:32 GMT"
Blockpush [Free] [Puzzle],"Tue, 12 Oct 2021 22:36:04 GMT"
Afraid Of The Dark [Free] [Other] [Windows] [Android],"Thu, 23 Feb 2017 06:31:05 GMT"
LEVEL 1 DAY 18 [Free] [Puzzle],"Sun, 28 Mar 2021 22:14:13 GMT"
Kill the loop [Free] [Puzzle] [Windows],"Sun, 26 Mar 2017 18:04:37 GMT"
Get Lost! [Free] [Puzzle],"Thu, 17 Feb 2022 06:56:29 GMT"
Monster Royale [Free] [Puzzle],"Sun, 17 Oct 2021 07:35:07 GMT"
Core [Free] [Puzzle] [Windows],"Thu, 16 Nov 2017 18:59:16 GMT"
Buddy System - Teamwork [Free] [Puzzle] [Windows],"Tue, 01 Nov 2016 02:09:34 GMT"
LEVEL 1 DAY 20 [Free] [Puzzle],"Tue, 30 Mar 2021 22:27:34 GMT"
Duckling's Daring (and quite boring) Highspeed Dungeon Escapade [Free] [Windows] [macOS] [Linux],"Sat, 05 Feb 2022 02:45:05 GMT"
The Castle [Free] [Puzzle],"Sun, 16 Apr 2017 05:50:29 GMT"
Click In Place [Free] [Platformer] [Windows],"Mon, 25 Dec 2017 02:16:56 GMT"
PuzzleScript Survival Game [Free] [Puzzle],"Fri, 18 Feb 2022 04:39:10 GMT"
WireLogic [Free] [Puzzle],"Mon, 10 Feb 2020 18:34:51 GMT"
Combinatorix [Free] [Puzzle] [Windows],"Tue, 07 Jun 2016 10:23:05 GMT"
Escape The Facility [Free],"Mon, 10 Jan 2022 05:56:52 GMT"
Trapped [Free] [Platformer],"Thu, 02 Sep 2021 19:19:59 GMT"
Light Among The Dark - A game about Hope [Free] [Puzzle],"Tue, 30 Nov 2021 21:59:32 GMT"
"""Pinkchu""? ""Pikachu""! [Free]","Fri, 01 Oct 2021 02:19:27 GMT"
Jigsaw Puzzle [Free] [Puzzle],"Fri, 26 Aug 2016 15:16:38 GMT"
5-junctions-maker / 5kreuzungenmacher [Free] [Puzzle],"Fri, 27 Aug 2021 21:50:37 GMT"
Load Pen Pen [Free] [Puzzle],"Mon, 25 Aug 2014 20:25:43 GMT"
Pain [Free] [Adventure],"Wed, 10 Nov 2021 22:10:15 GMT"
Help Me Lift This [Free] [Puzzle],"Mon, 01 Mar 2021 06:05:33 GMT"
Voided Psyche [Free] [Puzzle],"Tue, 07 Dec 2021 21:54:08 GMT"
Zombie Zhopping Zpree [Free],"Wed, 23 Mar 2022 21:24:46 GMT"
Lolo the beagle [Free],"Wed, 10 Nov 2021 22:09:07 GMT"
PUZZLESCRIPT MAZE [Free] [Puzzle],"Sat, 21 May 2022 19:40:52 GMT"
Monkey Key Quest [Free] [Puzzle],"Tue, 23 Nov 2021 19:08:33 GMT"
An OK multiban level [Free] [Puzzle],"Fri, 27 Aug 2021 21:25:24 GMT"
MegaBEER [Free] [Action] [Windows] [macOS] [Linux],"Sat, 14 May 2016 16:01:18 GMT"
Seven Collect [Free] [Puzzle] [Windows],"Sat, 23 Jul 2016 05:40:58 GMT"
World Generation in PuzzleScript [Free] [Strategy],"Mon, 23 Apr 2018 00:50:18 GMT"
Aqua Dodge [Free] [Puzzle],"Sun, 23 Mar 2014 20:38:00 GMT"
Map viewing [Free],"Mon, 31 Jan 2022 21:20:36 GMT"
Squid Game find my face [Free],"Tue, 23 Nov 2021 20:47:33 GMT"
Switch [Free] [Puzzle],"Fri, 07 Apr 2017 09:24:36 GMT"
Dave's new toy [Free] [Puzzle] [Windows] [macOS],"Thu, 25 Aug 2016 14:42:14 GMT"
Baron Ricochet [Free] [Action] [Windows],"Wed, 15 Feb 2017 20:55:10 GMT"
Factory [Free] [Puzzle],"Tue, 14 Apr 2020 17:04:02 GMT"
Birthday? [Free] [Puzzle],"Sun, 16 Mar 2014 23:17:53 GMT"
Tamagotchi [Free] [Survival],"Tue, 23 Feb 2021 01:40:37 GMT"
Data Diver [Free] [Puzzle],"Sun, 09 Mar 2014 18:53:34 GMT"
Sigue las pistas [Free] [Adventure],"Wed, 24 Nov 2021 20:57:56 GMT"
Yendor's Heart [Free] [Adventure],"Mon, 12 Mar 2018 04:58:26 GMT"
Dud Gun [Free] [Puzzle] [Windows] [macOS] [Linux],"Sun, 10 Sep 2017 18:26:52 GMT"
Pied Piper [Free] [Puzzle],"Sun, 05 Dec 2021 19:58:14 GMT"
the ship [Free] [Puzzle],"Fri, 09 Oct 2020 03:29:30 GMT"
PONG [Free] [Action],"Fri, 11 Dec 2020 20:53:01 GMT"
Agent 3310 [Free] [Puzzle],"Tue, 30 Aug 2016 01:42:34 GMT"
Slime Ascend [Free] [Platformer],"Wed, 11 Aug 2021 19:40:35 GMT"
Mirror Shot [Free] [Puzzle],"Mon, 16 May 2016 20:48:03 GMT"
Evil ralsi moment [Free],"Sat, 08 Jan 2022 09:31:52 GMT"
Warehouse Heist [Free] [Puzzle],"Tue, 07 May 2019 07:22:19 GMT"
GLOV3.1 [Free] [Puzzle],"Sun, 19 Apr 2015 13:29:25 GMT"
Cannons [Free] [Puzzle],"Sun, 11 Mar 2018 23:14:39 GMT"
warp door [Free] [Puzzle],"Wed, 05 Mar 2014 20:51:31 GMT"
Jelly Is Sticky And More [Free] [Puzzle],"Fri, 10 Jun 2022 02:12:28 GMT"
DiBLOX [Free] [Puzzle] [Windows],"Tue, 17 Jan 2017 18:14:21 GMT"
Extinction [Free] [Platformer],"Wed, 11 Aug 2021 19:40:31 GMT"
Making dice is hard [Free] [Puzzle],"Sun, 17 Jul 2022 09:25:03 GMT"
Heist (Prototype) [Free] [Puzzle],"Thu, 15 Nov 2018 00:29:31 GMT"
SpeedArt [Free] [Puzzle] [Windows],"Thu, 09 Feb 2017 23:03:29 GMT"
Step-over sequence mazes [2021] [Free] [Puzzle],"Thu, 15 Apr 2021 15:14:48 GMT"
LEIF [Free] [Adventure],"Sun, 27 Apr 2014 22:49:22 GMT"
Deluge - The Rebellion of Nat Turner [Free] [Puzzle],"Wed, 29 Jan 2020 02:16:14 GMT"
Soggy Bunny [Free] [Puzzle],"Mon, 13 Aug 2018 21:33:43 GMT"
Rule 30 [Free] [Educational],"Thu, 06 Feb 2020 02:35:02 GMT"
SaveIt! [Free] [Puzzle],"Mon, 04 Jun 2018 21:49:56 GMT"
Touchscreen [Free] [Puzzle],"Sun, 29 Mar 2020 03:20:30 GMT"
Football with friends [Free] [Puzzle],"Tue, 07 Jun 2022 14:16:49 GMT"
Birthday? english version [Free] [Puzzle],"Wed, 19 Mar 2014 08:54:31 GMT"
The Lone Survivors(puzzle script version) [Free] [Puzzle],"Sat, 16 Jun 2018 02:12:49 GMT"
Pearl Adventure [Free] [Puzzle],"Sat, 02 Jun 2018 16:00:11 GMT"
Legend Star [Free],"Sun, 07 Nov 2021 10:08:28 GMT"
DOWN GAME [Free] [Puzzle],"Sun, 13 Oct 2019 02:21:35 GMT"
Twisty mazes [Free] [Puzzle],"Thu, 24 Jun 2021 14:33:36 GMT"
Le Ferry Boat de Marsactu [Free] [Puzzle],"Fri, 13 May 2016 08:16:48 GMT"
NEON HEIGHTS [Free] [Puzzle],"Wed, 12 Mar 2014 07:04:52 GMT"
The target and 1001 mirrors [Free] [Puzzle],"Sat, 27 Mar 2021 20:17:59 GMT"
Bit World! [Free] [Adventure],"Sun, 06 Jun 2021 23:17:13 GMT"
The follower [Free] [Puzzle],"Fri, 10 Apr 2020 10:25:46 GMT"
Unblock Gem: Become a Jeweler [Free] [Puzzle],"Tue, 25 Oct 2016 21:19:30 GMT"
Hyde Pusher [Free],"Sun, 12 Jul 2020 18:46:15 GMT"
SlipSlide [$1.00] [Puzzle],"Fri, 20 Mar 2020 23:23:40 GMT"
Disorder of the darkness [Jam version] [Free] [Puzzle],"Sat, 19 Feb 2022 14:16:54 GMT"
On Board [Free] [Adventure],"Sat, 12 May 2018 11:44:39 GMT"
GameEXE [Free] [Puzzle] [Windows],"Sun, 29 Oct 2017 00:42:47 GMT"
SliderMania Animals [Free] [Puzzle] [Android],"Fri, 06 Oct 2017 23:01:39 GMT"
A CLEAR VIEW OF THE SKY [Free] [Puzzle],"Fri, 27 Aug 2021 21:56:44 GMT"
Participating in society [Free] [Puzzle],"Fri, 27 Aug 2021 21:11:10 GMT"
Unleashed [Free] [Puzzle],"Thu, 02 May 2019 03:57:39 GMT"
Tiny Steps [Free] [Puzzle],"Mon, 27 Apr 2015 15:01:41 GMT"
mean8 chapter1 [Free],"Wed, 16 Oct 2019 22:01:17 GMT"
Sokobite [Free] [Puzzle],"Wed, 29 Apr 2015 21:49:38 GMT"
Cyberbox II (Puzzlescript port) [Free] [Puzzle],"Fri, 05 Oct 2018 22:48:24 GMT"
POV: You Have To Say Hi [Free] [Puzzle],"Wed, 15 Sep 2021 09:37:56 GMT"
CLOSE DOORS [Free] [Puzzle],"Sun, 25 Feb 2018 18:17:56 GMT"
Moving square [Free],"Sat, 12 May 2018 00:12:19 GMT"
Triple Step [Free] [Puzzle] [Windows],"Sat, 21 May 2016 23:32:42 GMT"
Bark in My Day [Free] [Puzzle],"Fri, 11 May 2018 23:07:09 GMT"
SOKOBAN + THE COMMENTS [Free] [Puzzle],"Sat, 15 Jan 2022 06:19:37 GMT"
Polarity: How I Learned to Stop Caring and Love Magnetism [Free] [Puzzle] [Windows] [macOS] [Linux] [Android],"Fri, 10 May 2019 23:27:54 GMT"
Posi/Negi [Free] [Puzzle],"Sun, 20 Nov 2016 04:46:12 GMT"
The Mirror Maze [Free] [Puzzle],"Thu, 17 Jan 2019 10:07:30 GMT"
Infinity Puzzle DEMO [Free] [Puzzle] [Windows],"Wed, 05 May 2021 12:47:04 GMT"
LEVEL 1 DAY 25 [Free] [Puzzle],"Tue, 06 Apr 2021 00:02:54 GMT"
Grocery Shopping Pandemic addition [Free],"Tue, 16 Feb 2021 03:31:02 GMT"
Chop Down Every Tree in The Forest: A Simulation [Free] [Simulation],"Thu, 06 Dec 2018 02:37:52 GMT"
Adventures of the Iron Man [Free] [Puzzle],"Thu, 09 May 2019 14:34:20 GMT"
Sokobaiogenesis [Free] [Puzzle],"Sun, 03 Nov 2019 19:02:59 GMT"
Inevitable [Free] [Puzzle],"Sun, 05 Nov 2017 12:12:06 GMT"
Crazy Cube ? [Free] [Puzzle],"Tue, 01 Mar 2022 19:24:38 GMT"
Infiltration [Free] [Puzzle],"Fri, 10 May 2019 22:23:14 GMT"
a Dream of Island [Free] [Puzzle],"Thu, 23 May 2019 19:02:31 GMT"
Nest Egg [Free],"Tue, 23 Feb 2021 10:34:06 GMT"
Mice Catcher [Free] [Puzzle],"Sat, 20 Jun 2020 23:44:19 GMT"
Project X: Aliens [Free] [Puzzle],"Sat, 04 May 2019 15:59:22 GMT"
wildfire [Free] [Other],"Fri, 16 Apr 2021 15:27:23 GMT"
Slime Resgoo Towlr [Free] [Puzzle],"Sun, 03 Jul 2022 22:52:02 GMT"
Dragon Tales [Free] [Puzzle],"Wed, 10 Nov 2021 22:10:42 GMT"
Lonely [Free] [Survival],"Tue, 16 Nov 2021 16:35:22 GMT"
Son of Pacman [Free] [Puzzle],"Fri, 27 Jul 2018 12:42:42 GMT"
The World Is Crumbling Down But Someone Must Save the Flowers [Free] [Puzzle],"Sat, 02 Oct 2021 20:42:33 GMT"
no heroes necessary [Free] [Puzzle],"Fri, 27 Aug 2021 21:18:22 GMT"
blind flagflip [Free] [Puzzle],"Thu, 09 Sep 2021 22:23:52 GMT"
Bunny Bartmann [Free] [Puzzle],"Thu, 31 May 2018 19:22:57 GMT"
Mean8 Convey [Free] [Puzzle],"Tue, 11 May 2021 02:31:05 GMT"
Craig's Box Game [Free] [Windows] [macOS] [Linux] [Android],"Thu, 03 Jun 2021 21:27:33 GMT"
Hat's Magician [Free] [Puzzle],"Fri, 08 Jul 2022 22:55:28 GMT"
"Kettle, except something is off [Free] [Puzzle]","Tue, 18 Jan 2022 19:47:05 GMT"
Live as a Penguin [Free] [Puzzle],"Tue, 09 Jun 2020 05:41:41 GMT"
Mexican Threat [Free] [Action],"Mon, 27 Apr 2015 14:38:17 GMT"
Marathon (demake) [Free] [Puzzle],"Sat, 08 Aug 2015 06:57:04 GMT"
Infinite Loop [Free] [Puzzle],"Mon, 05 Oct 2020 15:01:21 GMT"
LEVEL 1 DAY 50 [Free] [Puzzle],"Sat, 01 May 2021 00:45:45 GMT"
DRUNK [Free] [Puzzle],"Mon, 06 Jan 2014 01:29:32 GMT"
Dungeoning [Free] [Role Playing],"Mon, 26 Mar 2018 12:30:07 GMT"
Gamera is Kind Turtle That Does Not Care For Lighthouses [Free] [Puzzle],"Sun, 05 Jul 2015 14:12:08 GMT"
space wizard puzzlescript [Free] [Puzzle],"Thu, 25 Mar 2021 03:58:21 GMT"
Zombies!! [Free] [Puzzle],"Fri, 28 Jun 2019 17:55:05 GMT"
Puzzling Duckling [Free] [Puzzle],"Thu, 27 Dec 2018 16:51:11 GMT"
The Waters [Free] [Puzzle],"Wed, 12 Jun 2019 22:19:27 GMT"
Prim's Labyrinth [Free] [Adventure],"Mon, 10 Dec 2018 18:25:54 GMT"
Dirt and Crates Thing [Free] [Puzzle],"Wed, 13 Nov 2019 23:24:46 GMT"
Grigory 2: Silent Sweet Embrace [Free] [Puzzle],"Tue, 02 Nov 2021 08:42:28 GMT"
GAME SWAPPER 1 [Free] [Puzzle],"Mon, 14 Oct 2019 00:43:28 GMT"
Blockr [Free] [Puzzle],"Fri, 10 May 2019 22:59:14 GMT"
Timothy Adventures [Free] [Puzzle],"Thu, 10 Jan 2019 23:32:45 GMT"
River Rapid Rider [Free] [Puzzle],"Tue, 14 Apr 2020 16:10:17 GMT"
Heartbreak and a Heartache [Free] [Puzzle],"Tue, 27 Apr 2021 20:40:59 GMT"
Apples contain a lot of iron [demo] [Free] [Puzzle],"Wed, 20 Oct 2021 13:05:47 GMT"
LEVEL 1 DAY 10 [Free] [Puzzle],"Sun, 21 Mar 2021 00:12:11 GMT"
Push Trump [Free] [Puzzle],"Mon, 16 Jul 2018 20:55:34 GMT"
Doppelganger [Free] [Puzzle],"Tue, 28 May 2019 08:57:51 GMT"
PUSH [Free] [Puzzle],"Sun, 05 Jan 2014 01:44:43 GMT"
LEVEL 1 DAY 47 [Free] [Puzzle],"Wed, 28 Apr 2021 03:36:50 GMT"
Where is Phil? [Free] [Puzzle],"Wed, 29 Sep 2021 20:41:21 GMT"
Block Puzzle Tetric [Free] [Puzzle] [macOS] [Android],"Tue, 21 Apr 2020 05:23:05 GMT"
Don't Look Back [Free] [Puzzle],"Wed, 09 Dec 2015 01:04:47 GMT"
Rompegol [Free] [Puzzle],"Thu, 07 Jun 2018 05:21:02 GMT"
Doctor Puzzle [Free] [Puzzle],"Mon, 24 Dec 2018 18:57:38 GMT"
drawing game [Free] [Simulation],"Wed, 26 May 2021 16:05:31 GMT"
Autem Diabolicum [Free] [Puzzle],"Thu, 04 Sep 2014 15:30:12 GMT"
Puzzler Pals Demo [Free] [Puzzle],"Thu, 14 May 2015 01:31:47 GMT"
Escape the Dark [Free] [Puzzle],"Sat, 14 Apr 2018 15:03:06 GMT"
Mildang [Free],"Sat, 16 Jun 2018 07:54:19 GMT"
The Woodcutter's Nightmare [Free] [Puzzle],"Mon, 27 Apr 2015 13:59:17 GMT"
Push&Pull [Free] [Puzzle],"Fri, 03 Sep 2021 15:05:42 GMT"
Part of Your World [Free] [Puzzle],"Wed, 02 Jan 2019 16:55:53 GMT"
Over the desert [Free] [Puzzle],"Thu, 24 Dec 2020 09:26:22 GMT"
Romeo & Juliet [Free] [Puzzle],"Tue, 18 Aug 2020 09:03:07 GMT"
Memories Of Castlemouse [Free] [Puzzle],"Sun, 04 Mar 2018 05:46:58 GMT"
Land [Free] [Puzzle],"Wed, 15 Jul 2020 23:57:16 GMT"
Sokoban : The Bizarre Boxes [Free] [Puzzle],"Thu, 20 May 2021 04:26:33 GMT"
Hole-Stuffer [Free] [Puzzle],"Fri, 27 Aug 2021 22:38:56 GMT"
Turn-Guin [Free],"Wed, 27 Oct 2021 10:00:33 GMT"
Meow In Rain [Free] [Puzzle],"Thu, 08 Oct 2020 16:45:43 GMT"
Make it Nice Around the Tree [Free] [Puzzle],"Thu, 11 Jun 2015 04:48:10 GMT"
Parallelism (Remix of Octat) [Free] [Puzzle],"Sat, 20 Nov 2021 19:48:04 GMT"
The grass is greener on the other side [Free] [Other],"Mon, 28 Jun 2021 13:58:04 GMT"
An adventure on Demand [Free] [Puzzle],"Thu, 08 Oct 2020 10:04:36 GMT"
Ninja Jutsu [Free] [Puzzle],"Wed, 10 Nov 2021 22:11:37 GMT"
Lightdown [Free] [Puzzle],"Wed, 15 Dec 2021 18:38:20 GMT"
You can't make this up! [Free] [Puzzle],"Fri, 27 Aug 2021 22:25:13 GMT"
Twins [Free] [Puzzle],"Fri, 10 May 2019 18:34:45 GMT"
Feed the Pumpkin [Free] [Puzzle],"Thu, 11 Nov 2021 20:55:05 GMT"
Arrow Swap [Free] [Puzzle],"Fri, 31 Aug 2018 21:19:10 GMT"
LEVEL 2 WEEK 1 [Free] [Puzzle],"Sun, 11 Jul 2021 13:32:09 GMT"
makesomefivesandthensomemore [Free] [Puzzle],"Tue, 09 Jul 2019 22:50:17 GMT"
Goblin Horde [Free] [Puzzle],"Mon, 17 Jan 2022 20:01:31 GMT"
Puzzle Construction [Free] [Puzzle],"Wed, 26 Dec 2018 18:48:22 GMT"
Ferrari Cops III: DLC BUGATTI VILAIN SEASONPASS EXCLUSIVE [Free] [Action],"Mon, 27 Apr 2015 13:59:54 GMT"
Don't Leave Your Backpack On The Bus [Free] [Puzzle],"Sun, 25 Jul 2021 18:14:56 GMT"
"Individuals can produce a society, but can a society produce individuals? [Free] [Puzzle]","Fri, 27 Aug 2021 21:12:22 GMT"
The Crate Game [Free],"Fri, 04 Feb 2022 07:47:13 GMT"
I am a vague rainbow. [Free] [Puzzle],"Sat, 29 May 2021 02:41:34 GMT"
Perfect Pangram Perfect Square [Free] [Puzzle],"Sat, 04 Apr 2020 10:33:59 GMT"
Jurassic Circuits [Free] [Adventure],"Sun, 12 Apr 2020 18:52:55 GMT"
The Adventures of Mr. Goat [Free] [Puzzle],"Sun, 23 Mar 2014 20:35:16 GMT"
You are The Striker [Free] [Sports],"Fri, 20 Nov 2020 13:07:49 GMT"
the LORD wants a FENNEC [Free] [Puzzle],"Wed, 25 May 2016 09:00:56 GMT"
Cargo Commando [Free],"Fri, 15 Dec 2017 07:53:11 GMT"
Blue Head [Free] [Action],"Mon, 16 Aug 2021 21:37:42 GMT"
Run and Find [Free] [Action],"Wed, 20 Oct 2021 00:17:39 GMT"
Digital Egg [Free] [Puzzle],"Sat, 12 May 2018 11:11:51 GMT"
Gold rush [Free] [Puzzle],"Sun, 05 Aug 2018 16:04:24 GMT"
Move Gobang [Free] [Puzzle],"Sat, 01 May 2021 18:07:07 GMT"
Sweet Home [Free] [Puzzle],"Mon, 08 Jun 2020 20:19:51 GMT"
COLOURSHOOTER [Free] [Shooter],"Thu, 08 Oct 2020 11:33:35 GMT"
RED AND BLUE [Free] [Puzzle],"Wed, 09 Oct 2019 15:19:42 GMT"
Escape to Freedom [Free] [Puzzle],"Mon, 06 May 2019 19:15:38 GMT"
The Cougar's Treasure [Free] [Adventure],"Thu, 16 Jul 2020 00:08:06 GMT"
Ice Man [Free] [Puzzle],"Sat, 07 Mar 2020 20:31:46 GMT"
Gardener2 [Free] [Puzzle],"Mon, 22 Jun 2020 03:19:35 GMT"
Beat this with no bombs [Free] [Puzzle],"Sun, 05 Jun 2022 06:39:19 GMT"
Cabeza Azul [Free] [Action],"Mon, 16 Aug 2021 14:56:59 GMT"
Zombieland [Free] [Platformer],"Wed, 10 Nov 2021 22:15:39 GMT"
The Hug-oblins [Free] [Puzzle],"Fri, 06 Oct 2017 01:46:57 GMT"
The Push [Free] [Puzzle],"Sat, 17 Feb 2018 15:53:14 GMT"
LEVEL 1 DAY 32 [Free] [Puzzle],"Mon, 12 Apr 2021 21:04:36 GMT"
LEVEL 1 DAY 14 [Free] [Puzzle],"Wed, 24 Mar 2021 23:19:48 GMT"
Breakfast Hero [Free] [Puzzle],"Wed, 10 Nov 2021 22:07:44 GMT"
Permutations of Connectors [Free],"Sat, 06 Oct 2018 17:46:06 GMT"
Eight [Free] [Strategy],"Tue, 18 May 2021 01:19:10 GMT"
Grow Up and Hunt V1.3 [Free] [Puzzle],"Wed, 10 Nov 2021 22:08:59 GMT"
Birdie Busy Blocks [Free] [Puzzle],"Thu, 10 May 2018 15:56:58 GMT"
Bring Heart Back [Free] [Puzzle],"Sat, 30 Jan 2021 16:36:43 GMT"
Brotherhood (Quick Demo) [Free] [Puzzle],"Thu, 21 Oct 2021 20:26:17 GMT"
Day1 Level21 [Free],"Fri, 02 Apr 2021 00:52:20 GMT"
Diagram pattern search [Free] [Puzzle] [Windows] [macOS] [Linux],"Fri, 15 Dec 2017 22:33:45 GMT"
LEVEL 1 DAY 38 [Free] [Puzzle],"Mon, 19 Apr 2021 09:21:51 GMT"
Vexatious Match 3 - Four more digits [Free] [Puzzle],"Sun, 10 Apr 2022 08:19:01 GMT"
29 de Febrero [Free] [Puzzle],"Wed, 10 Nov 2021 22:08:13 GMT"
Random Dungeon [Free] [Puzzle],"Mon, 14 Dec 2020 18:26:55 GMT"
A Sky Full of Stars [Free] [Role Playing],"Thu, 23 May 2019 22:44:36 GMT"
Slot Machine [Free] [Puzzle],"Fri, 27 Aug 2021 21:10:28 GMT"
Crumbs [Free] [Adventure],"Mon, 20 Sep 2021 22:52:17 GMT"
Break Free [Free] [Other],"Wed, 24 Jun 2020 15:53:20 GMT"
Mr. Puzzle [Free] [Puzzle],"Sun, 26 Jun 2022 13:18:08 GMT"
Explodoban [Free] [Puzzle],"Fri, 27 Aug 2021 22:26:06 GMT"
Just Crates [Free] [Puzzle],"Fri, 16 Apr 2021 19:58:10 GMT"
Duoentis (Demo) [Free] [Puzzle],"Wed, 29 Jun 2016 00:09:49 GMT"
Ninja Turtle Push/Pull [Free] [Puzzle],"Sat, 02 Oct 2021 02:58:25 GMT"
GuesShape [Free] [Puzzle],"Mon, 16 Oct 2017 16:07:18 GMT"
All These Damn Crates [Free] [Puzzle],"Tue, 10 Mar 2020 00:31:29 GMT"
Escaping Hell's Labryinth [Free] [Puzzle],"Tue, 15 Dec 2020 17:15:24 GMT"
Pullkoban [Free] [Puzzle],"Tue, 27 Feb 2018 20:22:45 GMT"
LEVEL 1 DAY 26 [Free] [Puzzle],"Tue, 06 Apr 2021 21:36:35 GMT"
Cooperacing [Free] [Puzzle],"Fri, 27 Aug 2021 20:32:51 GMT"
10 GATES OF IMMORTALITY [Free] [Puzzle],"Mon, 20 May 2019 10:25:24 GMT"
Ace Delivery Puzzle [Free] [Puzzle],"Tue, 17 Jul 2018 13:40:38 GMT"
Vines [Free] [Puzzle],"Mon, 16 Jan 2017 18:04:24 GMT"
LIFECOIN [Free] [Puzzle],"Mon, 29 Apr 2019 01:12:57 GMT"
Ship the Sheep [Free] [Action],"Mon, 27 Apr 2015 14:20:51 GMT"
NO FORBIDDEN SYMBOLS [Free] [Puzzle],"Fri, 27 Aug 2021 22:20:35 GMT"
Tekromanzerz [Free] [Puzzle],"Wed, 02 Jan 2019 21:33:06 GMT"
Gold Rusher [Free] [Puzzle],"Thu, 12 Apr 2018 00:43:26 GMT"
Repartida Misteriosa [Free] [Puzzle],"Wed, 10 Nov 2021 22:08:49 GMT"
Into The Space [Free] [Puzzle],"Wed, 22 May 2019 15:02:06 GMT"
End of the world [Free],"Mon, 27 Apr 2015 13:35:55 GMT"
LEVEL 1 DAY 34 [Free] [Puzzle],"Thu, 15 Apr 2021 01:09:18 GMT"
LEVEL 1 DAY 33 [Free] [Puzzle],"Wed, 14 Apr 2021 00:20:39 GMT"
Oh no I accidentally swallowed myself! [Free] [Puzzle],"Fri, 27 Aug 2021 21:15:24 GMT"
Cold War Mann [Free],"Mon, 11 Dec 2017 02:06:23 GMT"
Maze of Starvation [Free] [Puzzle],"Wed, 16 Dec 2020 01:56:55 GMT"
LEVEL 1 DAY 52 [Free] [Puzzle],"Mon, 03 May 2021 00:56:04 GMT"
Path [Free] [Puzzle],"Sat, 09 Jun 2018 16:56:31 GMT"
LEVEL 1 DAY 27 [Free] [Puzzle],"Thu, 08 Apr 2021 02:16:14 GMT"
Numbo Cruncho [Free] [Puzzle],"Wed, 02 Oct 2019 23:12:31 GMT"
LEVEL 1 DAY 22 [Free] [Puzzle],"Sat, 03 Apr 2021 00:35:36 GMT"
LEVEL 1 DAY 44 [Free] [Puzzle],"Sun, 25 Apr 2021 00:51:20 GMT"
Abstractions [Free] [Puzzle],"Tue, 19 Jan 2021 03:58:59 GMT"
LEVEL 2 WEEK 0 [Free] [Puzzle],"Sun, 04 Jul 2021 14:39:04 GMT"
Ace Delivery Letters (Sokoban) [Free] [Puzzle],"Tue, 17 Jul 2018 20:04:00 GMT"
Non-Burning Bridges [Free] [Puzzle],"Tue, 05 May 2020 05:34:52 GMT"
LEVEL 1 DAY 30 [Free] [Puzzle],"Sun, 11 Apr 2021 00:43:37 GMT"
LEVEL 1 DAY 69 [Free] [Puzzle],"Thu, 20 May 2021 03:23:50 GMT"
LEVEL 1 DAY 48 [Free] [Puzzle],"Thu, 29 Apr 2021 02:14:53 GMT"
ÎπóÎ¨ºÎã¥Í∏∞ [Free] [Puzzle],"Sat, 16 Jun 2018 07:59:39 GMT"
BunBrigade [Free] [Survival],"Sun, 12 Aug 2018 19:26:15 GMT"
Hat Travelleraw [Free] [Puzzle],"Fri, 23 Oct 2020 22:05:52 GMT"
LEVEL 1 DAY 23 [Free] [Puzzle],"Sun, 04 Apr 2021 01:12:32 GMT"
Goblin Hooblob [Free] [Puzzle],"Sat, 12 May 2018 02:53:31 GMT"
Box Dungeon [Free] [Puzzle],"Tue, 14 Apr 2020 17:04:16 GMT"
Burn to live [Free] [Puzzle],"Mon, 27 Apr 2015 14:27:49 GMT"
Guidence [Free] [Puzzle],"Sat, 04 Aug 2018 16:17:46 GMT"
Oh No My Dog Is About To Swallow A Piece Of Chocolate [Free] [Puzzle],"Fri, 27 Aug 2021 22:14:27 GMT"
North Wind Simple Sailboat Buoy Collection [Free] [Simulation],"Fri, 27 Aug 2021 22:06:05 GMT"
"BUILD THE CROSS, VON DER MUHLL!: AN APPRECIATION OF THE DIVINE IN ART BY BOTH THE MORTAL AND THE NOT [Free] [Simulation]","Sat, 15 Jun 2019 23:09:06 GMT"
LEVEL 1 DAY 28 [Free] [Puzzle],"Thu, 08 Apr 2021 21:09:35 GMT"
Ace Delivery Pigeon [Free] [Puzzle],"Tue, 17 Jul 2018 20:02:07 GMT"
LEVEL 1 DAY 56 [Free] [Puzzle],"Fri, 07 May 2021 00:56:07 GMT"
LEVEL 1 DAY 36 [Free] [Puzzle],"Sat, 17 Apr 2021 00:48:47 GMT"
Creaking Manor [Free] [Other],"Wed, 10 Nov 2021 22:01:25 GMT"
Little Kidd [Free],"Fri, 24 Sep 2021 23:24:31 GMT"
Snortal [Free] [Puzzle],"Fri, 27 Aug 2021 20:44:49 GMT"
After the Party [Free] [Puzzle],"Sun, 06 May 2018 12:43:54 GMT"
LEVEL 1 DAY 40 [Free] [Puzzle],"Wed, 21 Apr 2021 00:20:57 GMT"
The Floor is Lava [Free] [Puzzle],"Fri, 10 May 2019 05:31:31 GMT"
Place the crate on the targets [Free] [Puzzle],"Fri, 27 Aug 2021 22:10:20 GMT"
LEVEL 1 DAY 60 [Free] [Puzzle],"Tue, 11 May 2021 00:26:14 GMT"
LEVEL 1 DAY 24 [Free] [Puzzle],"Mon, 05 Apr 2021 01:02:03 GMT"
War is not fair [Free] [Adventure],"Mon, 27 Apr 2015 14:45:26 GMT"
PopCrushers [Free],"Sat, 14 Jan 2017 13:26:57 GMT"
A bull in the shop [Free] [Puzzle],"Sat, 01 Sep 2018 21:07:22 GMT"
Ghost [Free],"Mon, 27 Apr 2015 15:03:39 GMT"
LEVEL 1 DAY 59 [Free] [Puzzle],"Mon, 10 May 2021 01:29:34 GMT"
Fuga De Prisi√≥n v1.4 [Free] [Puzzle],"Tue, 16 Nov 2021 04:44:19 GMT"
Long maze [Free],"Wed, 10 Nov 2021 22:05:09 GMT"
LEVEL 1 DAY 37 [Free] [Puzzle],"Sun, 18 Apr 2021 00:49:15 GMT"
Fireman [Free] [Puzzle],"Wed, 10 Nov 2021 22:08:18 GMT"
Their Fairy Tale [Free] [Adventure],"Thu, 08 Oct 2020 21:12:34 GMT"
A Bad Typing Interface [Free],"Sat, 29 Feb 2020 17:13:08 GMT"
Robot Friends [Free] [Puzzle],"Thu, 08 Mar 2018 05:40:43 GMT"
LEVEL 1 DAY 31 [Free] [Puzzle],"Mon, 12 Apr 2021 00:15:37 GMT"
LEVEL 1 DAY 29 [Free] [Puzzle],"Sat, 10 Apr 2021 00:38:19 GMT"
Contractura nucas [Free] [Puzzle],"Wed, 11 Aug 2021 19:37:10 GMT"
LEVEL 1 DAY 35 [Free] [Puzzle],"Fri, 16 Apr 2021 06:11:18 GMT"
Recycling Master [Free] [Puzzle],"Sat, 16 Jun 2018 07:52:39 GMT"
All Green and Blue on Yellow [Free] [Puzzle],"Fri, 27 Aug 2021 21:48:59 GMT"
the exit is under my left foot [Free] [Puzzle],"Fri, 27 Aug 2021 21:13:41 GMT"
KALEIDOSCOPE [Free] [Puzzle],"Mon, 27 Apr 2015 14:48:33 GMT"
Coming Home [Free] [Adventure],"Wed, 10 Nov 2021 22:04:00 GMT"
LEVEL 1 DAY 41 [Free] [Puzzle],"Thu, 22 Apr 2021 00:32:30 GMT"
LEVEL 1 DAY 61 [Free] [Puzzle],"Wed, 12 May 2021 01:36:54 GMT"
Pot the Flower [Free],"Thu, 18 Nov 2021 16:27:16 GMT"
Penguin Land [Free] [Puzzle],"Mon, 18 May 2020 21:04:03 GMT"
Bael Electus 2: Insurrectus [Free] [Puzzle],"Tue, 04 May 2021 15:49:48 GMT"
Bagel Snake [Free] [Role Playing],"Mon, 04 Oct 2021 21:19:45 GMT"
Pad Hopper [Free] [Puzzle],"Tue, 12 May 2020 18:13:15 GMT"
Fire Builder [Free] [Puzzle],"Tue, 14 Apr 2020 17:19:57 GMT"
LEVEL 1 DAY 39 [Free] [Puzzle],"Tue, 20 Apr 2021 03:03:31 GMT"
It gets its Feet Wet [Free] [Puzzle],"Fri, 27 Aug 2021 22:07:17 GMT"
LEVEL 1 DAY 45 [Free] [Puzzle],"Mon, 26 Apr 2021 00:26:46 GMT"
Aventuras  Marcianas [Free] [Puzzle],"Wed, 10 Nov 2021 22:08:32 GMT"
LEVEL 1 DAY 58 [Free] [Puzzle],"Sun, 09 May 2021 02:21:32 GMT"
LEVEL 1 DAY 53 [Free] [Puzzle],"Tue, 04 May 2021 01:56:52 GMT"
LEVEL 1 DAY 57 [Free] [Puzzle],"Sat, 08 May 2021 02:24:30 GMT"
Cusco Hechizado [Free] [Puzzle],"Wed, 11 Aug 2021 19:42:32 GMT"
LEVEL 1 DAY 49 [Free] [Puzzle],"Fri, 30 Apr 2021 01:20:44 GMT"
S W A P [Free] [Puzzle],"Tue, 07 Apr 2020 17:24:10 GMT"
LEVEL 1 DAY 51 [Free] [Puzzle],"Sun, 02 May 2021 03:00:13 GMT"
LEVEL 1 DAY 43 [Free] [Puzzle],"Sat, 24 Apr 2021 00:31:15 GMT"
Make way! [Free] [Puzzle],"Fri, 27 Aug 2021 21:31:36 GMT"
Ball Pass [Free] [Puzzle],"Fri, 17 Feb 2017 13:50:48 GMT"
Level Design Collaboration B [Free] [Puzzle],"Sun, 06 May 2018 18:59:28 GMT"
Color Everything! [Free],"Mon, 27 Apr 2015 14:27:50 GMT"
LEVEL 1 DAY 46 [Free] [Puzzle],"Tue, 27 Apr 2021 00:50:05 GMT"
¬°Arriesgando por la pelota! [Free] [Adventure],"Wed, 10 Nov 2021 22:07:53 GMT"
Unclean Residues [Free] [Puzzle],"Fri, 27 Aug 2021 21:26:20 GMT"
Transcend [Free] [Adventure],"Wed, 10 Nov 2021 22:08:27 GMT"
Game 24 [Free] [Puzzle],"Thu, 07 Dec 2017 16:22:30 GMT"
sum three horizontally to 8! [Free] [Puzzle],"Fri, 27 Aug 2021 21:58:24 GMT"
Recondite Star Sector Sigma [Free] [Puzzle],"Fri, 27 Aug 2021 22:17:43 GMT"
a distant sunset [Free] [Puzzle],"Fri, 27 Aug 2021 21:23:35 GMT"
LEVEL 1 DAY 55 [Free] [Puzzle],"Thu, 06 May 2021 01:14:01 GMT"
Play Soccer [Free] [Sports],"Tue, 14 Apr 2020 16:43:36 GMT"
Pocket Gopher: Root-Shoot Nibbler [Free] [Puzzle],"Fri, 27 Aug 2021 22:04:24 GMT"
Simple Box Pusher - 10 levels [Free] [Strategy],"Tue, 16 Nov 2021 18:10:58 GMT"
Kreiseln [Free] [Puzzle],"Fri, 27 Aug 2021 20:58:36 GMT"
Break the Chain [Free],"Sat, 02 May 2020 16:18:05 GMT"
Die schoene Steinmetzin [Free] [Puzzle],"Fri, 27 Aug 2021 21:03:58 GMT"
PushNMatch [Free],"Tue, 09 Feb 2021 15:47:00 GMT"
ALL GREEN TO BLUE [Free] [Puzzle],"Fri, 27 Aug 2021 21:49:42 GMT"
El Escape de el Fort√≠n [Free] [Puzzle],"Wed, 14 Jul 2021 23:45:22 GMT"
I SURE LOOK TASTY! [Free] [Puzzle],"Fri, 27 Aug 2021 21:14:28 GMT"
Moved by leaves of grass [Free] [Puzzle],"Fri, 27 Aug 2021 22:08:51 GMT"
Bring the ice cube to the goal without exposing it to heat. [Free] [Puzzle],"Fri, 27 Aug 2021 21:01:46 GMT"
Make Fire! [Free] [Puzzle],"Wed, 24 Jun 2020 15:55:12 GMT"
GhostBurger [Free] [Action],"Thu, 09 Sep 2021 05:25:50 GMT"
LEVEL 1 DAY 54 [Free] [Puzzle],"Wed, 05 May 2021 04:06:56 GMT"
LEVEL 1 DAY 67 [Free] [Puzzle],"Tue, 18 May 2021 04:01:47 GMT"
Nunca te Rindas [Free],"Wed, 01 Sep 2021 06:08:26 GMT"
LEVEL 1 DAY 63 [Free] [Puzzle],"Fri, 14 May 2021 02:36:44 GMT"
match three billiards [Free] [Puzzle],"Fri, 27 Aug 2021 20:51:41 GMT"
Anti-Crate [Free],"Thu, 21 Jun 2018 20:30:14 GMT"
der Hydra Krypta [Free] [Puzzle],"Fri, 27 Aug 2021 21:03:00 GMT"
Putting Bicycle Helmets on Young Children [Free] [Puzzle],"Fri, 27 Aug 2021 22:15:16 GMT"
Cave of the Beast [Free] [Puzzle],"Wed, 07 Oct 2020 18:12:41 GMT"
Seize the flag! [Free] [Puzzle],"Fri, 27 Aug 2021 21:24:30 GMT"
BlockShift [Free],"Thu, 21 Jun 2018 18:45:06 GMT"
La voz del bosque [Free] [Puzzle],"Wed, 10 Nov 2021 22:06:08 GMT"
LEVEL 1 DAY 62 [Free] [Puzzle],"Thu, 13 May 2021 02:55:58 GMT"
Debris Dodging Star Retry [Free],"Sat, 08 Jun 2019 10:59:03 GMT"
Las acciones que hacemos por otros para cuidarnos [Free] [Puzzle],"Wed, 24 Jun 2020 15:52:59 GMT"
Futxel [Free] [Sports],"Wed, 24 Jun 2020 15:55:24 GMT"
The Photos Of Memory [Free] [Puzzle],"Wed, 04 Aug 2021 01:23:41 GMT"
Robots vs Aliens [Free],"Fri, 10 May 2019 20:06:30 GMT"
LEVEL 1 DAY 68 [Free] [Puzzle],"Wed, 19 May 2021 03:19:40 GMT"
LEVEL 1 DAY 65 [Free] [Puzzle],"Sun, 16 May 2021 01:47:53 GMT"
Find a Star [Free] [Puzzle],"Tue, 05 May 2020 17:20:22 GMT"
Boxes & Spikes [Free] [Puzzle],"Tue, 14 Dec 2021 17:28:21 GMT"
Target Practice [Free] [Puzzle],"Sat, 31 Jul 2021 17:18:31 GMT"
Ufo Hunter [Free] [Puzzle],"Thu, 23 May 2019 23:09:21 GMT"
"Expand, avoid the flames [also it's not always solvable] [Free] [Puzzle]","Fri, 27 Aug 2021 21:34:17 GMT"
Alternatey [Free] [Puzzle],"Fri, 27 Aug 2021 21:28:13 GMT"
Voitex Rasteriser 2 [2nd Demake of Vertex Dispenser Puzzle Mode] [Free] [Puzzle],"Fri, 27 Aug 2021 21:48:09 GMT"
"[WELCOME, SOON TO BE GUARD] [Free]","Mon, 21 Feb 2022 01:34:56 GMT"
LEVEL 1 DAY 64 [Free] [Puzzle],"Sat, 15 May 2021 02:16:05 GMT"
"Wilson, cazador de vampiros [Free] [Adventure]","Fri, 12 Nov 2021 22:03:46 GMT"
Voitex Rasteriser [Demake of Vertex Dispenser Puzzle Mode] [Free] [Puzzle],"Fri, 27 Aug 2021 21:46:55 GMT"
La ira del arte [Free] [Puzzle],"Wed, 11 Aug 2021 19:49:12 GMT"
Garten der Medusen [Free] [Puzzle],"Fri, 27 Aug 2021 20:57:37 GMT"
Fireland: Steps through freedom [Free] [Adventure],"Wed, 10 Nov 2021 22:14:13 GMT"
TIKI BOX RUNNER [Free],"Tue, 13 Apr 2021 18:12:52 GMT"
Dodgeball hell [Free] [Other],"Thu, 18 Nov 2021 00:29:41 GMT"
Box Man [Free] [Puzzle],"Tue, 14 Apr 2020 03:29:18 GMT"
Peckish Penguin [Free] [Puzzle],"Tue, 23 Apr 2019 13:48:55 GMT"
Evasion [Free] [Survival],"Tue, 17 Aug 2021 19:52:34 GMT"
LEVEL 1 DAY 66 [Free] [Puzzle],"Mon, 17 May 2021 01:47:14 GMT"
Within the Clouds [Free] [Puzzle],"Fri, 24 May 2019 06:32:10 GMT"
Dientitos [Free] [Puzzle],"Wed, 24 Jun 2020 15:47:41 GMT"
Cubes [Free] [Puzzle],"Tue, 08 Sep 2020 23:02:55 GMT"
Bael Electus [Free] [Puzzle],"Mon, 12 Apr 2021 23:31:15 GMT"
Gettin' Outta Hell [Free] [Puzzle],"Wed, 11 Aug 2021 19:40:29 GMT"
Gold Rusher [Free],"Sat, 12 May 2018 02:31:00 GMT"
HighSchool Runners. [Free],"Thu, 16 Jul 2020 00:04:25 GMT"
Seven [Free] [Puzzle],"Sun, 19 Apr 2020 16:15:17 GMT"
Pushain [Free] [Puzzle],"Mon, 27 Apr 2015 14:22:43 GMT"
SliderMania Wonders [Free] [Puzzle] [Android],"Sat, 28 Oct 2017 19:04:09 GMT"
M√ÜNIAC [Free] [Adventure],"Fri, 20 May 2022 23:45:26 GMT"
Billy Pirate Game1 [Free] [Puzzle],"Sun, 23 Apr 2017 19:12:46 GMT"
owel [Free],"Sat, 12 Sep 2020 03:59:57 GMT"
Alien Escape [Free],"Tue, 16 Nov 2021 18:47:29 GMT"
Polarity: How I Learned to Stop Caring and Love Magnetism [Free] [Puzzle],"Fri, 10 May 2019 23:52:03 GMT"
Debris Dodging Star [Free],"Tue, 04 Jun 2019 19:33:54 GMT"
Mirror Maze [Free] [Puzzle],"Sun, 15 Nov 2020 04:21:26 GMT"
Moving Square [Free],"Sat, 12 May 2018 00:23:45 GMT"
Astronauta Perdido [Free],"Wed, 24 Jun 2020 16:00:16 GMT"
Apples [Free] [Adventure],"Mon, 31 Jan 2022 02:24:49 GMT"
T H E    S H O E    beta patch 1.1 [Free] [Puzzle],"Sun, 26 Dec 2021 20:30:14 GMT"
caixa box mobile teste [Free] [Platformer] [Windows] [macOS] [Linux] [Android],"Wed, 21 Jul 2021 17:13:47 GMT"
Batman: The Movie: The Game [Free] [Puzzle],"Sat, 28 Jul 2018 23:56:09 GMT"
Crates in a Crate [Free] [Puzzle] [Windows],"Sun, 29 Jul 2018 20:29:02 GMT"
Spinvival [Free] [Puzzle] [Windows] [macOS] [Linux],"Sun, 22 Oct 2017 08:30:31 GMT"
You Will Not Complete [Free] [Strategy] [Windows] [macOS],"Sat, 23 Jul 2016 14:15:53 GMT"
Stake Your Acclaim [Free] [Puzzle] [Windows] [macOS] [Linux],"Mon, 04 Dec 2017 21:16:00 GMT"
Heros Spatium [Free] [Platformer] [Windows],"Wed, 11 Jan 2017 03:29:16 GMT"
Magical Blob [Free] [Puzzle],"Sat, 17 Jun 2017 18:44:43 GMT"
build maze [Free] [Puzzle] [Windows],"Wed, 14 Dec 2016 15:15:16 GMT"
M.C.E [Free] [Puzzle],"Thu, 26 May 2016 20:13:23 GMT"
Colour Spin [Free] [Puzzle] [Windows],"Fri, 13 Jan 2017 01:05:28 GMT"
Crazy Block [Free] [Puzzle],"Tue, 11 Apr 2017 09:05:56 GMT"
Greg's Labyrinth [Free] [Puzzle],"Wed, 22 Feb 2017 07:38:37 GMT"
Christoffer Columbus Travel [Free] [Puzzle] [Windows],"Mon, 23 Jan 2017 12:35:26 GMT"
Number Wizard - Course Project [Free] [Puzzle] [Windows] [macOS] [Linux],"Sat, 17 Sep 2016 14:13:39 GMT"
Animal Party Match 3 Games [Free] [Puzzle] [Android],"Wed, 11 May 2016 10:28:48 GMT"
Maze Fever [Free] [Puzzle],"Tue, 25 Apr 2017 19:09:44 GMT"
Attack on Alien [Free] [Platformer],"Mon, 13 Nov 2017 20:27:22 GMT"
Ticcy [Free] [Puzzle] [Windows],"Thu, 12 Jan 2017 16:40:05 GMT"
Panaroma Puzzle [Free] [Puzzle] [Windows],"Wed, 11 May 2016 15:03:20 GMT"
Five Minutes [Free] [Puzzle],"Wed, 13 Sep 2017 11:39:24 GMT"
Hiraku Anata No Kokoro [Free] [Other] [Windows],"Sun, 14 Aug 2016 15:37:05 GMT"
Reaction: The Escape [Free] [Puzzle] [Windows],"Tue, 18 Jul 2017 09:39:40 GMT"
Big Bang 2.0 [Free] [Puzzle] [Windows] [macOS],"Wed, 28 Jun 2017 04:25:09 GMT"
Tile Breaker [Free] [Strategy],"Sun, 19 Nov 2017 23:35:39 GMT"
Zombie Zombie!(beta) [Free] [Puzzle],"Sat, 07 Oct 2017 18:03:03 GMT"
Bulma Eats Frogs [Free] [Puzzle],"Sat, 15 Jun 2019 23:22:06 GMT"
The Annoying Game [Free] [Strategy],"Mon, 03 Oct 2016 00:11:54 GMT"
( Warren Office ) [Free] [Puzzle],"Sun, 10 Dec 2017 06:45:57 GMT"
Guess The Food [Free] [Puzzle] [Android],"Fri, 24 Mar 2017 20:25:41 GMT"
Nim Like [Free] [Windows],"Fri, 26 May 2017 15:52:40 GMT"
Bubble Gum Madness [Free] [Puzzle],"Mon, 02 Nov 2015 03:45:59 GMT"
Frozen Fortune [Free] [Windows],"Thu, 27 Apr 2017 18:45:43 GMT"
Feed Me Through A Straw [Free] [Puzzle],"Tue, 05 Apr 2016 07:58:03 GMT"
Forget Me [Free] [Platformer] [Windows],"Thu, 18 May 2017 03:07:35 GMT"
Pot Smasher [Free] [Puzzle],"Wed, 11 Apr 2018 21:09:06 GMT"
Magic Farm Mystery [Free] [Adventure],"Tue, 03 Oct 2017 08:23:36 GMT"
Tetris? [Free] [Puzzle],"Tue, 30 Oct 2018 22:56:36 GMT"
Horror at Diaspi [Free] [Other],"Tue, 17 Jul 2018 11:21:11 GMT"
Magicien des nombres! [Free] [Puzzle],"Sun, 16 Apr 2017 20:02:35 GMT"
Cruel201 [Free] [Puzzle] [Windows],"Fri, 17 Feb 2017 21:32:54 GMT"
- = B L O K T E S = - [Free] [Other],"Mon, 26 Mar 2018 14:49:59 GMT"
The Eternal Dream [Free] [Puzzle],"Thu, 09 May 2019 10:30:56 GMT"
Pirate Riddle [Free] [Puzzle],"Mon, 14 Aug 2017 21:21:07 GMT"
5th Dimension [Free],"Mon, 11 May 2020 18:50:48 GMT"
2048 [Free] [Puzzle],"Tue, 09 May 2017 17:15:41 GMT"
Physics Puzzle 2 Marble Mania [Free] [Puzzle],"Sun, 02 Apr 2017 13:17:15 GMT"
Make it pure [Free] [Puzzle],"Thu, 26 Oct 2017 07:34:10 GMT"
Esc [Free] [Puzzle],"Wed, 21 Jun 2017 10:52:25 GMT"
Seek and Hide [Free],"Thu, 16 Mar 2017 11:14:43 GMT"
Catscratch Dispatch [Free] [Puzzle],"Thu, 15 Aug 2019 01:38:56 GMT"
BreakBoot [Free] [Puzzle] [Windows],"Thu, 30 Mar 2017 19:01:57 GMT"
"ÎåïÎåïÏïÑ, ÎèåÏïÑÏôÄ! (Come Back Doggy!) [Free]","Sun, 10 Jun 2018 07:55:31 GMT"
My Brother Loves Guitar Solos 2018 [Free] [Adventure],"Sat, 21 Apr 2018 18:15:47 GMT"
Terminal Hacker [Free] [Puzzle],"Wed, 31 Jan 2018 23:51:41 GMT"
QFP 2019 [$2.00] [Sports] [Android],"Sun, 07 May 2017 21:23:28 GMT"
Oni Slayer [Free] [Puzzle],"Sat, 05 Jan 2019 20:28:47 GMT"
Word Genius [Free],"Wed, 31 Aug 2016 08:16:21 GMT"
ballPin [$5.00] [Puzzle],"Mon, 05 Jun 2017 23:55:56 GMT"
Paginas Entre Hojas [Free] [Adventure] [Windows] [macOS] [Linux] [Android],"Tue, 17 Aug 2021 15:19:32 GMT"
Robot Arm [Free] [Puzzle],"Fri, 27 Aug 2021 20:43:00 GMT"
GetGud [Free] [Puzzle],"Wed, 01 Jun 2016 21:23:20 GMT"
Path-hardcore [Free] [Puzzle],"Tue, 12 Jun 2018 16:09:26 GMT"
Mova um Palito para acertar a Express√£o[1] [Free] [Puzzle],"Fri, 16 Jun 2017 19:10:14 GMT"
Mine Cleaner [Free] [Puzzle],"Sun, 27 May 2018 15:30:58 GMT"
Discover My Passport [Free] [Puzzle],"Thu, 23 Mar 2017 09:36:26 GMT"
10 Seconds [Free] [Puzzle],"Wed, 12 Oct 2016 02:37:38 GMT"
Word Game [Free],"Tue, 05 Jun 2018 03:54:01 GMT"
"Avenging My Gran, the Famed Botanist [Free] [Puzzle]","Tue, 21 Apr 2015 11:32:30 GMT"
Shoot Me Out [Free] [Puzzle],"Thu, 18 May 2017 20:04:26 GMT"
Pangyo Delivery Puzzle [Free],"Sat, 16 Jun 2018 07:57:39 GMT"
Aftermath [Free] [Puzzle],"Fri, 13 Apr 2018 19:50:59 GMT"
Cold War Mann! [Free] [Puzzle],"Tue, 14 Nov 2017 09:46:57 GMT"
Damas [Free] [Strategy],"Mon, 05 Dec 2016 01:30:23 GMT"
TacoTuesday [Free] [Puzzle],"Fri, 11 May 2018 15:47:20 GMT"
Trap The Bee [Free] [Puzzle],"Tue, 07 Jun 2016 09:30:16 GMT"
VON DER MUHLL [Free],"Sat, 15 Jun 2019 23:02:17 GMT"
Pika Chu [Free] [Puzzle],"Sat, 15 Jun 2019 23:18:32 GMT"
Where Are My Cats [Free] [Puzzle],"Thu, 20 Aug 2020 16:16:17 GMT"
RGB [$0.20] [Puzzle],"Sat, 27 Aug 2016 17:05:54 GMT"
SnakeBall [Free],"Mon, 04 Dec 2017 12:09:18 GMT"
Way To Heaven [Free] [Puzzle],"Sun, 17 Oct 2021 23:51:18 GMT"
InnerMind [Free] [Puzzle],"Sat, 22 Oct 2016 23:05:47 GMT"
You Complete Me [Free] [Puzzle],"Fri, 27 Aug 2021 20:45:50 GMT"
Pong [Free] [Action],"Fri, 26 Feb 2021 18:36:15 GMT"
Room Escape VR [Free] [Puzzle] [Android],"Mon, 04 Sep 2017 08:53:06 GMT"
A Good Sausage is Hard to Roll [Free] [Puzzle],"Sat, 20 May 2017 18:38:46 GMT"
bellwoods demake [Free] [Adventure],"Fri, 28 Sep 2018 06:02:10 GMT"
F0G & M4GY [Free] [Platformer] [Windows],"Sun, 28 Jan 2018 16:01:27 GMT"
Resin-Caster [Free] [Puzzle],"Fri, 27 Aug 2021 22:43:43 GMT"
The Orphanage [Free] [Other],"Thu, 21 Dec 2017 09:33:00 GMT"
Garo Sword Escape [Free] [Adventure],"Wed, 19 Oct 2016 22:58:59 GMT"
DANG I'M HUGE [Free] [Puzzle],"Sat, 03 Feb 2018 11:12:27 GMT"
Tornado Looking For Camel [Free] [Puzzle],"Sun, 15 Apr 2018 20:01:44 GMT"
Crazy Worm [Free] [Puzzle] [Windows],"Tue, 27 Dec 2016 06:42:57 GMT"
Space Shooter... Puzzle [Free] [Puzzle],"Sun, 01 Apr 2018 14:29:17 GMT"
The electrician [Free] [Puzzle],"Sat, 18 Aug 2018 21:06:49 GMT"
CMYK [Free] [Puzzle],"Thu, 24 May 2018 10:52:43 GMT"
bunnibon [Free] [Puzzle],"Sat, 27 Jul 2019 08:46:44 GMT"
Bunny Birthday [Free] [Adventure],"Sun, 06 Jan 2019 23:34:45 GMT"
crate guardian [Free] [Puzzle],"Tue, 24 Aug 2021 20:58:18 GMT"
TemukanBarang (FindingObject) Games [Free] [Puzzle],"Mon, 30 Jan 2017 14:24:47 GMT"
One Box [Free] [Puzzle],"Sun, 04 Aug 2019 04:39:19 GMT"
Roomba Squad [Free] [Puzzle],"Sat, 14 Jul 2018 01:18:02 GMT"
Sol Negro [Free] [Puzzle],"Sun, 29 Jul 2018 15:47:42 GMT"
Fatigued square maze [Free] [Puzzle],"Fri, 03 Aug 2018 18:28:00 GMT"
Gum tiles (Puzzle League demake) [Free] [Puzzle],"Fri, 01 Sep 2017 18:25:29 GMT"
Elephant capture [Free] [Puzzle],"Tue, 29 Jun 2021 15:17:46 GMT"
sticky caveman [Free] [Puzzle],"Thu, 12 Apr 2018 15:19:57 GMT"
Forcefield [Free] [Puzzle],"Sat, 17 Apr 2021 16:35:53 GMT"
A game where you wander in search of colours with no interactivity [Free] [Puzzle],"Wed, 13 Jun 2018 13:53:38 GMT"
Shitstain [Free] [Puzzle],"Mon, 09 Jul 2018 22:46:16 GMT"
Pong [Free] [Sports] [Windows],"Fri, 11 Aug 2017 07:53:09 GMT"
Don't let your goals slip away [Free] [Puzzle],"Fri, 27 Aug 2021 22:46:47 GMT"
They seem to be very good friends - Original Prototype [Free] [Puzzle],"Fri, 03 Jan 2020 08:59:03 GMT"
Match Threekoban [Free] [Puzzle],"Wed, 21 Apr 2021 00:32:36 GMT"
OneTweetPuzzle [Free] [Puzzle],"Fri, 15 Nov 2019 14:10:34 GMT"
A Rolling Stone That Gathers Moss [Free] [Puzzle],"Mon, 17 Dec 2018 20:52:47 GMT"
YES NO [Free] [Puzzle],"Mon, 26 Mar 2018 11:21:37 GMT"
Boss Drop [Free] [Puzzle] [Windows],"Sun, 13 Mar 2016 20:03:25 GMT"
jack no puzzle [Free] [Puzzle],"Tue, 30 Oct 2018 22:32:11 GMT"
Sokominoes [Free] [Puzzle],"Thu, 11 Jan 2018 20:47:01 GMT"
Snake Dance [Free] [Puzzle],"Wed, 17 Nov 2021 21:17:00 GMT"
Rattenfanger [Free],"Sat, 15 Jun 2019 23:18:44 GMT"
Des Poseidons Dreizack [Free] [Puzzle],"Fri, 27 Aug 2021 21:00:47 GMT"
Demagolf [Free] [Puzzle],"Mon, 13 Mar 2017 01:47:21 GMT"
words are hard but know that i love you [Free] [Puzzle],"Mon, 30 Jul 2018 05:35:00 GMT"
Little Groups [Free] [Puzzle],"Sun, 21 Oct 2018 18:11:57 GMT"
pipe puffer [Free] [Puzzle],"Fri, 27 Aug 2021 22:44:34 GMT"
Double-Entry Bookkeeping Simulator [Free] [Puzzle],"Wed, 01 Sep 2021 20:55:09 GMT"
Unstable Isotopes [Free] [Puzzle],"Sun, 03 Oct 2021 16:39:49 GMT"
Superlock [Free] [Puzzle],"Sat, 08 Jun 2019 00:57:10 GMT"
Paint A Picture Of The Moon [Free] [Puzzle],"Wed, 24 Nov 2021 22:51:06 GMT"
Bicycle Arranger [Free] [Puzzle],"Mon, 07 Dec 2020 02:29:56 GMT"
Pyjama Party [Free] [Puzzle],"Tue, 16 Feb 2016 11:54:52 GMT"
Maera Public Works [Free] [Puzzle],"Sun, 01 Jul 2018 05:58:07 GMT"
A Sokoban Game [Free] [Puzzle],"Fri, 29 Oct 2021 18:14:13 GMT"
Tower of Hatnoi [Free] [Puzzle],"Fri, 08 Jul 2022 04:56:25 GMT"
! ok robot ! [Free],"Mon, 22 Nov 2021 13:41:06 GMT"
The Vacuum Cleaner in the Room [Free] [Puzzle],"Sun, 27 Jun 2021 09:01:52 GMT"
Elephants have long trunks [Free] [Puzzle],"Sun, 27 Jun 2021 03:55:44 GMT"
