The Egg [Free] [Adventure] [Windows] [macOS] [Linux],"Mon, 06 Mar 2017 00:16:45 GMT"
A Road to Awe [Free] [Other] [Windows] [macOS] [Linux],"Mon, 12 Dec 2016 12:48:52 GMT"
Oracles [Free] [Other] [Windows] [macOS] [Linux],"Sun, 05 Apr 2020 20:55:25 GMT"
Key Keeper [Free] [Adventure] [Windows] [macOS] [Linux],"Sun, 27 Feb 2022 09:35:48 GMT"
Vloxelworld [Free] [Role Playing] [Windows] [macOS] [Linux],"Tue, 16 Feb 2016 08:23:16 GMT"
Escape from The Dark Matter [Free] [Adventure] [Windows] [macOS],"Fri, 23 Apr 2021 00:25:43 GMT"
Makerville [Free] [Role Playing] [Windows] [macOS] [Linux],"Sat, 27 Jun 2020 20:14:06 GMT"
Dungeon in my Pocket [Free] [Role Playing] [Windows] [macOS] [Linux],"Mon, 24 Jul 2017 23:20:49 GMT"
Super Blorpy Run [Free] [Windows],"Fri, 09 Apr 2021 04:19:24 GMT"
RPG in a Box (Demo Game Hub) [Free] [Role Playing] [Windows] [macOS] [Linux],"Mon, 22 Feb 2016 19:11:20 GMT"
"Back to Work, Pig! [Free] [Simulation] [Windows]","Fri, 13 May 2022 14:01:54 GMT"
Inmortui Demo [Free] [Other] [Windows],"Tue, 31 May 2022 02:28:02 GMT"
Shroom & Gloom Doom [Free] [Adventure] [Windows] [macOS] [Linux],"Wed, 21 Apr 2021 04:44:37 GMT"
Toyland Task [Free] [Adventure] [Windows],"Sat, 23 Apr 2022 21:06:02 GMT"
Shiny's Quest: Path To Partner [Free] [Adventure] [Windows],"Fri, 07 May 2021 20:46:02 GMT"
Endless Adventur A Sword Of Power [Free] [Adventure] [Windows] [macOS] [Linux],"Mon, 04 Feb 2019 10:07:25 GMT"
