Snow World [Free] [Role Playing],"Mon, 14 Dec 2015 18:13:29 GMT"
Snacats [$2.00] [Action] [Windows] [macOS] [Linux],"Wed, 23 Sep 2015 17:20:09 GMT"
ROBO-KEY [Free] [Puzzle],"Tue, 04 Dec 2018 02:04:54 GMT"
Push All Gems [Free] [Puzzle],"Sun, 03 Sep 2017 13:08:08 GMT"
Pirates from the Future [Free] [Shooter] [Windows],"Sun, 20 Sep 2015 20:49:14 GMT"
Gondwana's journey [Free] [Action] [Windows] [macOS] [Linux],"Mon, 18 Apr 2016 22:14:33 GMT"
Fat Kevin [Free] [Adventure],"Tue, 25 Aug 2015 00:54:50 GMT"
Trouble In Space - GMTK Jam [Free] [Adventure],"Sun, 16 Jul 2017 02:56:52 GMT"
Firework Empire - ＢＥＴＡ [Free] [Simulation],"Wed, 04 Jul 2018 18:15:18 GMT"
Birdbird can't fly! [Free] [Platformer],"Mon, 13 Aug 2018 15:20:55 GMT"
maze_game_95 [Free] [Puzzle],"Mon, 30 Nov 2020 07:02:22 GMT"
Collie Defense [Free] [Simulation],"Thu, 25 Aug 2022 07:18:29 GMT"
Super Ultra Ball [Free] [Sports],"Mon, 10 Oct 2016 04:51:52 GMT"
Runaway Reverie [Free] [Platformer] [Windows] [macOS],"Tue, 16 Feb 2016 00:07:22 GMT"
Fortress Protector [Free] [Action],"Wed, 20 May 2015 13:00:27 GMT"
The invasion of octopods [Free] [Shooter],"Sun, 18 Sep 2016 21:09:23 GMT"
Blue Genes [Free] [Other] [Windows],"Sun, 03 Jul 2016 19:09:31 GMT"
"Fly, balloon! - LD36 [Free] [Puzzle]","Mon, 29 Aug 2016 22:20:46 GMT"
Hot shot [Free] [Shooter],"Mon, 20 Apr 2015 00:06:09 GMT"
Space Jan' in Working Overslime [Free] [Adventure],"Mon, 04 Feb 2019 07:49:52 GMT"
Blubbymorph [Free] [Adventure],"Tue, 19 Apr 2016 07:54:01 GMT"
Aquaria! [Free] [Puzzle],"Fri, 17 Apr 2015 14:13:38 GMT"
Conway's game of life [Free] [Simulation],"Thu, 23 Jul 2020 22:15:19 GMT"
Aurora [Free] [Other],"Wed, 06 May 2015 23:20:02 GMT"
Looks Dead - Ludum Dare 33 Version [Free] [Puzzle],"Wed, 07 Oct 2015 00:01:16 GMT"
What The Hell!? [Free] [Other] [Windows] [macOS] [Linux],"Sun, 21 Feb 2016 13:54:57 GMT"
Sokoban8 tutorial game [Free] [Puzzle],"Fri, 06 Nov 2015 17:08:59 GMT"
A day in the life of a Monke [Free] [Visual Novel] [Windows] [macOS] [Linux] [Android],"Fri, 19 Feb 2021 17:54:29 GMT"
Runiculous [Free] [Puzzle] [Windows],"Tue, 11 Apr 2023 16:51:29 GMT"
Uwol Quest for Money [Free] [Platformer],"Wed, 13 Apr 2016 14:37:05 GMT"
Winternet is coming [Free] [Other],"Sat, 24 Oct 2015 08:28:04 GMT"
Igor (the) SpacioNaut [Free] [Platformer],"Sun, 07 May 2017 17:36:21 GMT"
Echo of life [Free] [Platformer],"Sun, 24 Jul 2016 15:48:17 GMT"
Pong [Free] [Action],"Mon, 26 Oct 2015 07:22:00 GMT"
Go Get Yourself [Free] [Platformer] [Windows] [macOS] [Linux],"Sun, 31 Oct 2021 10:43:11 GMT"
Fungokolekt' [Free] [Other],"Fri, 17 Apr 2015 15:45:08 GMT"
Pop the blocks [Free] [Puzzle],"Fri, 04 Aug 2017 13:37:22 GMT"
IsOffice [Free] [Simulation],"Thu, 19 Jul 2018 09:17:24 GMT"
"Whoops, All Words! [Free] [Platformer]","Mon, 27 May 2019 00:23:50 GMT"
Wave Squash [Free] [Racing],"Thu, 02 Jan 2020 23:23:04 GMT"
Super Pong [Free],"Mon, 01 Feb 2016 11:29:06 GMT"
Super Sokoban [Free] [Puzzle],"Wed, 24 Feb 2016 08:23:48 GMT"
Super Asteroids and Super Spacewar [Free] [Shooter],"Fri, 25 Mar 2016 10:18:59 GMT"
Super OXO [Free] [Strategy],"Sun, 14 Feb 2016 13:00:33 GMT"
[WIP] RPG Top-down [Free] [Role Playing] [Linux],"Tue, 10 Oct 2017 20:52:13 GMT"
Crystal Pong [Free] [Sports],"Wed, 08 Apr 2015 22:20:18 GMT"
The Dumb Kid's Job [Free] [Shooter],"Mon, 20 Apr 2020 01:37:29 GMT"
TOTES MA OATS (WWUJAM FA15) [Free] [Simulation],"Mon, 16 Nov 2015 04:00:43 GMT"
FarmingDead [Free],"Sun, 22 Apr 2018 22:05:08 GMT"
pong [Free],"Mon, 06 Jun 2016 01:44:35 GMT"
Super Pacman [Free] [Platformer],"Tue, 26 Apr 2016 03:44:37 GMT"
Shooter [Free],"Mon, 25 Jan 2016 19:48:01 GMT"
Flappy Bird Clone [Free] [Action],"Sun, 24 Jan 2016 23:20:19 GMT"
