EMUUROM [Free] [Platformer] [Windows] [macOS] [Linux],"Tue, 19 Nov 2019 15:16:03 GMT"
BIRKANOID #LDJAM41 [Free] [Action] [Windows],"Sun, 08 Apr 2018 08:00:13 GMT"
Give Up the Ghost: a puzzle checklist [Free] [Puzzle] [Windows] [macOS],"Tue, 18 Aug 2020 22:13:26 GMT"
Ultimate Tic-tac-toe: New Rules [Free] [Puzzle] [Windows] [macOS] [Linux],"Wed, 29 Dec 2021 19:19:05 GMT"
Bokdown (TIC-80 edition) [Free] [Puzzle] [Windows],"Sun, 13 Sep 2020 10:27:59 GMT"
Stele [Free] [Platformer],"Fri, 16 Mar 2018 15:41:41 GMT"
Shadow Over the Twelve Lands [Free] [Role Playing] [Windows] [macOS],"Sat, 22 Jun 2019 15:41:45 GMT"
The Sky House [Free] [Adventure],"Wed, 22 Nov 2017 16:20:56 GMT"
Pizza Delivery Demastered Deluxe [Free] [Action] [Windows] [macOS] [Linux],"Thu, 29 Apr 2021 17:03:42 GMT"
Bare Bones [Free] [Action],"Wed, 12 Jul 2017 16:17:37 GMT"
Fetch Quest [Free] [Platformer] [Windows],"Thu, 29 Oct 2020 02:11:03 GMT"
Amethyst Waters [Free] [Shooter] [Windows] [macOS] [Linux] [Android],"Sun, 19 Apr 2020 20:43:50 GMT"
Everdawn [Free] [Action] [Windows] [macOS],"Fri, 16 Mar 2018 12:33:44 GMT"
unknown grounds [Free] [Role Playing] [Windows] [macOS],"Wed, 16 Aug 2017 20:04:03 GMT"
Avarice [Free] [Windows] [macOS] [Linux],"Sun, 15 Oct 2023 17:23:59 GMT"
Last In Space [$2.50] [Strategy] [Windows] [macOS] [Linux] [Android],"Mon, 20 Jun 2022 16:12:00 GMT"
Whitestone: Survival [Free] [Action],"Wed, 16 Oct 2019 12:08:53 GMT"
The greenhouse - a cozy game [Free] [Simulation],"Sat, 27 May 2023 12:38:08 GMT"
Supernova [Free] [Racing],"Sun, 10 Mar 2019 00:08:06 GMT"
Space Pet Rescue [Free] [Action] [Windows],"Thu, 01 Mar 2018 04:14:17 GMT"
Lavender Woods [Free] [Adventure] [Windows] [macOS] [Linux] [Android],"Sat, 24 Nov 2018 23:36:09 GMT"
TIC Topos [Free] [Simulation],"Sun, 06 Dec 2020 02:52:43 GMT"
Pancake Simulator [Free] [Simulation],"Sun, 02 Oct 2022 19:45:27 GMT"
ROWBYROW [Free] [Role Playing] [Windows] [macOS] [Linux],"Tue, 19 Oct 2021 14:35:22 GMT"
Beyond the UnderGround [Free] [Adventure] [Windows] [macOS] [Linux],"Sun, 21 Nov 2021 15:45:17 GMT"
Survivor [Free] [Simulation],"Sun, 08 Sep 2019 20:04:39 GMT"
Wave [Free] [Platformer],"Thu, 13 Sep 2018 19:52:32 GMT"
Ticaruga [Free] [Shooter] [Windows] [Linux],"Fri, 24 Aug 2018 19:16:37 GMT"
N√£o Vire Nugget! [Free] [Platformer] [Windows],"Fri, 17 Dec 2021 02:48:40 GMT"
Sunray Valley [Free] [Adventure] [Windows] [macOS] [Linux],"Mon, 07 Aug 2017 18:35:48 GMT"
Jimi can not read [Free] [Platformer] [Windows] [macOS] [Linux],"Wed, 19 Jul 2023 20:27:30 GMT"
Komet [Free] [Action] [Windows],"Mon, 02 Jul 2018 06:56:49 GMT"
AkumuMaze [Free] [Role Playing] [Windows],"Sat, 05 Feb 2022 01:59:15 GMT"
Vogeljagd 2 [Free] [Action] [Windows] [macOS] [Linux] [Android],"Thu, 03 Sep 2020 12:59:41 GMT"
Wolf-80 [Free] [Shooter],"Mon, 08 Nov 2021 19:29:00 GMT"
The Myth and Legend of Bone Knight [$1.49] [Adventure] [Windows] [macOS] [Linux],"Mon, 28 Nov 2022 05:15:06 GMT"
AMROGUE [Free] [Action],"Tue, 18 Apr 2017 16:21:51 GMT"
Hats in the Deep [Free] [Adventure],"Tue, 30 Apr 2019 02:44:35 GMT"
Das Luftschiff [Free] [Simulation],"Sat, 01 Dec 2018 05:59:12 GMT"
Double Sided [Free] [Platformer],"Wed, 08 Aug 2018 21:15:17 GMT"
BALMUNG [Free] [Adventure] [Windows] [macOS] [Linux],"Sun, 30 Sep 2018 08:43:14 GMT"
Shenzhen I/O Solitaire in TIC-80 [Free] [Card Game],"Sun, 18 Jul 2021 17:51:51 GMT"
Witch 'Em Up! [Free] [Shooter],"Wed, 14 Jun 2017 14:25:29 GMT"
why not frog [Free] [Platformer] [Windows] [macOS] [Linux] [Android],"Fri, 09 Aug 2019 02:01:17 GMT"
X-Moon 2: Dark Moon [Free] [Action],"Sat, 29 Jul 2017 07:03:14 GMT"
Questing [Free] [Adventure],"Thu, 29 Mar 2018 16:48:46 GMT"
H+H=H2 [Free] [Puzzle] [Windows] [macOS] [Linux],"Fri, 03 Mar 2023 09:24:48 GMT"
STEEL WAR [Free] [Platformer] [Windows] [macOS] [Linux],"Sun, 29 Aug 2021 05:11:08 GMT"
Western Farm [Free] [Simulation] [Windows],"Thu, 29 Jun 2017 20:28:59 GMT"
Craptorio [Free] [Strategy],"Tue, 26 Sep 2023 02:32:53 GMT"
The Mind of Moai [Free] [Puzzle],"Thu, 02 Apr 2020 11:38:48 GMT"
tiny dungeon [Free] [Adventure] [Windows],"Thu, 26 Oct 2017 18:48:26 GMT"
AntVania [Free] [Platformer] [Windows] [macOS] [Linux],"Fri, 19 Nov 2021 08:57:16 GMT"
Shootanoid [Free] [Action] [Windows],"Mon, 23 Apr 2018 01:44:03 GMT"
K2MU [Free] [Action] [Windows] [Linux],"Sat, 30 Oct 2021 21:30:51 GMT"
Nibiruman:2080 [Free] [Shooter] [Windows] [macOS] [Linux] [Android],"Sat, 30 May 2020 18:46:59 GMT"
Searching For Pixel [Free] [Platformer] [Windows] [macOS] [Linux],"Sun, 23 Oct 2022 23:43:32 GMT"
Rolling Strike [Free] [Action],"Tue, 11 Jul 2017 19:53:27 GMT"
Union Knight [Free] [Action],"Fri, 14 Jul 2017 10:28:43 GMT"
Sequoia [Free] [Survival],"Tue, 12 Nov 2019 21:39:18 GMT"
Out of Time [Free] [Platformer],"Fri, 23 Feb 2018 00:30:03 GMT"
Infinite rails [Free] [Puzzle],"Sun, 04 Oct 2020 16:09:00 GMT"
TIC-Sweeper [Free] [Puzzle] [Windows],"Thu, 15 Jun 2017 00:33:28 GMT"
Pixel Alchemy [Free] [Puzzle],"Thu, 13 Jul 2017 13:25:25 GMT"
Runic Moon [Free] [Survival] [Windows] [macOS] [Linux],"Mon, 04 Apr 2022 11:35:55 GMT"
Journey of a Sprite [Free] [Role Playing] [Windows] [Linux],"Fri, 30 Aug 2019 23:03:52 GMT"
MainFighter [Free] [Action] [Windows] [macOS] [Linux] [Android],"Sun, 05 Nov 2017 12:14:37 GMT"
C-A-T-C-H [Free] [Windows] [macOS] [Linux],"Wed, 09 Aug 2023 22:16:41 GMT"
Multiple Maze [Free] [Platformer] [Windows] [macOS] [Linux],"Fri, 17 Jun 2022 11:16:54 GMT"
BLOOD DRIVE GOLF [Free] [Action] [Windows] [macOS] [Linux],"Thu, 11 Aug 2022 00:39:56 GMT"
JETPAC [Free] [Action] [Windows] [macOS] [Linux],"Sat, 11 Feb 2017 19:04:08 GMT"
apea 1.d [Free] [Simulation],"Thu, 07 Sep 2023 19:00:45 GMT"
Spacer Shipper Shooter 2.0 [Free] [Shooter],"Fri, 02 Aug 2019 20:33:00 GMT"
3D Demo for TIC-80 [Free],"Fri, 14 Jul 2017 23:52:59 GMT"
Gravitron Experiment [Free] [Platformer] [Windows],"Fri, 07 Sep 2018 17:31:57 GMT"
deadly skeltons [Free] [Strategy],"Thu, 29 Jun 2017 11:37:57 GMT"
Stargate for TIC-80 [Free] [Shooter],"Fri, 03 Dec 2021 02:19:17 GMT"
Drill goes brrrr! [Free],"Sun, 25 Apr 2021 12:59:05 GMT"
Wizard Graph [Free] [Action],"Sun, 13 Jun 2021 16:31:56 GMT"
Prism Indigo [$5.00] [Shooter] [Windows] [macOS] [Linux],"Tue, 10 May 2022 18:45:21 GMT"
Flock Block [Free] [Shooter] [Windows] [macOS] [Linux],"Wed, 08 Mar 2017 02:35:01 GMT"
reactor_core_diag.exe [Free] [Simulation] [Windows],"Mon, 22 Jun 2020 04:05:48 GMT"
üî¥ Ball Up üîµ [Free] [Action] [Windows] [macOS] [Linux] [Android],"Sat, 06 Nov 2021 04:29:41 GMT"
"If I Fits, I Sits [Free] [Puzzle] [Windows] [Linux]","Sun, 01 Oct 2023 05:35:18 GMT"
Birb peak [Free] [Platformer],"Sun, 07 Oct 2018 23:54:19 GMT"
Oh HI Doggy ! [Free] [Platformer],"Mon, 17 Jul 2017 22:33:04 GMT"
1JETPACK.EXE [Free],"Tue, 11 May 2021 14:59:04 GMT"
Harvest Dungeon [Free] [Survival] [Windows],"Sun, 14 Mar 2021 17:12:31 GMT"
Align Q [Free] [Simulation] [Windows] [macOS] [Linux],"Sun, 10 May 2020 08:19:58 GMT"
7BUTTERF.EXE [Free] [Shooter] [Windows] [macOS] [Linux],"Sat, 07 Oct 2023 19:30:57 GMT"
Caverse [Free] [Strategy] [Windows],"Sun, 09 Jul 2023 14:57:41 GMT"
Galaxy Beam [Free] [Shooter],"Sat, 04 Sep 2021 21:13:20 GMT"
The Immortal [Free] [Action] [Windows] [macOS] [Linux],"Fri, 10 Jun 2022 22:51:40 GMT"
Vogeljagd [Free] [Action] [Windows] [macOS] [Linux] [Android],"Sun, 23 Jul 2017 11:32:24 GMT"
Damsel a Day [Free] [Action],"Sun, 04 Oct 2020 19:46:12 GMT"
Intergalactic Boss Fight [Free] [Action],"Sun, 03 Oct 2021 15:50:26 GMT"
Bug Knight [Free] [Action],"Mon, 15 Nov 2021 18:40:10 GMT"
FAKE'S-COM [Free] [Strategy],"Sat, 06 Jun 2020 18:57:47 GMT"
Star Blaster [Free] [Action],"Wed, 01 Mar 2017 04:58:02 GMT"
BombJack Tic80 [Free],"Mon, 18 Jul 2022 14:31:44 GMT"
Rosa [Free] [Visual Novel],"Sun, 23 Aug 2020 22:43:46 GMT"
BUBBLENOID [Free] [Shooter] [Windows] [macOS] [Linux],"Sun, 11 Jul 2021 00:30:52 GMT"
Defense Force [Free] [Shooter] [Windows] [macOS] [Linux],"Tue, 31 May 2022 21:46:29 GMT"
Snowfort Siege [Free] [Adventure],"Sat, 18 Dec 2021 17:01:45 GMT"
Tanks [Free] [Action] [Windows] [macOS] [Linux] [Android],"Thu, 31 Aug 2017 10:13:09 GMT"
Small Rhythm Puzzle game [Free] [Rhythm],"Sat, 06 Aug 2022 19:23:12 GMT"
Serpent [Free] [Other] [Windows] [macOS] [Linux] [Android],"Thu, 23 Apr 2020 00:44:21 GMT"
Comets [Free] [Action] [Windows] [macOS] [Linux] [Android],"Mon, 07 Aug 2017 11:32:31 GMT"
Cell Fighter [Free] [Shooter],"Mon, 03 Jan 2022 01:04:29 GMT"
Tetrawall [Free] [Puzzle] [Windows],"Fri, 06 Sep 2019 17:18:40 GMT"
Prism Indigo (Demo) [Free] [Shooter] [Windows] [macOS] [Linux],"Sat, 25 Sep 2021 19:28:33 GMT"
6BUTTERF.EXE [Free] [Windows] [macOS] [Linux],"Fri, 07 Jul 2023 18:58:21 GMT"
VGLJam Shoot'em up [Free] [Shooter],"Sun, 07 Nov 2021 19:23:12 GMT"
Molasses! [Free] [Strategy] [Windows],"Sat, 20 Jan 2018 21:52:51 GMT"
Rise n Time [Free] [Windows] [macOS] [Linux],"Sun, 03 Apr 2022 20:37:54 GMT"
Hex'd [Free] [Platformer] [Windows] [macOS] [Linux],"Sun, 03 Apr 2022 22:45:04 GMT"
4BUTTERF.EXE [Free] [Shooter] [Windows] [macOS] [Linux],"Wed, 18 Jan 2023 23:09:39 GMT"
Who Will Save The Princess? (TIC-80) [Free] [Action] [Windows] [macOS] [Linux],"Sun, 30 Jan 2022 14:48:19 GMT"
Plantio [Free] [Action] [Windows] [macOS] [Linux] [Android],"Mon, 29 Aug 2022 15:46:58 GMT"
The Witching Minute [Free] [Puzzle],"Fri, 23 Feb 2018 07:43:21 GMT"
ROAD TXTR [Free] [Action],"Mon, 03 Oct 2022 10:37:08 GMT"
danger rating x [Free] [Action] [Windows],"Sun, 27 Oct 2019 00:51:37 GMT"
2BUTTERF.EXE [Free] [Action] [Windows] [macOS] [Linux],"Thu, 01 Jul 2021 08:43:38 GMT"
Tetris World [Free] [Other] [Windows] [macOS] [Linux] [Android],"Tue, 24 Dec 2019 14:58:30 GMT"
X to shoot [Free],"Tue, 12 Nov 2019 14:19:42 GMT"
Accidental Alien Attack! [Free] [Action] [Windows] [macOS] [Linux],"Sun, 03 Jul 2022 14:58:31 GMT"
cook it! [Free] [Action] [Windows] [Linux],"Thu, 25 Jul 2019 12:27:41 GMT"
TIM&MIT [Free] [Puzzle] [Windows],"Sun, 09 Jul 2017 08:01:09 GMT"
Eleni in Lode Runner [Free] [Platformer] [Windows] [macOS] [Linux],"Wed, 26 Jan 2022 01:37:09 GMT"
Dangerous Dave | TIC-80 [Free] [Action],"Mon, 22 Jul 2019 03:50:00 GMT"
Potion Curse [Free] [Adventure] [Windows],"Sun, 08 Mar 2020 08:25:21 GMT"
PACJET - TIC-80 Remake of ZX Spectrum classic JETPAC [Free] [Platformer] [Windows],"Tue, 01 Jun 2021 20:21:08 GMT"
PWNED [Free] [Shooter],"Mon, 28 Sep 2020 21:57:00 GMT"
Raycast Racer [Free] [Racing] [Windows] [macOS] [Linux] [Android],"Sat, 15 Dec 2018 13:00:40 GMT"
SimpleSnake [Free] [Windows],"Wed, 24 Feb 2021 18:07:21 GMT"
Anti-Jellifish Force [Free] [Shooter],"Wed, 01 Nov 2017 00:09:22 GMT"
Life [Free] [Simulation],"Sun, 19 Apr 2020 22:46:31 GMT"
Orbis [Free] [Action],"Tue, 11 Jul 2017 18:02:46 GMT"
Brick Game with a twist [Free] [Other],"Mon, 30 May 2022 19:13:40 GMT"
Re-unite [Free] [Action] [Windows],"Thu, 06 Jul 2017 09:54:31 GMT"
Continuous Factory [Free] [Puzzle],"Mon, 01 May 2023 14:47:32 GMT"
moving in with friends [Free] [Adventure] [Windows],"Sun, 04 Aug 2019 10:56:18 GMT"
Turns Of War [Free] [Simulation] [Windows],"Tue, 01 Aug 2023 15:19:45 GMT"
Mecha Flight [Free] [Action] [Windows],"Thu, 22 Apr 2021 03:40:15 GMT"
Paw of Black [Free] [Platformer],"Sun, 02 Dec 2018 18:15:08 GMT"
The First Fire [Free] [Survival] [Windows] [macOS] [Linux],"Tue, 22 Nov 2022 18:29:38 GMT"
photos into photos [Free] [Simulation] [Windows],"Sat, 17 Aug 2019 02:08:41 GMT"
Vase [Free] [Platformer],"Wed, 11 Jan 2023 17:15:15 GMT"
TSnake [Free] [Educational] [Windows],"Mon, 23 Apr 2018 01:42:15 GMT"
Balloon and Cactus: A Love Story [Free] [Action] [Windows],"Wed, 21 Jun 2017 18:07:29 GMT"
Verseau [Free] [Shooter] [Windows] [macOS],"Sat, 11 Dec 2021 14:00:23 GMT"
SpaceBox [Free] [Platformer],"Mon, 13 Aug 2018 22:26:04 GMT"
KeepAlive [Free] [Action] [Windows] [macOS] [Linux],"Mon, 20 Apr 2020 00:54:59 GMT"
Wired to the Moon [Free] [Simulation],"Wed, 01 Sep 2021 21:12:02 GMT"
Cats Love Heat [Free] [Platformer] [Windows] [Linux],"Mon, 21 Dec 2020 16:52:54 GMT"
01 [Free],"Wed, 14 Jun 2017 20:32:55 GMT"
Yitzi - Video Yahtzee [Free] [Card Game] [Windows],"Tue, 20 Nov 2018 15:41:20 GMT"
Crunch Boss (GBJAM9) [Free] [Puzzle] [Windows],"Mon, 20 Sep 2021 04:48:13 GMT"
Catatron [Free] [Shooter],"Thu, 06 May 2021 21:01:30 GMT"
Sam Hill [Free] [Platformer] [Windows] [macOS] [Linux],"Sat, 10 Jun 2023 18:54:16 GMT"
Quicxo - The Demake [Free] [Puzzle],"Mon, 03 Feb 2020 10:24:11 GMT"
hypno-room [Free],"Sat, 30 Sep 2023 23:55:17 GMT"
JousTIC [1.00‚Ç¨] [Simulation] [Windows],"Thu, 14 Dec 2017 09:38:06 GMT"
Hallways [Free] [Puzzle],"Sun, 20 Oct 2019 22:06:15 GMT"
Cumulus [Free] [Puzzle],"Tue, 15 Oct 2019 08:24:23 GMT"
Pokemongol IGO [Free] [Action] [Windows],"Sun, 27 Jan 2019 18:37:42 GMT"
Lottery Simulator [Free] [Simulation] [Windows],"Thu, 18 May 2017 03:21:49 GMT"
Pocket Warrior [Free],"Mon, 13 Jan 2020 00:54:53 GMT"
(jam build) Card Grangers [Free] [Card Game] [Windows],"Sun, 02 Dec 2018 13:27:50 GMT"
Circumago! [Free] [Puzzle],"Fri, 14 Jul 2017 22:40:40 GMT"
No Mechs Allowed [Free],"Fri, 22 Jul 2022 06:24:53 GMT"
Hadal Rush Tic [Free] [Platformer] [Windows] [macOS] [Linux],"Tue, 19 Sep 2023 09:59:49 GMT"
40.0 [Free] [Rhythm] [Windows],"Wed, 11 Mar 2020 20:07:44 GMT"
Happy Bits [Free] [Platformer] [Windows],"Mon, 08 Aug 2022 20:38:24 GMT"
six games [Free] [Other] [Windows],"Wed, 08 Mar 2023 20:43:30 GMT"
Dual Run [Free],"Sun, 06 Feb 2022 02:49:57 GMT"
Life of Tree [Free],"Sat, 04 Feb 2023 18:19:20 GMT"
5BUTTERF.EXE [Free] [Action] [Windows] [macOS] [Linux],"Sat, 29 Apr 2023 13:17:07 GMT"
Mistakes make you stronger [Free] [Platformer],"Fri, 23 Dec 2022 05:48:53 GMT"
Patato Man [Free] [Platformer],"Sat, 06 Jan 2018 20:36:42 GMT"
Saving Judy [Free] [Shooter] [Windows],"Thu, 16 Apr 2020 13:31:26 GMT"
HOOKED [Free] [Simulation],"Thu, 20 Aug 2020 02:25:10 GMT"
Rebound 2 2: Revelations [Free] [Platformer],"Fri, 21 Feb 2020 11:20:48 GMT"
Color Tanks [Free] [Adventure],"Tue, 02 Jan 2018 05:37:22 GMT"
Flappy Tic80 [Free] [Action],"Fri, 24 Mar 2023 19:36:23 GMT"
GravT [Free] [Simulation],"Sat, 18 May 2019 00:36:11 GMT"
Rubbish [Free] [Action],"Sat, 20 Jun 2020 10:46:36 GMT"
Mic's masks [Free] [Platformer],"Thu, 01 Mar 2018 07:45:19 GMT"
Gravity Blob [Free] [Platformer] [Windows] [macOS] [Linux],"Sat, 28 May 2022 13:15:20 GMT"
Flower Protector [Free] [Action] [Windows] [macOS] [Linux],"Wed, 30 Nov 2022 10:27:38 GMT"
Paradise Duty [1.00‚Ç¨] [Action] [Windows],"Fri, 26 Jul 2019 20:18:06 GMT"
Packages [Free] [Puzzle],"Tue, 20 Apr 2021 21:19:31 GMT"
Homes within Homes [Free] [Adventure] [Windows],"Sun, 27 Jan 2019 00:45:20 GMT"
Little Dream Keeper [Free] [Action],"Thu, 03 Aug 2017 17:30:34 GMT"
Cool drawing thing [Free] [Other] [Windows],"Sat, 27 Aug 2022 18:52:56 GMT"
Andre Run Away! [Free] [Platformer] [Windows] [macOS] [Linux],"Sun, 23 Jan 2022 16:40:51 GMT"
Where's Ditto ? / Ou est M√©thamorph ? [Free] [Puzzle],"Sun, 19 May 2019 15:22:44 GMT"
Island Generator (TIC-80) [Free] [Simulation],"Sun, 28 Nov 2021 23:58:46 GMT"
PrehistorTIC [1.00‚Ç¨] [Action] [Windows],"Sat, 16 Jun 2018 11:33:34 GMT"
Rock [Free] [Platformer],"Mon, 05 Dec 2022 03:25:33 GMT"
Through obstacles [Free] [Action],"Thu, 18 Oct 2018 23:02:15 GMT"
TiXoNiX [Free] [Puzzle] [Windows] [Linux],"Wed, 07 Jul 2021 15:22:37 GMT"
Blast-80 [Free] [Shooter],"Sun, 20 Jan 2019 19:08:15 GMT"
Gravitron [Free] [Platformer] [Windows],"Wed, 07 Jun 2017 00:33:37 GMT"
Dice Monster: Gambler's Fallacy [Free] [Action] [Windows] [macOS] [Linux],"Sun, 17 Jul 2022 12:12:24 GMT"
Tic Invader [Free] [Action],"Mon, 07 Sep 2020 01:51:13 GMT"
story of the gold [Free] [Adventure],"Sat, 24 Jul 2021 22:53:20 GMT"
Knockoff [Free] [Puzzle],"Mon, 22 Apr 2019 23:13:45 GMT"
Crystal Of Time [Free],"Sat, 01 Oct 2022 23:15:20 GMT"
Messenger Boy [Free] [Adventure],"Sun, 30 Apr 2023 23:28:34 GMT"
Dilated [Free] [Platformer] [Linux],"Fri, 31 May 2019 06:23:15 GMT"
Fishing arcade [TIC-80] [Free] [Other] [Windows] [Linux],"Sat, 30 Apr 2022 06:46:55 GMT"
Lander [Free] [Other] [Windows] [macOS] [Linux],"Sat, 19 Dec 2020 07:45:46 GMT"
Tractor Beam [Free] [Action],"Sun, 12 Sep 2021 12:22:43 GMT"
Cottontail and the Beast [Free] [Platformer] [Windows] [macOS] [Linux],"Thu, 13 Oct 2022 20:20:12 GMT"
assault 80 [Free] [Action],"Mon, 24 Oct 2022 17:20:15 GMT"
Organically Stupid [Free] [Puzzle] [Windows],"Sun, 14 Aug 2022 22:39:58 GMT"
Train-Fic (WIP) [Free] [Simulation],"Wed, 07 Mar 2018 22:11:39 GMT"
Run to the Spring of Life [Free],"Sat, 22 Jan 2022 21:07:06 GMT"
Deliver Us From Evil [Free] [Platformer],"Mon, 01 May 2023 21:33:09 GMT"
cactusboy [Free] [Interactive Fiction],"Wed, 14 Mar 2018 22:39:05 GMT"
Meanie Mosh [Free] [Strategy],"Mon, 07 Nov 2022 04:55:15 GMT"
Breakout Tic-80 [Free] [Puzzle] [Windows],"Sun, 31 Oct 2021 21:31:04 GMT"
The Visitant [Free] [Shooter] [Windows],"Fri, 17 Sep 2021 13:18:48 GMT"
love story [$1.00] [Windows],"Thu, 26 Dec 2019 16:01:27 GMT"
Spaceship [Free] [Shooter],"Fri, 02 Jul 2021 01:40:22 GMT"
Leaves Collector [Free] [Action],"Thu, 22 Aug 2019 20:15:55 GMT"
20 seconds on the moon [Free] [Action] [Windows],"Sat, 19 Nov 2022 15:57:22 GMT"
Blockslayer [Free] [Action],"Sun, 10 Jan 2021 21:45:49 GMT"
Spook'em up [Free] [Action],"Sun, 15 Jul 2018 23:42:08 GMT"
Somewhere under the sea [Free] [Adventure],"Sun, 18 Aug 2019 06:56:47 GMT"
"I am not your type, harvester [Free] [Adventure]","Sun, 08 Jan 2023 19:48:43 GMT"
Man vs Devil [Free] [Action],"Wed, 28 Feb 2018 22:03:06 GMT"
Jet Jumper [Free] [Platformer],"Thu, 15 Aug 2019 12:21:49 GMT"
universal gravitation [Free] [Simulation],"Tue, 29 Sep 2020 23:45:09 GMT"
Blossom [Free] [Simulation],"Thu, 11 May 2023 20:07:32 GMT"
Sorting Sensei [Free] [Puzzle],"Sun, 17 Nov 2019 03:56:38 GMT"
"pedra, papel, tesoura e alien [Free] [Fighting] [Windows] [Linux]","Sun, 30 Jan 2022 18:43:04 GMT"
One Shot [Free] [Shooter] [Windows],"Mon, 25 Apr 2022 07:00:44 GMT"
TIC Shooter 80 [Free] [Shooter],"Thu, 02 Jul 2020 23:24:21 GMT"
The Avoider [Free] [Survival],"Sun, 10 May 2020 14:32:29 GMT"
duncan (best game ever) [Free] [Platformer] [Windows] [macOS],"Thu, 04 Aug 2022 21:04:21 GMT"
Tiny Code Christmas #lovebytetcc Day 01: Smooshing Your Face Against the Christmas Tree Simulator [Free],"Tue, 20 Dec 2022 09:47:49 GMT"
"Mistakes Made, then Repeated Infinitely [Free] [Puzzle] [Windows] [macOS] [Linux]","Mon, 25 Jul 2022 02:09:38 GMT"
Chi-Tor [Free] [Shooter],"Thu, 12 Aug 2021 12:40:21 GMT"
Meteroic [Free] [Action],"Mon, 31 Jan 2022 10:01:30 GMT"
Break the Muffin [Free] [Shooter],"Sun, 10 Nov 2019 22:07:08 GMT"
Tectonicalypse [Free] [Action],"Sun, 03 Oct 2021 21:18:35 GMT"
Bunnycake [Free] [Action],"Sat, 26 Sep 2020 03:06:39 GMT"
Word Searching Whilst Pointing and Clicking: The Game [Free] [Puzzle],"Sun, 02 Oct 2022 21:28:05 GMT"
EvolV [Free] [Action],"Sun, 30 May 2021 19:12:06 GMT"
A normal walk for a magician [Free] [Fighting],"Sun, 18 Nov 2018 19:53:02 GMT"
EntroPipes [Free] [Puzzle] [Windows] [Linux],"Thu, 12 May 2016 20:44:23 GMT"
Match [Free],"Wed, 20 Nov 2019 11:22:55 GMT"
Mchezo wa video| [photo-epilepsy warning] [Free] [Shooter],"Sun, 11 Dec 2022 13:55:12 GMT"
Leatherface Chase [Free] [Action],"Wed, 27 Jul 2022 20:33:37 GMT"
Invadar [Free] [Action],"Mon, 27 May 2019 19:46:53 GMT"
Detruit mon virus [Free] [Shooter],"Mon, 31 Oct 2022 10:54:57 GMT"
you are what you beat. [Free] [Shooter],"Sat, 07 Jan 2023 17:11:29 GMT"
Fruit Fall [Free] [Other],"Sun, 08 Jan 2023 17:54:08 GMT"
Tilaxian [Free] [Shooter] [Windows] [macOS] [Linux],"Thu, 05 Oct 2023 06:17:02 GMT"
Prism Warriors (Demo) [Free] [Shooter],"Sun, 18 Sep 2022 22:51:09 GMT"
Luala [Free] [Shooter] [Windows] [macOS] [Linux],"Sat, 09 Apr 2022 15:38:53 GMT"
Le manoir [Free] [Other],"Thu, 19 Oct 2017 06:19:47 GMT"
swap [Free] [Platformer] [Windows] [Linux],"Tue, 18 Jul 2023 21:34:28 GMT"
Sidewalk Shuffle Simulator [Free] [Puzzle] [Windows] [macOS] [Linux] [Android],"Sun, 28 Aug 2022 07:10:11 GMT"
Unfinished Journey [Free] [Shooter],"Wed, 13 Nov 2019 04:07:32 GMT"
Pouf Tweet Game [Free] [Action],"Tue, 12 Nov 2019 07:24:55 GMT"
LiDAR Dungeon [Free] [Shooter] [Windows] [macOS] [Linux],"Fri, 10 Mar 2023 18:53:39 GMT"
space-invaders-clone [Free] [Platformer],"Sat, 07 Nov 2020 18:26:41 GMT"
Battle City Remake [Free] [Shooter],"Mon, 20 Apr 2020 03:49:05 GMT"
Undead Knights [Free] [Adventure],"Sun, 28 Nov 2021 02:01:39 GMT"
Bloip Bloip [Free] [Puzzle],"Fri, 15 Oct 2021 05:36:56 GMT"
Little Bat [Free] [Action],"Mon, 11 Feb 2019 01:36:49 GMT"
Hang That Man [Free] [Puzzle],"Mon, 22 Aug 2022 19:27:49 GMT"
Tokdle [Free] [Educational] [Windows] [Linux],"Sat, 09 Apr 2022 05:14:37 GMT"
Slime platformer [Free] [Platformer],"Fri, 21 Oct 2022 05:57:16 GMT"
GeometryBang [Free] [Action] [Windows],"Tue, 20 Dec 2022 01:59:38 GMT"
Zombie Hunter [Free] [Fighting],"Thu, 28 Jan 2021 19:20:43 GMT"
üéÖSanta vs. the Machine Elvesüëæ [Free] [Shooter],"Sat, 24 Dec 2022 22:00:42 GMT"
Unvending Machine [Free] [Shooter] [Windows] [macOS] [Linux],"Sat, 08 Jul 2023 13:14:26 GMT"
TIC-Cloth3D [Free] [Simulation],"Sat, 30 Oct 2021 20:22:14 GMT"
spilljackers [Free] [Action],"Fri, 18 Sep 2020 04:31:23 GMT"
Room of the Hundred [Free],"Sun, 12 Aug 2018 07:45:44 GMT"
Little Pyramid [Free] [Action],"Fri, 16 Nov 2018 04:37:20 GMT"
The Boring World of Niels Bohr [Free] [Action],"Sun, 30 Jan 2022 14:29:53 GMT"
R.T.R.L. [Free] [Action],"Wed, 03 Aug 2022 20:15:47 GMT"
Healer [Free] [Action],"Sun, 23 Feb 2020 20:14:59 GMT"
Extraterrestrial Assault [Free] [Action] [Windows] [macOS] [Linux],"Mon, 31 Jan 2022 23:23:49 GMT"
Confusing Crossword Game [Free] [Puzzle],"Sun, 18 Sep 2022 00:51:07 GMT"
ZomboBeach [Free] [Survival] [Windows] [macOS] [Linux] [Android],"Sat, 08 May 2021 12:44:21 GMT"
New Eden [Free] [Action] [Windows],"Wed, 06 Mar 2019 23:25:13 GMT"
Conway's Game of Life on TIC-80 [Free] [Other],"Sat, 15 Jan 2022 05:12:38 GMT"
Accounting with Emma [Free] [Educational],"Sun, 13 Jun 2021 07:25:39 GMT"
Snowflakes [Free] [Action] [Windows],"Sat, 03 Dec 2022 20:49:00 GMT"
√Åguamen 80 [Free] [Platformer],"Sun, 05 Feb 2023 19:29:58 GMT"
Wicked Mines [Free] [Puzzle],"Mon, 10 May 2021 02:49:41 GMT"
Formula Last [Free] [Puzzle],"Sun, 13 Jun 2021 19:14:49 GMT"
Virus Defender [Free] [Shooter],"Tue, 05 May 2020 07:12:11 GMT"
Long Shot [Free] [Shooter],"Mon, 03 Oct 2022 17:44:21 GMT"
Roomlee [Free] [Action] [Windows] [macOS],"Sun, 26 Feb 2023 23:52:36 GMT"
Haunted Building [Free] [Platformer] [Windows] [macOS] [Linux],"Thu, 01 Dec 2022 12:04:28 GMT"
Top Hop [Free] [Puzzle],"Sun, 20 Jun 2021 17:22:13 GMT"
Disastrous Flying Critters [Free] [Action] [Windows] [macOS] [Linux],"Sun, 04 Jun 2023 05:22:20 GMT"
Lighting dodge [Free] [Rhythm] [Windows] [macOS] [Linux],"Sat, 29 Apr 2023 21:46:32 GMT"
Islandventures [Free],"Fri, 07 Apr 2023 08:24:44 GMT"
Updog (GBJAM8 edition) [Free] [Platformer] [Windows],"Sat, 05 Sep 2020 05:35:53 GMT"
Raycaster Demo [Free],"Tue, 04 Sep 2018 23:13:16 GMT"
Silly Goblins [Free] [Adventure] [Windows],"Sun, 10 Mar 2019 20:44:28 GMT"
Blind as a Bat [Free] [Puzzle] [Windows] [macOS] [Linux],"Sun, 28 May 2023 21:10:04 GMT"
Test Space Invaders Clone [Free] [Shooter],"Thu, 20 Oct 2022 12:13:12 GMT"
Western trade [Free] [Simulation] [Windows] [macOS] [Linux],"Wed, 07 Jun 2017 23:17:15 GMT"
Trijam#182 Branching out [Free] [Puzzle] [Windows] [Linux],"Sun, 21 Aug 2022 13:40:34 GMT"
Pegs 2 [Free] [Puzzle] [Windows] [macOS] [Linux] [Android],"Tue, 11 Jul 2017 05:35:18 GMT"
I WONDER IF I HAD A LITTLE SISTER [Free] [Platformer] [Windows],"Mon, 04 Dec 2017 18:22:34 GMT"
Brake-Out [Free] [Puzzle] [Windows],"Tue, 26 Sep 2017 23:26:20 GMT"
HOMEMAZEÔΩûÊù±ÂåóÂÆ∂„Åã„Çâ„ÅÆËÑ±Âá∫ÔΩû [Free] [Windows],"Sat, 16 Mar 2019 01:35:44 GMT"
TIC-80 Sudoku [Free] [Puzzle] [Windows] [macOS] [Linux] [Android],"Tue, 07 Jul 2020 01:28:34 GMT"
3BUTTERF.EXE [Free] [Shooter] [Windows] [macOS] [Linux],"Sat, 16 Apr 2022 21:55:24 GMT"
(jam build) finding yourself in the forest [Free] [Adventure] [Windows] [macOS] [Linux],"Wed, 24 Jul 2019 22:51:22 GMT"
Spirited [Free] [Adventure],"Sat, 24 Apr 2021 00:06:43 GMT"
Ninja Outrun [Free] [Platformer],"Sun, 04 Aug 2019 15:28:47 GMT"
Stop Simulator [Free] [Puzzle],"Sun, 14 Aug 2022 12:36:23 GMT"
MothLight [Free] [Platformer],"Sat, 03 Sep 2022 03:53:13 GMT"
Peanut Butter Jelly Vortex [Free] [Action],"Sun, 27 Nov 2022 03:15:34 GMT"
Retrowars 80' [Free] [Strategy] [Windows] [macOS] [Linux] [Android],"Sat, 18 Jul 2020 09:31:16 GMT"
Alchemy [Free] [Puzzle],"Sun, 24 Oct 2021 23:59:45 GMT"
Pyramid of Ahraxis [Free] [Survival] [Windows] [macOS] [Linux],"Sun, 01 Jan 2023 10:55:32 GMT"
Clash of unit [Free] [Puzzle],"Sat, 12 Aug 2023 21:09:53 GMT"
this is my mech [Free] [Adventure],"Fri, 19 Apr 2019 15:10:37 GMT"
Game3 - Shoot 'Em Up [Free] [Other],"Sun, 01 Oct 2023 13:04:02 GMT"
Shoting Stars [Free] [Shooter],"Sun, 03 Sep 2023 15:38:33 GMT"
Squid City Blues [Free] [Adventure] [Windows],"Sun, 26 Jan 2020 21:38:09 GMT"
a Dice Garden [Free] [Windows] [macOS] [Linux],"Sun, 17 Jul 2022 16:22:17 GMT"
Hop Island [Free] [Puzzle],"Sun, 26 Dec 2021 21:53:26 GMT"
Duoswitch [Free] [Puzzle],"Sun, 09 May 2021 14:15:10 GMT"
Le:Moon [Free] [Platformer],"Tue, 14 Jun 2022 20:20:03 GMT"
Might and Matchic [Free] [Puzzle],"Tue, 24 Apr 2018 01:54:04 GMT"
NO RETURN! [Free] [Puzzle],"Sun, 02 Aug 2020 10:28:49 GMT"
Hebrew Vowel Blaster [Free] [Shooter] [Windows] [macOS] [Linux],"Fri, 01 Dec 2017 13:22:17 GMT"
Mars Square [Free] [Platformer],"Thu, 21 Dec 2017 16:44:48 GMT"
Gravitate [Free] [Action],"Sun, 22 Aug 2021 20:02:00 GMT"
Snaek [Free] [Windows] [macOS] [Linux],"Sun, 16 Jul 2017 05:24:31 GMT"
Life is about balance [Free] [Action],"Sun, 11 Aug 2019 19:57:12 GMT"
Donkey Hare [Free] [Action] [Windows] [macOS] [Linux],"Sun, 24 Apr 2022 01:14:29 GMT"
Bit Path [Free] [Puzzle] [Windows] [macOS] [Linux],"Tue, 31 May 2022 14:30:59 GMT"
Super Fruit Fall [Free] [Other],"Mon, 24 Apr 2023 17:17:15 GMT"
Open Country [Free] [Adventure],"Sun, 07 Oct 2018 18:46:47 GMT"
Labyrinth Deck [Free] [Strategy],"Mon, 13 Sep 2021 21:27:10 GMT"
Align Q More [Free] [Simulation] [Windows] [macOS] [Linux],"Mon, 18 May 2020 03:29:09 GMT"
NanoBrd [Free] [Action],"Tue, 15 Feb 2022 11:28:58 GMT"
ZUNDACONNECTÔºà„Ç∫„É≥„ÉÄ„Ç≥„Éç„ÇØ„ÉàÔºâ [Free] [Puzzle] [Windows],"Fri, 16 Oct 2020 23:46:52 GMT"
Frog Catch [Free] [Action],"Mon, 26 Jun 2017 16:31:46 GMT"
Clone Lode Runner - TIC-80 [Free] [Action],"Thu, 13 Jan 2022 15:32:35 GMT"
Dual Shrew Panic! [Free] [Puzzle] [Windows],"Sun, 02 Feb 2020 19:17:01 GMT"
Tic Pong [Free] [Strategy],"Mon, 14 Sep 2020 23:45:07 GMT"
Cat at home [$2.00] [Windows],"Wed, 25 Dec 2019 19:01:07 GMT"
The Right Coin [Free] [Platformer],"Sat, 27 Apr 2019 12:11:16 GMT"
Sokoban [Free] [Puzzle] [Windows] [macOS] [Linux] [Android],"Sat, 25 Mar 2023 17:20:24 GMT"
Fire Escape [Free] [Adventure] [Windows] [macOS] [Linux],"Sun, 24 Apr 2022 14:14:06 GMT"
QFishing [Free] [Educational],"Tue, 21 Apr 2020 05:57:20 GMT"
Game of Life [Free] [Simulation],"Thu, 24 Jun 2021 19:06:51 GMT"
Fennel Bird [Free] [Action],"Fri, 27 May 2022 04:38:19 GMT"
You were the keeper [Free] [Puzzle] [Windows],"Thu, 02 Apr 2020 10:36:54 GMT"
Time Princess [Free] [Role Playing] [Windows],"Sun, 04 Oct 2020 21:56:55 GMT"
[WIP]LODE_RUNNER_GamecodeurGJ [Free] [Platformer],"Sun, 30 Jan 2022 17:21:06 GMT"
Duckling [Free] [Adventure],"Mon, 23 Dec 2019 07:57:37 GMT"
Card Grangers DX [Free] [Card Game] [Windows] [macOS] [Linux],"Sat, 21 May 2022 07:04:55 GMT"
xenoamob [Free] [Action],"Sun, 12 Apr 2020 07:54:15 GMT"
Falldown [Free] [Windows] [macOS] [Linux],"Sun, 04 Jun 2023 13:38:23 GMT"
The Flower of Marasca [Free] [Platformer],"Sun, 03 Apr 2022 22:17:01 GMT"
"Tim, Corruptor of Worlds [Free] [Platformer] [Windows]","Sun, 26 Jun 2022 20:42:48 GMT"
Falacy Gorx [Free] [Action] [Linux],"Fri, 26 Mar 2021 16:29:28 GMT"
Penguknight [Free] [Platformer],"Wed, 15 Mar 2023 08:48:38 GMT"
ZUNZUNDAN [Free] [Windows],"Sat, 28 Mar 2020 20:45:09 GMT"
status: superb [Free] [Shooter] [Windows] [macOS] [Linux],"Sat, 16 Jul 2022 19:56:42 GMT"
Slimy Gravity [Free] [Puzzle] [Windows],"Tue, 08 Sep 2020 20:37:19 GMT"
SPRINT [Free] [Racing] [Linux],"Sun, 09 Jul 2023 15:39:57 GMT"
TIC Room [Free] [Action],"Tue, 27 Oct 2020 08:47:54 GMT"
Ticket Crusher [Free] [Simulation],"Wed, 21 Aug 2019 05:33:29 GMT"
Get To Luiza's House! [Free] [Survival],"Sun, 29 Aug 2021 17:46:24 GMT"
Quantum Street Fighter [Free] [Fighting],"Mon, 05 Oct 2020 21:55:58 GMT"
dog 'n boy [Free] [Platformer],"Fri, 08 Sep 2017 03:21:33 GMT"
learn raycasting [Free] [Simulation],"Thu, 15 Apr 2021 21:08:38 GMT"
Simple Space [Free] [Action] [Windows] [macOS] [Linux] [Android],"Sat, 25 Jun 2022 11:44:12 GMT"
Beamy and Meaby [Free] [Puzzle] [Windows] [macOS] [Linux],"Sun, 13 Aug 2023 13:39:17 GMT"
Scaph [Free] [Platformer],"Sat, 29 Jan 2022 23:19:55 GMT"
IASL#42 [Free] [Puzzle] [Windows] [macOS] [Linux],"Wed, 13 Jul 2022 02:26:37 GMT"
Dunkman [Free] [Action],"Mon, 20 Apr 2020 06:25:14 GMT"
The Greedy Hero [Free] [Puzzle],"Fri, 23 Jul 2021 07:07:36 GMT"
Defender [Free] [Survival],"Thu, 01 Mar 2018 05:19:12 GMT"
The Flock [Free] [Survival],"Sun, 06 Feb 2022 22:38:54 GMT"
Absurd Survivor [Free] [Role Playing] [Windows] [Linux],"Sun, 14 Aug 2022 23:24:32 GMT"
Plant Push [Free] [Puzzle] [Windows] [Linux],"Thu, 03 Feb 2022 10:24:22 GMT"
Night shift - LD 39 Compo [Free],"Sun, 30 Jul 2017 20:27:52 GMT"
Orbital Hell [Free] [Shooter],"Sun, 13 Dec 2020 22:06:05 GMT"
Liquid Runner II [Free] [Puzzle],"Fri, 16 Apr 2021 05:59:42 GMT"
Quasar Rush [Free] [Shooter] [Windows] [Linux],"Sat, 07 Oct 2023 23:38:55 GMT"
Trickee Ogre [Free] [Card Game] [Linux],"Wed, 01 Jun 2022 13:56:00 GMT"
Worm [Free] [Other] [Windows] [macOS],"Sat, 15 Jan 2022 18:52:32 GMT"
Violet Raystorm [Free] [Shooter] [Windows] [macOS] [Linux],"Sun, 07 May 2023 18:02:18 GMT"
bugatory [Free] [Other] [Windows] [macOS] [Linux],"Wed, 24 Nov 2021 23:15:49 GMT"
BOMBERMAN: NUKE THEM ALL! [Free] [Action],"Sun, 10 Nov 2019 14:40:25 GMT"
Night Fisher [Free] [Simulation] [Windows] [macOS] [Linux],"Sun, 16 Apr 2023 05:34:51 GMT"
Bloody Runner [Free],"Mon, 29 Apr 2019 05:03:30 GMT"
Rainy Sun Girl [Free] [Platformer],"Fri, 28 Jan 2022 13:29:00 GMT"
1THRUSTR.EXE [Free],"Sun, 03 Oct 2021 21:48:33 GMT"
Floppy bird [Free] [Action] [Linux],"Sat, 13 Feb 2021 17:34:00 GMT"
Haunted Mirrors [Free] [Shooter] [Windows] [macOS] [Linux],"Tue, 02 May 2023 18:57:58 GMT"
Spread the Love [Free] [Adventure],"Sat, 08 Jun 2019 16:35:05 GMT"
Lockdown [Free] [Survival],"Sun, 19 Apr 2020 23:35:25 GMT"
Doodle Draw [Free] [Windows],"Sun, 13 Jun 2021 17:53:48 GMT"
THE BIG ADVENTURE OF OWATA'S LIFE TIC-80 REMAKE [Free] [Strategy] [Windows],"Wed, 01 Jun 2022 21:18:30 GMT"
Loona Soccer [Free] [Sports] [Windows] [Linux],"Wed, 27 Sep 2023 21:24:54 GMT"
Find the Cure [Free] [Windows] [Linux],"Mon, 29 Nov 2021 10:10:43 GMT"
Echapp'aux Zombies [Free] [Adventure],"Tue, 22 Mar 2022 13:27:08 GMT"
Oh F [Free] [Platformer],"Fri, 22 Nov 2019 22:24:51 GMT"
Lode Runner 2022 [Free] [Platformer],"Wed, 19 Jan 2022 12:07:42 GMT"
Acquire the Amulet! [Free] [Platformer],"Sun, 03 Jul 2022 14:39:08 GMT"
BridgeBreaker [Free] [Strategy],"Thu, 21 Jul 2022 19:02:33 GMT"
UNDEAD DEFENDERS [Free] [Action] [Windows] [macOS] [Linux],"Sun, 09 Jul 2023 16:45:31 GMT"
spook factor [Free] [Adventure] [Windows] [macOS] [Linux],"Thu, 27 Apr 2023 03:15:10 GMT"
FireBug - #lospecjam1 [Free] [Platformer],"Wed, 21 Jul 2021 13:20:23 GMT"
Keep it (on) Alive [Free] [Puzzle],"Mon, 20 Apr 2020 14:57:14 GMT"
Minotaur Mania [Free] [Action],"Tue, 04 Dec 2018 00:38:04 GMT"
2bit-hopp [Free] [Platformer],"Fri, 31 Jan 2020 16:41:14 GMT"
Miner Trouble [Free] [Action],"Sat, 19 Dec 2020 01:15:54 GMT"
Nothing to see here [Free] [Platformer],"Thu, 02 Aug 2018 14:26:32 GMT"
Empty World [Free] [Windows],"Sat, 22 Jan 2022 16:31:55 GMT"
aural map [Free] [Adventure],"Sun, 27 Oct 2019 00:59:34 GMT"
Tamagotchi is a sad game [Free] [Survival],"Thu, 15 Aug 2019 16:53:47 GMT"
Dead Run [Free] [Action],"Tue, 04 Feb 2020 20:28:18 GMT"
TSA Simulator [Free] [Puzzle],"Wed, 08 May 2019 11:01:37 GMT"
Raff the Tricker [Free] [Strategy] [Windows] [macOS] [Linux],"Wed, 29 Jun 2022 17:57:39 GMT"
ComputForce - Hack'em up ! [Free] [Shooter],"Thu, 18 Jul 2019 12:48:28 GMT"
Rhythm Mortis [Free] [Rhythm],"Sun, 28 Nov 2021 12:53:49 GMT"
Rolling dice [Free] [Puzzle],"Sun, 17 Jul 2022 14:31:29 GMT"
Tri gust is megl che uan [Free] [Action] [Windows],"Sat, 06 Jun 2020 14:46:27 GMT"
Gumbot// a tic80 gamejam project [Free] [Platformer],"Sun, 13 Jun 2021 18:00:15 GMT"
N-Picross [Free] [Puzzle],"Fri, 04 Feb 2022 17:42:55 GMT"
The Burn (FFXIV dungeon recreated in TIC80) [Free] [Adventure],"Sat, 12 Jun 2021 18:07:06 GMT"
A murder in Heaven [Free] [Visual Novel],"Sun, 27 Dec 2020 20:39:45 GMT"
Shredder-Boy [Free] [Simulation],"Sun, 12 Aug 2018 22:11:14 GMT"
Addiction Destruction Simulator [Free] [Platformer],"Sat, 24 Jul 2021 10:34:23 GMT"
Titan Ceremony DX [Free] [Action],"Tue, 25 Apr 2023 02:13:08 GMT"
Untitled Duck Demake [Free] [Simulation] [Windows] [macOS],"Fri, 05 Aug 2022 04:06:37 GMT"
Little Sheep Run [Free] [Action],"Mon, 21 Jan 2019 01:49:49 GMT"
Romeo Adventure [Free] [Adventure] [Windows] [Linux],"Sun, 27 Nov 2022 00:05:52 GMT"
Red Spectre [Free] [Adventure],"Sun, 24 May 2020 19:20:29 GMT"
Mathdle 256b [Free],"Sun, 27 Feb 2022 20:57:44 GMT"
Robota [Free] [Other] [Windows],"Tue, 16 Mar 2021 08:12:32 GMT"
Alchemy Courier [Free] [Platformer] [Windows] [macOS],"Sun, 03 Oct 2021 21:25:12 GMT"
Turn The Lights Off [Free] [Puzzle] [Windows] [macOS] [Linux],"Fri, 01 Jul 2022 12:35:40 GMT"
BreakEven [Free] [Action],"Mon, 26 Apr 2021 19:44:21 GMT"
Pixel Ball - Tic80 [Free] [Action],"Sat, 07 Sep 2019 20:26:13 GMT"
Virus [Free] [Survival] [Windows] [macOS],"Mon, 18 Jul 2022 09:44:35 GMT"
AKILJIK [Free] [Action] [Windows] [macOS] [Linux],"Sun, 06 Feb 2022 12:27:22 GMT"
"pixel , horreur et blaster [Free] [Puzzle]","Mon, 25 May 2020 12:23:50 GMT"
Soup! [Free] [Windows] [macOS] [Linux] [Android],"Sat, 25 Apr 2020 11:42:39 GMT"
mini castle [Free] [Platformer],"Sun, 20 Sep 2020 10:53:03 GMT"
Break the surface [Free] [Platformer],"Sun, 29 Aug 2021 12:16:21 GMT"
SlowDown [Free],"Sat, 20 Feb 2021 20:54:31 GMT"
CPJVA demo [Free] [Puzzle],"Sun, 31 May 2020 08:04:44 GMT"
ManualWFC [Free] [Windows],"Sun, 10 May 2020 09:34:01 GMT"
Fatherboard [Free] [Platformer],"Tue, 15 Jun 2021 05:43:27 GMT"
TIC-80 Platformer [Free] [Platformer],"Tue, 04 Feb 2020 02:25:00 GMT"
Wormhole [Free] [Action],"Sat, 04 Sep 2021 09:36:19 GMT"
AutoTileLIFEGAME [Free] [Windows],"Sat, 25 May 2019 06:07:34 GMT"
40 - A Text Adventure Thing [Free] [Adventure],"Mon, 30 Mar 2020 01:10:51 GMT"
Breaker [Free] [Action] [Windows] [macOS] [Linux],"Mon, 20 Jun 2022 01:19:28 GMT"
Crowd Sauce [Free] [Other],"Tue, 27 Jul 2021 16:31:24 GMT"
Road to Car Town [Free] [Action],"Sun, 04 Aug 2019 13:21:03 GMT"
Missing Buble [Free] [Survival] [Windows] [macOS],"Wed, 17 Aug 2022 21:30:40 GMT"
bonne nuit [Free] [Platformer],"Sat, 20 Jan 2018 07:22:13 GMT"
Tic-80 Multi-Color Demo (feat.  Pok√©mon) [Free],"Tue, 16 Apr 2019 16:55:24 GMT"
Honey the Cat - TIC80 version [Free] [Platformer],"Mon, 19 Apr 2021 17:45:28 GMT"
game made in 10 minutes [Free] [Other],"Tue, 05 Jan 2021 03:00:39 GMT"
Wild - help need ideas [Free] [Role Playing] [Windows],"Thu, 24 Jun 2021 20:08:16 GMT"
LINK [Free] [Interactive Fiction] [Windows] [macOS] [Linux],"Wed, 29 Jun 2022 17:16:31 GMT"
Stuck in a time loop [Free],"Thu, 03 May 2018 12:22:06 GMT"
Boxe √©l√©mentaire [Free] [Fighting],"Fri, 02 Apr 2021 12:10:52 GMT"
Cat Square [Free] [Sports] [Windows],"Sat, 04 Mar 2023 16:05:41 GMT"
Picture Frame [Free] [Card Game],"Wed, 16 Sep 2020 11:05:19 GMT"
Honey the Cat: Fueled by Honey [Free] [Action],"Mon, 19 Apr 2021 13:51:34 GMT"
Thelifis [Free] [Survival] [Windows],"Tue, 21 Dec 2021 11:16:01 GMT"
Townsend [Free] [Adventure],"Thu, 30 Jul 2020 22:56:53 GMT"
Crabby Clicker [Free] [Other] [Windows] [macOS] [Linux],"Mon, 25 Oct 2021 13:24:31 GMT"
Unexpected Memory Corruption [Free] [Puzzle],"Wed, 09 Sep 2020 17:55:07 GMT"
Do re mi-TIC-so la ti-pong! [Free] [Rhythm] [Windows] [macOS] [Linux],"Sat, 31 Jul 2021 12:51:54 GMT"
Tixteroids [Free] [Shooter] [Windows] [macOS],"Wed, 01 Mar 2023 19:46:40 GMT"
Tree protect [Free] [Simulation] [Windows] [macOS] [Linux],"Sat, 15 Jul 2023 22:39:25 GMT"
Buried Deep - LD48 Compo [Free] [Platformer] [Windows] [macOS] [Linux],"Sun, 25 Apr 2021 23:14:40 GMT"
Heaven's Kitchen [Free] [Puzzle] [Windows],"Fri, 16 Jul 2021 16:29:25 GMT"
Frog souls but it actually works [Free] [Survival],"Mon, 11 May 2020 17:45:06 GMT"
oh chute [Free] [Role Playing],"Fri, 19 Nov 2021 13:27:52 GMT"
Untitled Butterfly Racing Game [Free] [Racing] [Windows] [Linux],"Thu, 31 Mar 2022 09:00:55 GMT"
Rebonde reverse [Free] [Survival] [Windows] [macOS] [Linux],"Wed, 28 Jun 2023 01:01:40 GMT"
Acrylic Dice World [Free] [Platformer],"Sun, 17 Jul 2022 16:55:50 GMT"
blowleaf [Free] [Simulation],"Sun, 29 May 2022 01:56:34 GMT"
My Sorry [Free] [Interactive Fiction],"Mon, 22 May 2023 03:19:36 GMT"
Tetrerios Terror [Free] [Survival],"Sun, 09 Jul 2023 14:06:33 GMT"
Moon's Road Trip [Free] [Adventure] [Windows],"Sat, 15 Apr 2023 02:57:39 GMT"
tic-80 Life [Free],"Tue, 20 Apr 2021 22:29:46 GMT"
Balloon Fight80 [Free] [Other],"Tue, 31 May 2022 02:46:51 GMT"
Newtototone [Free] [Windows],"Thu, 10 Jun 2021 10:12:47 GMT"
Space Monkey :-) [Free],"Sun, 31 Jan 2021 02:18:31 GMT"
Color Flip [Free] [Platformer],"Sat, 11 Dec 2021 19:11:00 GMT"
Sunday WalkingSim (IM-Puzzle) [Free] [Adventure],"Sun, 12 Jan 2020 12:09:53 GMT"
Read [Free] [Platformer],"Sun, 08 Oct 2023 00:29:20 GMT"
lisp video poker [Free] [Card Game],"Sat, 19 Oct 2019 18:53:26 GMT"
DiamondseekTic80 [Free] [Puzzle] [Windows],"Fri, 18 Aug 2023 15:58:56 GMT"
Zilla v Mothmom [Free] [Strategy] [Windows],"Sat, 25 Mar 2023 01:47:29 GMT"
e-Vacuum [Free] [Puzzle],"Thu, 06 Apr 2023 21:04:39 GMT"
Avoid and Collect [Free] [Action],"Fri, 03 Apr 2020 03:09:03 GMT"
Chicken Stars [Free] [Platformer],"Mon, 24 Jan 2022 08:23:03 GMT"
Industrial Seeds [Free] [Simulation],"Thu, 19 Aug 2021 03:48:46 GMT"
Sachristmas ! [Free] [Adventure],"Tue, 04 Dec 2018 01:29:45 GMT"
Teresa & Her Sheep [Free] [Puzzle],"Sat, 12 Jun 2021 19:54:42 GMT"
Pong - TIC80 [Free] [Sports],"Thu, 10 Mar 2022 10:11:43 GMT"
Sweets [Free] [Interactive Fiction],"Sat, 31 Oct 2020 21:49:36 GMT"
A story in the desert [Free] [Adventure],"Mon, 20 Apr 2020 21:57:21 GMT"
Don't Melt! [$99.99] [Platformer],"Thu, 02 May 2019 16:49:09 GMT"
TicTacToe [Free] [Strategy],"Thu, 19 Aug 2021 01:33:11 GMT"
Spaceman [Free] [Adventure],"Sun, 28 Mar 2021 13:22:43 GMT"
CAUTION! WALLS! [Free] [Survival],"Tue, 03 Aug 2021 03:10:01 GMT"
Garn [Free] [Puzzle],"Mon, 03 May 2021 08:29:39 GMT"
Optical Delusions [Free] [Adventure],"Sat, 09 Oct 2021 19:15:29 GMT"
A band on Ed [Free] [Role Playing],"Sun, 18 Oct 2020 20:03:22 GMT"
4Saisons [Free] [Platformer],"Tue, 27 Nov 2018 17:50:47 GMT"
Space mutant [Free] [Platformer],"Fri, 14 Jan 2022 14:40:26 GMT"
Fuja da Agua [Free] [Adventure],"Thu, 08 Oct 2020 01:19:20 GMT"
Christmas Surprise [Free] [Platformer] [Windows],"Wed, 22 Dec 2021 15:43:00 GMT"
Franken-Crime [Free] [Other],"Sun, 17 May 2020 20:44:32 GMT"
A Mage's Journey [Free] [Platformer],"Mon, 01 Feb 2021 03:59:53 GMT"
Snake game [Free] [Action],"Sat, 03 Apr 2021 10:11:37 GMT"
Avoid Triangles! [Free],"Sat, 05 Feb 2022 03:24:25 GMT"
A Death Parkour [Free] [Platformer],"Thu, 05 Dec 2019 21:44:17 GMT"
Assist [Free] [Simulation],"Sun, 19 May 2019 18:05:45 GMT"
Glitches catcher [Free] [Fighting],"Mon, 05 Apr 2021 00:28:24 GMT"
Changez la m√©t√©o [Free] [Interactive Fiction],"Mon, 22 Mar 2021 19:43:38 GMT"
Wall Walkers 2 [Free] [Action] [Windows] [macOS] [Linux],"Sun, 12 Mar 2023 13:32:10 GMT"
UNIX Robots [Free] [Survival],"Sat, 19 Sep 2020 00:22:40 GMT"
Fix Pix [Free] [Other],"Thu, 14 Apr 2022 21:46:52 GMT"
TicPaint [Free] [Other] [Windows],"Mon, 11 Jul 2022 14:14:30 GMT"
Lane Crazy 254b [Free] [Windows] [macOS] [Linux] [Android],"Sun, 27 Feb 2022 21:00:47 GMT"
ship [Free],"Mon, 11 May 2020 01:24:54 GMT"
NanoStack [Free] [Puzzle],"Thu, 18 Nov 2021 21:54:57 GMT"
Sixty Second Dungeon [Free] [Role Playing],"Sun, 25 Jul 2021 20:06:12 GMT"
Xadado [Free] [Other],"Sat, 18 Feb 2023 22:03:53 GMT"
Frozen bounce [Free] [Action],"Thu, 02 Jul 2020 20:01:19 GMT"
The Marmot [Free] [Survival],"Sat, 30 Jan 2021 21:24:26 GMT"
DARK by HJDA [Free] [Adventure],"Fri, 05 Feb 2021 20:14:00 GMT"
Catch the Thief [Free],"Sun, 30 Jan 2022 23:42:37 GMT"
test [Free] [Educational],"Mon, 30 Jan 2023 14:56:36 GMT"
Vac-a-Jack [Free] [Action],"Thu, 23 Dec 2021 19:57:47 GMT"
pong type2 [Free] [Action],"Tue, 29 Sep 2020 14:08:38 GMT"
Get Together [Free] [Puzzle] [Windows],"Mon, 26 Jun 2023 21:21:54 GMT"
The Decay After Lockdown [Free] [Survival],"Thu, 18 Mar 2021 13:06:24 GMT"
The Wanderer [Free] [Shooter],"Sun, 19 Aug 2018 20:52:38 GMT"
Time Galleon Boniface [Free] [Action],"Sun, 23 May 2021 19:51:20 GMT"
The WARtinative Games Collection [Free] [Simulation],"Sun, 27 Jun 2021 12:52:42 GMT"
Queue [Free] [Action],"Mon, 08 Nov 2021 04:06:41 GMT"
Space Fleet [Free] [Shooter] [Windows] [macOS] [Linux] [Android],"Wed, 01 Dec 2021 04:23:16 GMT"
NoteCracker! (Jam Prototype) [Free] [Rhythm],"Sun, 04 Apr 2021 13:32:13 GMT"
Adventure [Free] [Adventure],"Thu, 21 Nov 2019 17:23:52 GMT"
Treasure Fishing [Free] [Other],"Fri, 09 Jun 2023 19:26:31 GMT"
Supercopter (TIC - 80 edition) [Free],"Wed, 14 Oct 2020 13:02:41 GMT"
Scrapper [Free] [Windows] [macOS] [Linux] [Android],"Thu, 16 Dec 2021 10:33:29 GMT"
Random Math Draw [Free] [Educational],"Tue, 05 May 2020 17:03:35 GMT"
Servers & Sockets [Free] [Action],"Mon, 20 Apr 2020 00:59:00 GMT"
Tweet Attack [Free],"Sun, 20 Jun 2021 18:25:28 GMT"
Tic-80 Pacman [Free] [Action],"Mon, 28 Mar 2022 20:23:12 GMT"
Sticky Man Climber [Free],"Wed, 16 Feb 2022 22:50:01 GMT"
bob adventure [Free] [Other],"Sat, 16 Nov 2019 03:15:37 GMT"
Umbra: Glitters Shadow [Free] [Adventure],"Sat, 04 Sep 2021 19:40:50 GMT"
rooster game [Free] [Platformer],"Fri, 08 Apr 2022 16:52:18 GMT"
Silly Stretcher [Free] [Action],"Sun, 28 Jan 2018 23:22:28 GMT"
Bouncelot [Free] [Action],"Tue, 12 Mar 2019 00:37:32 GMT"
Buggy Boe [Free] [Action],"Sun, 09 Jul 2023 16:33:00 GMT"
The FUTCCGCSC: the adventures of a very sad cyclops [Free] [Action],"Sat, 09 Mar 2019 14:18:54 GMT"
As aventuras de uma gota [Free],"Sun, 01 Aug 2021 21:37:53 GMT"
Bullet Time [Free] [Action],"Mon, 20 Feb 2023 22:47:05 GMT"
Hide and Seek [Free] [Action],"Sun, 06 Jun 2021 17:40:56 GMT"
Joined controls [Free] [Puzzle],"Sat, 12 Jun 2021 22:11:59 GMT"
Fishy Game [Free],"Mon, 27 Jun 2022 03:45:46 GMT"
Telephone Switchboard Operator [Free] [Simulation],"Fri, 12 May 2023 21:14:03 GMT"
"Hah, huh? [Free]","Sat, 14 Aug 2021 10:42:58 GMT"
Birdy [Free] [Action],"Sun, 06 Feb 2022 00:52:12 GMT"
Elden Martins [Free] [Puzzle],"Sun, 27 Mar 2022 16:36:54 GMT"
80-tnite [Free] [Puzzle],"Sun, 12 Aug 2018 22:21:26 GMT"
A Quiet Ghost [Free] [Interactive Fiction],"Sun, 30 Apr 2023 07:17:01 GMT"
"jam 5,2 FR [Free] [Action]","Sun, 19 May 2019 21:43:23 GMT"
Fly Swatter [Free],"Sat, 18 May 2019 23:44:21 GMT"
Triple X Console [Free] [Puzzle],"Sat, 16 Nov 2019 12:59:24 GMT"
TimerExample(tic-80) [Free] [Other],"Fri, 18 Feb 2022 04:02:13 GMT"
Extreme Weather Shelter [Free] [Survival],"Thu, 13 Apr 2023 19:28:14 GMT"
Malarlio [Free] [Action],"Tue, 23 Apr 2019 12:34:45 GMT"
Cat stepped on my stream keyboard! [Free],"Sun, 26 Feb 2023 01:04:11 GMT"
tetris [Free] [Shooter],"Mon, 04 May 2020 14:33:56 GMT"
Just a chill game [Free],"Sat, 17 Jun 2023 04:18:13 GMT"
Gardening [Free] [Action],"Sun, 15 May 2022 07:12:00 GMT"
jumpDuck Arena [Free] [Strategy],"Wed, 02 Feb 2022 16:24:30 GMT"
Dr. Tetromino [Free] [Puzzle] [Windows] [macOS] [Linux],"Sat, 10 Jun 2023 19:30:59 GMT"
Metal Tea [Free] [Puzzle] [Windows],"Sun, 13 Feb 2022 22:06:46 GMT"
Trial Shift [Free] [Action],"Sun, 16 May 2021 17:54:56 GMT"
MINI SKATE [Free] [Sports],"Mon, 16 Nov 2020 22:48:42 GMT"
Tiny Code Christmas #lovebytetcc Day 11: Sheen Satellites [Free],"Sat, 24 Dec 2022 14:34:36 GMT"
firemeat [Free] [Adventure],"Sat, 19 Aug 2023 19:16:02 GMT"
Toto in the space [Free] [Action],"Tue, 31 Mar 2020 17:27:17 GMT"
capsule's adventure [$1.99],"Sun, 16 Feb 2020 11:22:05 GMT"
Overworked! [Free] [Simulation],"Tue, 24 May 2022 14:02:33 GMT"
Housefly Simulator [Free] [Puzzle],"Sun, 10 Apr 2022 22:32:38 GMT"
Flappy Ship [Free] [Platformer],"Sun, 31 Jan 2021 13:58:46 GMT"
Jump Tiny Dino! [Free] [Action],"Sun, 19 Sep 2021 11:27:47 GMT"
Slide Color [Free] [Puzzle],"Mon, 12 Feb 2018 01:41:30 GMT"
Run for your life! [Free] [Action],"Mon, 14 Jun 2021 03:01:40 GMT"
Tiny Code Christmas #lovebytetcc Day 07: Sine Snowstorm [Free],"Thu, 22 Dec 2022 08:23:38 GMT"
Course Of Space [Free] [Action],"Sun, 04 Apr 2021 18:28:04 GMT"
Untitled platformer test [Free] [Platformer],"Sun, 12 Dec 2021 19:37:34 GMT"
Lost Dog [Free] [Adventure],"Sat, 08 Jan 2022 01:50:38 GMT"
Game Of Life [Free] [Other],"Sun, 11 Apr 2021 01:39:18 GMT"
Ice Skater [Free],"Sat, 27 Aug 2022 19:53:19 GMT"
123124412412 [Free] [Action],"Sat, 02 Apr 2022 05:52:23 GMT"
Zombie Hunter 2 [Free] [Puzzle],"Sun, 14 Feb 2021 01:42:37 GMT"
No Maze [Free],"Sat, 18 Dec 2021 20:29:46 GMT"
Hunter Frames [Free] [Fighting],"Sun, 04 Oct 2020 12:54:20 GMT"
TIC-80 TETRIS [Free] [Puzzle],"Sat, 24 Jun 2023 13:23:42 GMT"
BestBoy [Free] [Adventure],"Mon, 26 Dec 2022 17:00:04 GMT"
Nut in Front of My Salad?!? [Free],"Tue, 16 Nov 2021 18:56:44 GMT"
PONF2 [Free],"Tue, 20 Apr 2021 23:57:18 GMT"
Snakapi [Free] [Action],"Fri, 27 Aug 2021 19:52:42 GMT"
15 Minutes to Live DX [Free] [Adventure],"Mon, 10 Oct 2022 15:14:32 GMT"
Space Invadeeeeers! [Free] [Shooter],"Mon, 30 May 2022 03:45:00 GMT"
Ghost Town [Free] [Adventure],"Sat, 13 Jul 2019 09:15:30 GMT"
merchant 1754 [Free] [Adventure],"Wed, 14 Apr 2021 23:48:29 GMT"
Diamond Hunter [Free] [Adventure],"Mon, 04 Apr 2022 09:55:51 GMT"
MEET [Free] [Puzzle],"Wed, 25 May 2022 16:38:35 GMT"
Narsiles VS Groscaillou [Free] [Shooter],"Thu, 16 Dec 2021 10:51:38 GMT"
Sam's Walk [Free] [Simulation],"Wed, 09 Jan 2019 18:07:39 GMT"
8bit pet [Free] [Simulation] [Windows],"Sat, 02 Sep 2023 20:52:46 GMT"
Newtototone Remastered [Free] [Windows],"Tue, 22 Jun 2021 14:48:11 GMT"
Les enqu√™tes de Chantal 1 [Free] [Interactive Fiction],"Thu, 16 Dec 2021 10:48:12 GMT"
A Runner [Free] [Racing],"Sun, 22 Dec 2019 13:43:00 GMT"
BomberPao [Free] [Strategy],"Thu, 14 Nov 2019 10:18:33 GMT"
TweetTweetSnake [Free],"Mon, 11 May 2020 03:49:00 GMT"
Escape Jhonny [Free] [Adventure],"Wed, 07 Oct 2020 22:23:50 GMT"
The Decay After Lockdown (Remake/Post Jam Edit) [Free],"Sat, 27 Mar 2021 20:29:23 GMT"
S-Man [Free] [Action],"Sat, 19 Feb 2022 08:19:32 GMT"
Fish_Hunt [Free],"Mon, 08 Jun 2020 20:00:19 GMT"
proto-planetes-ellipse-tic80 [Free],"Thu, 28 May 2020 13:03:46 GMT"
lazy maze [Free] [Puzzle],"Mon, 31 Jul 2023 03:46:39 GMT"
Warg [Free] [Action],"Mon, 04 Mar 2019 20:21:06 GMT"
Nounours aventure [2.00‚Ç¨] [Platformer] [Windows],"Sun, 17 Sep 2023 15:30:39 GMT"
Linebasket [Free] [Sports],"Mon, 20 May 2019 02:19:11 GMT"
ola Benja TIC80 [Free] [Educational],"Wed, 04 May 2022 18:42:29 GMT"
TicTag [Free] [Other],"Sat, 02 Sep 2023 14:42:22 GMT"
Fruit Ring [Free] [Other],"Mon, 15 May 2023 01:07:27 GMT"
Stamps [Free] [Other],"Tue, 13 Jul 2021 01:05:32 GMT"
Fuga Das Sombras [Free] [Adventure],"Sat, 15 Dec 2018 14:46:39 GMT"
Charatak [Free] [Action],"Sun, 05 Sep 2021 20:52:42 GMT"
Spiral of Darkness [Free],"Mon, 24 Jan 2022 13:45:01 GMT"
Block Man Run [Free] [Action],"Sun, 15 May 2022 09:41:02 GMT"
Monkey Jump 256b [Free],"Sun, 27 Feb 2022 20:49:26 GMT"
Undercats [Free],"Mon, 06 Mar 2023 05:39:25 GMT"
The Book [Free] [Action],"Mon, 13 Jul 2020 18:23:58 GMT"
Micropede TIC-80 [Free] [Other],"Sun, 19 Mar 2023 15:17:03 GMT"
Astro's Ladder [Free] [Puzzle],"Sun, 01 Oct 2023 20:40:48 GMT"
Hell adventure [Free] [Adventure],"Fri, 26 Aug 2022 16:15:38 GMT"
Pecmen 2 [Free] [Survival],"Sat, 23 Oct 2021 16:24:30 GMT"
Pong-Land [Free] [Simulation],"Thu, 22 Jun 2023 21:46:22 GMT"
PapaPika ! [Free],"Fri, 29 Apr 2022 14:21:24 GMT"
Tiny Code Christmas #lovebytetcc Day 12: Cyber Tree in Phosphor City [Free],"Sun, 25 Dec 2022 01:56:21 GMT"
Tiny Code Christmas #lovebytetcc Day 08: Ice Lake Fairy [Free],"Thu, 22 Dec 2022 10:59:11 GMT"
Tiny Code Christmas #lovebytetcc Day 10: Ice Pulsar and Vapor Bob [Free],"Sat, 24 Dec 2022 14:22:12 GMT"
Tiny Code Christmas #lovebytetcc Day 05: Ice Slide [Free],"Wed, 21 Dec 2022 11:22:11 GMT"
1kb Dungeon [Free],"Mon, 27 Jun 2022 00:42:10 GMT"
Tiny Code Christmas #lovebytetcc Day 06: Santa Sine [Free],"Wed, 21 Dec 2022 15:18:37 GMT"
Game: The Game [Free] [Windows],"Mon, 31 Jan 2022 00:28:20 GMT"
Tiny Code Christmas #lovebytetcc Day 04: Ice Plasma [Free],"Wed, 21 Dec 2022 07:49:45 GMT"
Flappy Cube [Free] [Platformer],"Sun, 30 Dec 2018 16:29:18 GMT"
Guess the number TIC-80(JS) [Free] [Other],"Fri, 10 Jun 2022 02:03:03 GMT"
Retour au parc [Free],"Fri, 29 Apr 2022 14:16:19 GMT"
Tiny Code Christmas #lovebytetcc Day 03: ICE COMET ATTACKS! [Free],"Wed, 21 Dec 2022 06:15:12 GMT"
Bing Bong wip [Free] [Sports],"Thu, 16 Dec 2021 10:31:09 GMT"
Tiny Code Christmas #lovebytetcc Day 09: Darkened Lens Ice Plasma [Free],"Fri, 23 Dec 2022 03:12:56 GMT"
Tiny Code Christmas #lovebytetcc Day 02: Snowstorm w/ per-frame drift [Free],"Wed, 21 Dec 2022 04:53:49 GMT"
Conway's Game of Life (TIC-80 version) [Free] [Simulation] [Windows] [macOS] [Linux] [Android],"Wed, 17 Oct 2018 08:00:44 GMT"
Galaxy Explorer TIC 80 (Hors concours) [Free] [Simulation] [Windows],"Fri, 01 Dec 2017 09:39:29 GMT"
PUZUNDA ÔΩûÁÆ±ÂÖ•„Çä„Éí„É°„ÇíÊïëÂá∫„Çª„É®ÔΩû [Free] [Puzzle] [Windows],"Tue, 13 Aug 2019 13:33:18 GMT"
TIC-80 PONG [Free] [Action] [Windows],"Mon, 10 Sep 2018 03:51:36 GMT"
3 seconds climber [Free] [Platformer],"Wed, 12 Jul 2017 17:14:22 GMT"
TIChess [Free] [Strategy] [macOS] [Linux],"Sun, 03 Feb 2019 16:09:57 GMT"
Player Unknown Manager [Free],"Sat, 29 Jul 2017 09:20:00 GMT"
Dasher [Free] [Strategy] [Windows] [macOS] [Linux],"Mon, 31 Jul 2017 05:52:08 GMT"
Wizards [Free] [Fighting] [Windows],"Sun, 24 Feb 2019 14:31:24 GMT"
RescueCopter - TIC80 [Free],"Thu, 18 Jan 2018 19:48:12 GMT"
Wandermaze [Free] [Strategy] [Windows] [macOS] [Linux],"Sat, 25 Apr 2015 12:15:17 GMT"
Click the Yellow Rhombus [Free] [Other] [Windows] [macOS] [Linux],"Mon, 14 Aug 2017 10:24:21 GMT"
Zombie Steal my Bananas [Free] [Action],"Tue, 04 Sep 2018 15:55:16 GMT"
The Corruption: The Color Warrior [Free] [Adventure],"Sat, 27 Jul 2019 23:34:52 GMT"
Press Z to Eat [Free] [Action],"Tue, 14 May 2019 22:20:32 GMT"
Cubes Charmer [Free] [Platformer],"Wed, 24 Oct 2018 08:51:47 GMT"
ZUNDARIS in Browser [Free],"Wed, 26 Dec 2018 16:36:38 GMT"
Spinner Sim 95 [Free],"Tue, 27 Feb 2018 01:47:07 GMT"
Escape of the tower [Free] [Puzzle],"Fri, 19 Jan 2018 16:17:22 GMT"
BOXING [$2.00] [Windows],"Thu, 26 Sep 2019 08:39:51 GMT"
Defend the screen [Free] [Other],"Wed, 11 Oct 2017 23:42:25 GMT"
The great water drop escape from evil lasers [Free] [Action],"Mon, 02 Sep 2019 13:50:28 GMT"
Flappy Bird Clone [Free] [Other],"Wed, 16 Sep 2020 10:32:09 GMT"
Ticskiv [Free] [Action],"Mon, 14 May 2018 07:39:56 GMT"
Defend the Transport [Free] [Shooter],"Sat, 04 Nov 2017 18:30:51 GMT"
Go fish! [Free] [Action],"Mon, 01 Feb 2021 00:08:00 GMT"
Super Player 2 Monkey Jump [Free] [Platformer],"Sun, 05 Nov 2017 00:59:04 GMT"
toetac-tic [Free],"Thu, 01 Feb 2018 10:00:36 GMT"
Fire Wizard [Free],"Fri, 11 Sep 2020 15:39:23 GMT"
SMW - Inside a blandish world [Free],"Sat, 15 May 2021 17:04:18 GMT"
Jumpbear: The Global Warming Bear [Free] [Action],"Sun, 20 May 2018 04:10:45 GMT"
Reaching Tranquility [Free] [Platformer],"Thu, 02 Nov 2017 12:04:45 GMT"
TICshoot [Free] [Shooter],"Fri, 22 Dec 2017 11:20:25 GMT"
TicTank [Free] [Action],"Sun, 03 Mar 2019 22:28:05 GMT"
Tic PONG [Free] [Other],"Sun, 12 Feb 2017 15:35:42 GMT"
Unfinished Particle Ship Thing [Free] [Shooter] [Windows] [macOS] [Linux] [Android],"Wed, 01 Nov 2017 12:36:17 GMT"
"""Game Wizard"" [Free]","Thu, 18 Jul 2019 04:55:58 GMT"
PonyPong ... is actually Breakout [Free] [Action],"Mon, 05 Mar 2018 12:20:54 GMT"
Rebound 2: Electric Boogaloo [Free] [Platformer],"Tue, 25 Sep 2018 19:46:44 GMT"
tiny80UNCE [Free] [Action],"Wed, 14 Nov 2018 19:54:58 GMT"
1BUTTERF.EXE [Free] [Action] [Windows] [macOS] [Linux],"Thu, 15 Apr 2021 20:29:06 GMT"
CROQUETAS [Free] [Simulation],"Fri, 13 Sep 2019 19:51:23 GMT"
Escape From Pixatraz [Free] [Simulation],"Wed, 20 May 2020 09:36:35 GMT"
oneminuteescape [Free] [Action],"Mon, 26 Feb 2018 22:26:43 GMT"
Spacer Shipper Shooter [Free] [Shooter],"Tue, 25 Dec 2018 07:15:37 GMT"
Ticochet (TIC game) [Free] [Action],"Thu, 09 Feb 2017 19:16:44 GMT"
