SNAGGEMON - A Grunt Dating Sim [Free] [Visual Novel] [Windows] [macOS] [Linux],"Sun, 06 Nov 2022 06:39:22 GMT"
HOUSE HUNTED [Free] [Visual Novel] [Windows],"Thu, 12 May 2022 16:44:25 GMT"
Resident Evil 4: Otome Edition (ver 1.04) [Free] [Visual Novel] [Windows] [macOS] [Linux],"Sun, 31 Oct 2021 21:05:31 GMT"
Tentador Leches [Free] [Visual Novel] [Windows],"Tue, 20 Oct 2020 07:13:44 GMT"
The Second Circle: A HellTaker Fan Game [Free] [Visual Novel] [Windows] [macOS] [Linux],"Sat, 31 Oct 2020 15:20:34 GMT"
IMPOSTOR [Free] [Visual Novel] [Windows],"Fri, 23 Oct 2020 17:00:15 GMT"
Solipsism Reigns Otome/GxB Version [Free] [Visual Novel] [Windows] [macOS],"Sun, 07 May 2017 05:12:15 GMT"
Danganronpa: Bursting Love [Free] [Visual Novel] [Windows],"Tue, 15 Nov 2016 03:57:10 GMT"
Paws & Effect: My Dogs Are Human! [$4.99] [Visual Novel] [Windows] [macOS] [Linux],"Thu, 07 Apr 2016 20:24:29 GMT"
Home Office Hell [Free] [Visual Novel] [Windows] [macOS],"Fri, 05 Mar 2021 13:14:19 GMT"
Bugs & Kisses DEMO: Browser Version [Free] [Visual Novel],"Thu, 16 Feb 2017 04:08:58 GMT"
doubts [Free] [Interactive Fiction] [Windows] [macOS],"Fri, 12 Mar 2021 18:23:20 GMT"
Trashwing Crowchild [Free] [Visual Novel] [Windows] [Linux],"Wed, 27 Sep 2023 22:13:28 GMT"
Mad Room No.3 [Free] [Visual Novel] [Windows] [macOS],"Sat, 18 Mar 2023 13:46:44 GMT"
"Marry Me, Jaehee! [Free] [Visual Novel]","Mon, 28 Nov 2016 16:59:48 GMT"
Where the Two Flowers Meet [Free] [Visual Novel] [Windows] [macOS],"Thu, 20 Jul 2023 02:54:25 GMT"
By Lantern's Light [Free] [Visual Novel] [Windows],"Mon, 29 Oct 2018 00:44:52 GMT"
Withering Hour [Free] [Visual Novel] [Windows],"Sun, 02 Oct 2022 12:35:59 GMT"
Scent of Love [Free] [Visual Novel] [Windows],"Tue, 11 Feb 2020 02:09:30 GMT"
QMT: Quality Magic Tester [Free] [Visual Novel] [Windows],"Mon, 14 Nov 2022 02:31:59 GMT"
fⒶt [Free] [Visual Novel] [Windows],"Mon, 20 Sep 2021 00:50:40 GMT"
DOBROGNEVA [Free] [Visual Novel] [macOS],"Thu, 19 May 2016 21:06:04 GMT"
By Moonlight [Free] [Visual Novel] [Windows] [macOS],"Tue, 05 Feb 2019 22:20:26 GMT"
CC: The Girl Who Chants Love at The Edge of Time [0% Off] [Free] [Visual Novel],"Wed, 06 Jul 2022 08:01:01 GMT"
Of Blood And Shadows [Free] [Visual Novel],"Sun, 18 Nov 2018 09:32:20 GMT"
Tour de Akiba [Free] [Visual Novel] [Windows] [macOS],"Wed, 01 Jul 2015 21:20:40 GMT"
The Comfort Zone [Free] [Interactive Fiction],"Fri, 05 Mar 2021 13:32:56 GMT"
"Date Us, You Won't! [Free] [Visual Novel] [Windows]","Mon, 04 Apr 2022 04:02:20 GMT"
Monster Club [Free] [Visual Novel] [Windows] [macOS],"Fri, 17 Nov 2017 04:09:29 GMT"
Axo Away [Free] [Interactive Fiction] [Windows],"Fri, 05 Mar 2021 13:07:43 GMT"
SHOWTIME [Free] [Visual Novel] [Windows] [Linux],"Tue, 22 Mar 2022 22:49:53 GMT"
Beach☆Volley!! - Day 1 [Free] [Visual Novel],"Fri, 18 Aug 2017 01:38:23 GMT"
My Valentine - Visual Novel [Free] [Visual Novel],"Tue, 08 Feb 2022 18:40:24 GMT"
What's Your Sign? A Quiz! [Free] [Visual Novel] [Windows],"Sun, 16 Oct 2016 21:01:38 GMT"
Yordle Party [Free] [Visual Novel] [Windows],"Thu, 09 Mar 2023 17:17:30 GMT"
Limited Space [Free] [Visual Novel] [Windows],"Fri, 05 Mar 2021 13:33:44 GMT"
Personality Dating Sim [$1.99] [Visual Novel] [Windows],"Wed, 29 Jul 2020 06:35:59 GMT"
Mothdude [Free] [Visual Novel] [Windows] [Linux],"Tue, 14 Sep 2021 15:28:55 GMT"
A Place For Rest [Free] [Visual Novel],"Sun, 31 Jul 2022 03:12:12 GMT"
Aloe and Cal [Free] [Visual Novel],"Wed, 18 May 2016 04:38:51 GMT"
My Favorite Match [Free] [Other] [Windows] [macOS],"Thu, 17 Sep 2015 11:53:15 GMT"
"This Strange, Binary World [Free] [Simulation]","Thu, 09 Mar 2017 16:57:29 GMT"
The Void Club ch.3 [Free] [Visual Novel],"Sat, 02 Feb 2019 21:19:38 GMT"
1995 [Free] [Visual Novel],"Thu, 07 Jul 2022 16:39:56 GMT"
Hotel XXL [Free] [Visual Novel],"Sun, 04 Oct 2020 13:35:21 GMT"
SHOWTIME: STATIC [Free] [Visual Novel] [Windows],"Wed, 31 Aug 2022 22:14:59 GMT"
Mangotronics Employment Collection [$9.99] [Other] [Windows],"Sun, 22 May 2022 16:45:54 GMT"
DokiDoki fanmade [Free] [Visual Novel],"Fri, 18 May 2018 13:04:27 GMT"
Falling Deep [Free] [Visual Novel] [Windows],"Wed, 25 May 2022 00:29:47 GMT"
Eqo [Free] [Adventure] [Windows],"Sat, 06 May 2017 17:05:38 GMT"
One Spooky Night [Free] [Visual Novel] [Windows],"Wed, 23 Aug 2023 07:20:59 GMT"
Outcast Day1 - BTS [Free],"Sun, 14 Jan 2018 01:02:32 GMT"
The Second Circle v0.5 (April Fool's 2023) [Free] [Visual Novel] [Windows],"Fri, 13 Jan 2023 10:22:07 GMT"
The Hive Queen's First Dance [Free] [Visual Novel] [Windows],"Wed, 29 Mar 2023 14:33:08 GMT"
The Void Club ch.25 [Free] [Visual Novel],"Wed, 01 Dec 2021 18:36:18 GMT"
Reinquarantination [Free] [Interactive Fiction],"Fri, 05 Mar 2021 13:53:39 GMT"
Blue Christmas [Free] [Visual Novel],"Sun, 25 Dec 2016 04:11:08 GMT"
Dungeon Friends [Free] [Visual Novel],"Mon, 08 Mar 2021 13:04:44 GMT"
The Void Club ch.24 [Free] [Visual Novel],"Sat, 16 Oct 2021 16:12:45 GMT"
The Void Club ch.17 [Free] [Visual Novel],"Sat, 15 Aug 2020 12:10:37 GMT"
"It's The White Man's Burden, Charlie Brown! [Free] [Visual Novel] [Windows]","Thu, 28 Nov 2019 18:32:58 GMT"
The Arcana- A Fan Romance Christmas tale [Free] [Visual Novel],"Mon, 28 Dec 2020 15:28:21 GMT"
Where the Roots grow [Free] [Visual Novel] [Windows],"Sun, 07 May 2017 21:38:22 GMT"
Catroom Drama - Case 2 [Free] [Visual Novel] [Windows],"Wed, 06 Jul 2016 20:05:59 GMT"
Azalea [Free] [Visual Novel],"Fri, 12 Aug 2022 18:02:33 GMT"
Beneath the Crushing Sky [Free] [Visual Novel] [Windows],"Sun, 18 Sep 2022 01:53:56 GMT"
Disconnected [Free] [Interactive Fiction] [Windows] [macOS],"Fri, 05 Mar 2021 13:43:53 GMT"
SUICIDE SQUAD BTS - EPISODE 1 [Free] [Visual Novel],"Thu, 22 Nov 2018 22:37:25 GMT"
Blue Thistle Ghosts [Free] [Visual Novel] [Windows] [Linux],"Sun, 25 Sep 2022 16:41:08 GMT"
And They Were Roommates [Free],"Tue, 31 Aug 2021 08:09:22 GMT"
Mimsy & Friends! [Free] [Visual Novel] [Windows] [macOS] [Android],"Sat, 28 Nov 2020 16:55:30 GMT"
Catroom Drama - Case 1 [Free] [Visual Novel] [Windows],"Mon, 27 Jun 2016 17:19:41 GMT"
Mafia's Tea Party: Prologue [Free] [Visual Novel] [Windows],"Thu, 20 Apr 2023 06:38:45 GMT"
Outcast INTRO - BTS [Free] [Visual Novel],"Sun, 07 Jan 2018 17:35:16 GMT"
Genshin Impact Dottore Visual Novel: Lost [Free] [Visual Novel],"Fri, 28 Oct 2022 18:13:20 GMT"
Dai-Yamori-Kaiju: The Giant Gecko Monster [Free] [Visual Novel] [Windows] [macOS],"Wed, 26 Apr 2017 20:50:56 GMT"
strangers at night [Free] [Interactive Fiction] [Windows] [macOS],"Sat, 06 Mar 2021 23:42:36 GMT"
Clear Blue Skies Part One [Free] [Visual Novel],"Tue, 27 Sep 2022 04:55:06 GMT"
Help! I'm Trapped in a Dating Sim! [Free] [Visual Novel],"Sun, 01 Mar 2020 13:29:57 GMT"
RWBY - Reconstruction [Free] [Other],"Tue, 02 May 2017 02:18:36 GMT"
Reality Strikes [Free] [Visual Novel] [Windows],"Fri, 01 Oct 2021 03:07:05 GMT"
The Growing Prince [Free] [Visual Novel] [Windows],"Wed, 23 Feb 2022 09:03:14 GMT"
Eroda Digital Tour [Free] [Educational],"Tue, 26 Nov 2019 19:58:04 GMT"
trauma [Free] [Visual Novel] [Windows],"Fri, 01 Oct 2021 07:31:25 GMT"
Running Askew [Free] [Visual Novel] [Windows] [Linux],"Sun, 05 Feb 2017 01:11:33 GMT"
A Second Circle Valentine's Day [Free] [Visual Novel] [Windows],"Tue, 14 Feb 2023 10:52:29 GMT"
Food Court [Free] [Simulation],"Thu, 02 Jul 2015 03:19:25 GMT"
Moonshine and I - Sansevieria [Free] [Interactive Fiction] [Windows] [macOS],"Fri, 05 Mar 2021 12:52:57 GMT"
Mr. Gray and the Island Invasion [Free] [Visual Novel] [Windows] [macOS],"Sun, 16 Sep 2018 16:29:00 GMT"
Survive Maine [Free] [Visual Novel],"Mon, 13 Jul 2020 03:31:16 GMT"
Deadpool Dating Simulator [Free] [Visual Novel] [Windows],"Tue, 26 Apr 2016 19:25:57 GMT"
Room 400 [Free] [Visual Novel],"Sun, 18 Jul 2021 16:03:56 GMT"
STALKER STROKE English edition [Free] [Adventure] [Windows],"Wed, 29 Apr 2020 08:56:28 GMT"
How to put 3D models in TyranoBuilder [Free] [Visual Novel] [Windows],"Fri, 07 Apr 2017 14:44:29 GMT"
A Surprising Journey [Free] [Visual Novel],"Mon, 19 Jun 2023 23:13:11 GMT"
Way Back Home (Demo) [Free] [Visual Novel] [Windows] [Android],"Fri, 16 Sep 2022 14:09:59 GMT"
Loneliest Depths [Free] [Simulation] [macOS] [Linux],"Fri, 03 Mar 2023 14:40:21 GMT"
DejaBrew [An O2A2 VN Jam Game] [Free] [Visual Novel],"Sun, 18 Jul 2021 17:41:23 GMT"
"Chasing the Manic Pixie Dream Girl: A Game About Love, Consent, and Respect [Free] [Visual Novel]","Sun, 20 Mar 2016 05:35:27 GMT"
HOUSE HUNTED 1/2 [Free] [Visual Novel] [Windows],"Fri, 31 Mar 2023 22:46:36 GMT"
How to create a simple  mini game in TyranoBuilder [Free] [Visual Novel],"Sun, 23 Oct 2016 20:59:19 GMT"
The Watchers - (Play In Your Web Browser) [Free] [Visual Novel],"Mon, 13 Nov 2017 21:20:49 GMT"
All My Bowies [Free] [Visual Novel] [Windows],"Sat, 02 Jul 2016 02:11:54 GMT"
Bayou Bara Game [Free] [Visual Novel],"Sun, 24 Nov 2019 22:46:32 GMT"
Danganronpa Fanfic (DanganFanfic) v2 - New World Order Prologue (Character Intros) [Free] [Visual Novel],"Sun, 16 Sep 2018 13:23:28 GMT"
Crow & Foxy [Free] [Visual Novel] [Windows],"Sun, 20 Mar 2016 15:31:12 GMT"
Adrift: Going Nowhere [Free] [Simulation] [macOS] [Linux],"Fri, 31 Mar 2023 16:08:42 GMT"
Trapped [Free] [Educational],"Sat, 30 Dec 2017 06:44:44 GMT"
Roommates dating sim [Free] [Visual Novel],"Wed, 01 Apr 2020 19:08:12 GMT"
Floating Struggle [Free] [Visual Novel],"Fri, 05 Mar 2021 13:12:38 GMT"
EMERGENCY! Monster Team Chapter 0 [Free] [Visual Novel] [Windows] [macOS],"Tue, 31 Oct 2017 01:55:06 GMT"
Sport in social distance [Free] [Interactive Fiction] [Windows] [macOS],"Fri, 05 Mar 2021 14:41:59 GMT"
Secunda - Book of Tizian (Early Alpha) [Free] [Visual Novel] [Windows],"Mon, 18 Apr 2022 16:09:44 GMT"
Happy Memories [Free] [Visual Novel],"Sun, 14 Aug 2022 16:42:53 GMT"
Cowboy Detective [Free] [Interactive Fiction],"Tue, 09 Jun 2020 23:47:54 GMT"
Pick a Garden [Free] [Interactive Fiction] [Windows] [macOS],"Fri, 23 Jul 2021 15:40:30 GMT"
Lovey Dovey Aki! [Free] [Visual Novel] [Windows],"Fri, 01 Apr 2022 17:03:37 GMT"
The Man I Love [Free] [Visual Novel] [Windows],"Thu, 29 Oct 2015 14:34:31 GMT"
The Donald Trump Dating Simulator from Hell [Free] [Visual Novel],"Sun, 22 May 2016 23:33:47 GMT"
Depression In The Classroom [Free] [Educational],"Thu, 02 Dec 2021 04:58:59 GMT"
Betrothed [Free] [Visual Novel] [Windows],"Wed, 22 Apr 2015 02:11:06 GMT"
A Midsummer Dream: SasuSaku Visual Novel [Free] [Visual Novel],"Fri, 29 Jul 2022 08:10:00 GMT"
Once Upon a Doll Story [Free] [Visual Novel] [Windows] [macOS],"Tue, 18 Dec 2018 06:50:01 GMT"
A Trip to the Store at Night [Free] [Visual Novel] [Windows],"Mon, 24 Jan 2022 03:55:00 GMT"
RABBIT HAT: Origins [Free] [Visual Novel] [Windows],"Tue, 20 Dec 2022 23:42:47 GMT"
Doki Doki Friendship Club [Free] [Visual Novel],"Sat, 06 Aug 2022 21:25:17 GMT"
Minute Marriage [Free] [Visual Novel],"Sun, 21 Nov 2021 20:11:42 GMT"
Absent in the Rain [Free] [Visual Novel] [Windows],"Sat, 05 Aug 2023 15:45:48 GMT"
Ranboo wishes you happy birthday [Free] [Visual Novel],"Thu, 25 Mar 2021 23:45:06 GMT"
The Troubles of My Mind (VN) [Free] [Visual Novel],"Wed, 07 Sep 2016 16:39:36 GMT"
Homegrown [Free] [Interactive Fiction] [Windows],"Wed, 28 Jul 2021 13:01:07 GMT"
Wo ist Andrew! [Free] [Interactive Fiction],"Tue, 15 Mar 2022 16:23:24 GMT"
Mark My Words [Free] [Visual Novel],"Mon, 13 Apr 2020 01:02:34 GMT"
Lucia [Free] [Visual Novel],"Mon, 30 Jan 2023 01:02:17 GMT"
Eroda Show For Kids ! #VisitEroda [Free] [Educational],"Mon, 02 Dec 2019 00:02:05 GMT"
Bad Romance: A Down City Love Story [Free] [Visual Novel] [Windows],"Thu, 26 May 2022 06:23:30 GMT"
The Sickle Upon Sekigahara [$2.99] [Visual Novel] [Windows],"Sat, 15 Jun 2019 00:34:13 GMT"
ESA [Free] [Visual Novel] [Windows],"Fri, 05 May 2017 04:14:57 GMT"
YujinxTeki (Discontinued) [Free] [Visual Novel],"Sat, 28 Oct 2017 09:16:55 GMT"
Sina [Free] [Visual Novel] [Windows] [Android],"Fri, 03 Jun 2016 13:24:36 GMT"
Dont Feed Ducks! Jam Version [Free] [Visual Novel],"Sat, 19 Mar 2022 09:21:51 GMT"
Take The Job [Free] [Visual Novel],"Fri, 23 Jun 2017 05:28:25 GMT"
ADate Us [Free] [Interactive Fiction],"Fri, 23 Apr 2021 20:33:22 GMT"
Geto Gecko! [Free] [Visual Novel] [Windows],"Fri, 01 Apr 2022 14:23:47 GMT"
Sariel Goes on a Walk [Free] [Visual Novel] [Windows] [macOS],"Sun, 23 May 2021 11:57:30 GMT"
"Pale Sand, Dark Skies [Free] [Visual Novel] [Windows] [Android]","Sun, 27 Sep 2020 22:20:23 GMT"
On Affliction and Affection [Free] [Visual Novel] [Windows],"Tue, 04 Aug 2020 23:14:53 GMT"
Vitalyverse - Prologue [Free] [Visual Novel] [Windows],"Sat, 01 Aug 2020 10:31:51 GMT"
Verjaded [Free] [Visual Novel] [Windows] [macOS],"Sun, 18 Jul 2021 21:56:45 GMT"
A House I Didn't Build: Game Jam [Free] [Visual Novel],"Fri, 07 Jul 2023 22:31:09 GMT"
Love Machine [£1.00] [Visual Novel],"Sun, 10 Jun 2018 08:59:01 GMT"
Daughter [Free] [Visual Novel],"Sun, 20 Mar 2022 09:04:00 GMT"
Leather Bound Love Demo [Free] [Visual Novel] [Windows],"Mon, 13 Feb 2023 04:36:54 GMT"
A Helping Hand (German Version) [Free] [Visual Novel],"Sat, 19 Mar 2022 08:46:37 GMT"
Peripeteia: Land of Folklore [Free] [Visual Novel] [Windows] [macOS],"Wed, 17 Feb 2021 03:02:39 GMT"
Death to Eerick (Prototype demo) [Free] [Visual Novel] [Windows],"Sun, 02 Apr 2023 15:28:53 GMT"
Genshin Impact Dottore Visual Novel: Lost Chapter 2 [Free] [Visual Novel],"Fri, 23 Dec 2022 15:46:03 GMT"
Hunderian - Part 1 [Free] [Action],"Thu, 04 Feb 2021 04:20:59 GMT"
Date Tattoo Artist Gaara [Free] [Visual Novel] [Windows],"Mon, 04 Apr 2022 05:38:50 GMT"
I Am Not A Moth [Free] [Visual Novel],"Thu, 02 Mar 2023 04:07:02 GMT"
Called Home [Free] [Visual Novel],"Fri, 10 Apr 2020 14:37:19 GMT"
Hachi Quest: The Mountain King [Free] [Visual Novel] [Windows],"Mon, 27 Mar 2023 08:51:01 GMT"
Memory Remake (Demo) [Free] [Visual Novel],"Sun, 07 May 2017 23:03:17 GMT"
This Too Shall Pass [Free] [Visual Novel] [Windows] [macOS],"Thu, 09 Mar 2017 15:09:22 GMT"
Doki Doki Aids [Free] [Action],"Mon, 04 May 2020 00:33:16 GMT"
Royal Duality [Free] [Visual Novel] [Windows] [macOS],"Mon, 01 Mar 2021 23:10:48 GMT"
Strawberry Shortcake [Free] [Visual Novel],"Thu, 19 Jan 2023 21:04:53 GMT"
Heartbeat - Painting Your Heart [Free] [Visual Novel],"Wed, 18 Nov 2020 05:00:44 GMT"
My Massive Roommates [Free] [Visual Novel] [Windows],"Thu, 31 Aug 2023 23:14:25 GMT"
HOME [Free] [Visual Novel],"Sun, 07 Mar 2021 19:11:45 GMT"
The Refenestration of Prague [Free] [Visual Novel] [Windows] [Linux],"Wed, 03 May 2017 14:57:28 GMT"
To Fall In Love With A Vending Machine [Free] [Visual Novel],"Thu, 06 Jul 2023 23:34:09 GMT"
Howard's new toy [Free] [Visual Novel] [Windows],"Sun, 24 Jul 2022 21:52:38 GMT"
Tekno [Free] [Visual Novel],"Tue, 16 Mar 2021 00:33:33 GMT"
Friendsim Fangame: Fan Edition [Free] [Role Playing],"Sat, 29 Dec 2018 06:00:49 GMT"
Bluebirdplays Terraria [Free] [Other],"Wed, 19 Aug 2015 11:20:47 GMT"
vtuber extreme fighter extreme [Free] [Fighting],"Tue, 06 Apr 2021 21:56:06 GMT"
TWO HEARTS (CHAPTER 1) [Free] [Visual Novel],"Thu, 28 Oct 2021 04:02:22 GMT"
Cult [Free] [Adventure],"Wed, 03 Mar 2021 17:55:19 GMT"
I know you are having fun (but I'm still working) [Free] [Visual Novel] [Windows] [macOS],"Tue, 21 Apr 2015 22:36:06 GMT"
A Flamingo Tail [Free] [Visual Novel] [Windows],"Wed, 09 Sep 2015 19:45:28 GMT"
Subway ride [Free] [Visual Novel],"Fri, 29 Jul 2022 01:31:26 GMT"
Der Besuch [Free] [Visual Novel],"Sat, 19 Mar 2022 10:31:39 GMT"
Rivals in the reality show (Gay Romance Visual Novel) [$5.00] [Visual Novel] [Windows],"Sat, 22 May 2021 15:55:48 GMT"
Paths of Love [Free] [Interactive Fiction],"Wed, 10 Mar 2021 20:13:29 GMT"
Haiku Therapy [Free] [Visual Novel],"Sat, 19 Mar 2022 17:27:09 GMT"
Winter Fever - Markings Side Story [Free] [Visual Novel] [Windows] [macOS],"Sat, 01 Feb 2020 06:10:30 GMT"
Greenwood: Amaranthus (browser vers!) [Free] [Visual Novel],"Wed, 24 Mar 2021 23:06:13 GMT"
Luscengola [Free] [Visual Novel] [Windows] [macOS],"Sat, 06 May 2017 22:59:41 GMT"
The Hungry House [Free] [Visual Novel] [Windows] [macOS],"Sun, 05 Mar 2017 18:00:47 GMT"
Life Sucks - As Luck Would Have It - A Demo [Free] [Visual Novel] [Windows],"Fri, 04 Nov 2016 00:04:40 GMT"
The Kingdom [Free] [Visual Novel],"Mon, 05 Dec 2016 19:05:56 GMT"
Decieved by Beauty [Free] [Visual Novel],"Sun, 08 Dec 2019 16:37:07 GMT"
Sleepwalking Forest 몽유림 (Sound Novel) [Free] [Visual Novel] [Windows] [macOS],"Wed, 18 Oct 2017 07:46:28 GMT"
No More Regrets [Free] [Visual Novel] [Windows] [Linux],"Mon, 04 Apr 2022 23:23:20 GMT"
a touch of romance [Free] [Visual Novel] [Windows],"Thu, 21 Feb 2019 03:11:01 GMT"
New Earth Voyagers [Free] [Visual Novel] [Windows],"Sun, 30 Jul 2023 20:48:17 GMT"
High School Blues [Free] [Visual Novel],"Mon, 15 Aug 2022 08:03:16 GMT"
Recollect [Free] [Visual Novel] [Windows] [macOS] [Linux] [Android],"Sun, 16 Oct 2022 22:44:10 GMT"
The Yellow Wallpaper [Free] [Visual Novel],"Tue, 13 Jul 2021 12:31:14 GMT"
Monster of Alisher [Free] [Visual Novel] [Windows],"Sat, 29 Aug 2020 15:10:32 GMT"
PORTRAIT PAYSAGE /// Evelyne et Marie-Christine /// 1962 - 1968 [Free] [Interactive Fiction],"Tue, 21 Apr 2020 15:55:25 GMT"
BloomWell [DEMO RELEASED] [Free] [Visual Novel] [Windows] [Linux],"Thu, 27 Apr 2023 21:46:22 GMT"
Uwaki Hittoman (V0.97) [Free] [Visual Novel] [Windows] [macOS],"Wed, 30 Nov 2016 22:21:51 GMT"
(old)Black Diary |Chapter One| [Proof of Concept] [Free] [Interactive Fiction] [Windows] [macOS],"Fri, 01 Sep 2017 18:25:02 GMT"
Cryptic Dating [$1.00] [Visual Novel] [Windows] [macOS],"Tue, 09 May 2023 06:01:14 GMT"
Confession Deep-Sixed [Free] [Visual Novel],"Fri, 16 Jul 2021 07:14:15 GMT"
At The Shoe Store [Free] [Visual Novel] [macOS],"Fri, 06 May 2016 14:43:16 GMT"
Sumi [Free] [Interactive Fiction],"Sat, 29 Aug 2020 02:25:38 GMT"
A Very Fairy Tea Party (Demo) [Free] [Visual Novel] [Windows],"Sun, 30 Apr 2023 16:43:31 GMT"
How Its Maed [Free] [Interactive Fiction],"Thu, 15 Apr 2021 01:53:45 GMT"
Notail Dating Sim [Free] [Visual Novel],"Thu, 23 Aug 2018 00:56:28 GMT"
ANDY [Free] [Visual Novel],"Wed, 21 Apr 2021 23:15:13 GMT"
Leg Tinder [Free] [Visual Novel],"Thu, 18 Nov 2021 13:16:25 GMT"
Shadow Glass [Free] [Interactive Fiction],"Mon, 14 Jun 2021 21:20:37 GMT"
Future Perfect [Free] [Visual Novel] [Windows] [macOS],"Sun, 07 May 2017 22:06:35 GMT"
Perfect Acting (Gay Romance Visual Novel) [$5.00] [Visual Novel] [Windows],"Tue, 08 Jun 2021 07:42:02 GMT"
Polar Opposites [Free] [Visual Novel] [Windows],"Fri, 31 Dec 2021 17:36:38 GMT"
ハイブクィーンのファーストダンス [Free] [Visual Novel],"Fri, 31 Mar 2023 10:18:33 GMT"
Our Love [Free] [Visual Novel],"Sun, 20 May 2018 00:40:15 GMT"
"There's this robot chick, she wants pizza. How may I help? [Free] [Interactive Fiction]","Tue, 06 Nov 2018 09:47:14 GMT"
蜂后的第一支舞 [Free] [Visual Novel],"Fri, 31 Mar 2023 19:12:03 GMT"
The Villain and the Gentleman Demo [Free] [Visual Novel] [Windows],"Fri, 18 Sep 2020 01:37:11 GMT"
"Candy, Costumes, & Canines?!? [Free] [Visual Novel] [Windows]","Thu, 14 Sep 2023 05:50:32 GMT"
Moonlight Lake [Free] [Visual Novel],"Thu, 08 Dec 2016 20:49:53 GMT"
Terror and Romance at Ohio high(demo) [Free] [Visual Novel],"Mon, 30 Jan 2023 23:12:54 GMT"
Visual Novel Game by JLI Students [Free] [Role Playing],"Fri, 16 Oct 2015 20:26:07 GMT"
BFF [Free] [Visual Novel],"Thu, 05 May 2022 14:16:23 GMT"
Miku Cult Quest Simulator [Free],"Thu, 16 Apr 2020 22:40:07 GMT"
Magical you (Revamped) [Free] [Visual Novel] [Windows],"Tue, 09 Nov 2021 03:49:24 GMT"
Something Black 물 아래 검은 (Sound Novel) [Free] [Visual Novel] [Windows] [macOS],"Wed, 18 Oct 2017 07:14:02 GMT"
TWO HEARTS (CHAPTER 2) [Free] [Visual Novel] [Windows],"Mon, 20 Dec 2021 01:57:37 GMT"
Jack Confesses His Sins [Free] [Visual Novel],"Sun, 05 Jul 2020 23:02:07 GMT"
Endrehina Dao [Free] [Visual Novel] [Windows] [macOS] [Android],"Wed, 19 May 2021 23:04:42 GMT"
STAG (Sound Novel) [Free] [Interactive Fiction],"Tue, 23 Feb 2021 01:15:02 GMT"
The Good The Bad And The Bunny VN DEMO 2.0 [Free] [Visual Novel],"Sun, 25 Aug 2019 00:43:25 GMT"
Sudno Bar [Free] [Visual Novel],"Fri, 15 Jan 2021 14:06:41 GMT"
Cats [Free],"Thu, 18 Nov 2021 17:05:40 GMT"
Clear Blue Skies Part Two [Free] [Visual Novel],"Wed, 12 Oct 2022 07:18:09 GMT"
Monster Match [Free] [Visual Novel],"Sat, 14 Oct 2023 20:57:28 GMT"
Snowball Simulator [Free],"Wed, 12 Jan 2022 23:41:42 GMT"
The Hot Sauce Festival [Free] [Visual Novel],"Mon, 31 Jul 2023 23:11:52 GMT"
That's Not Cool! [Free] [Visual Novel] [Windows] [macOS],"Fri, 17 Jan 2020 17:29:30 GMT"
Bittersweet Honey Cake [Free] [Visual Novel],"Tue, 17 May 2016 10:28:24 GMT"
brams big nightmare [Free] [Educational],"Sun, 13 Sep 2020 11:47:09 GMT"
Creativity: AI x Human [Free] [Educational],"Sun, 23 Apr 2017 00:18:07 GMT"
Reclaim your treasure [Free] [Visual Novel] [Windows],"Fri, 09 Oct 2020 22:55:33 GMT"
Tellers Tale [Free] [Visual Novel],"Fri, 05 Aug 2022 16:36:02 GMT"
Fatal Paws Free Browser Demo [Free] [Visual Novel],"Sat, 16 Oct 2021 06:11:16 GMT"
Chocolate Mango [Free] [Visual Novel],"Sat, 28 May 2022 16:31:44 GMT"
play me [Free] [Visual Novel],"Sat, 07 Sep 2019 06:14:29 GMT"
Splinter City OCT: Audition [Free] [Visual Novel],"Mon, 16 Aug 2021 03:14:00 GMT"
Nova [Free] [Visual Novel],"Sat, 16 Apr 2022 01:25:09 GMT"
Spider [Free] [Visual Novel],"Wed, 26 Jul 2023 05:02:14 GMT"
Wake Up [Free] [Visual Novel],"Tue, 16 Nov 2021 18:53:00 GMT"
First Impressions [Free] [Adventure],"Tue, 16 Nov 2021 18:30:45 GMT"
Pengo's Day [Free] [Visual Novel] [Windows],"Fri, 08 Apr 2016 04:59:21 GMT"
Martini's & Murder 2.1 [Free] [Visual Novel],"Sun, 24 Oct 2021 01:28:51 GMT"
Enshrined [Free] [Visual Novel] [Windows],"Sun, 10 Apr 2022 07:18:25 GMT"
Countdown [Free] [Visual Novel],"Fri, 08 Oct 2021 18:53:14 GMT"
Nova [Free],"Thu, 18 Nov 2021 18:10:21 GMT"
Bridget's Day Out (Demo) [Free] [Visual Novel],"Sat, 24 Jun 2023 04:14:32 GMT"
Cookie Crumble [Free],"Thu, 18 Nov 2021 16:53:33 GMT"
"Curt Corona, Private Eye [Free] [Interactive Fiction]","Mon, 03 Dec 2018 06:56:45 GMT"
Pugventure [Free] [Visual Novel],"Thu, 23 Sep 2021 17:16:59 GMT"
The ppFoot Dating Sim [Free] [Visual Novel],"Sun, 11 Apr 2021 21:30:49 GMT"
Tea Detective: Fun time in jail! [Free] [Visual Novel] [Windows],"Mon, 04 Sep 2023 15:32:29 GMT"
All is Fair in Dust and Air [$4.99] [Visual Novel] [Windows] [macOS] [Android],"Wed, 06 Oct 2021 06:52:04 GMT"
Howard's new toy - RUS [Free] [Visual Novel] [Windows],"Wed, 20 Jul 2022 16:49:10 GMT"
It gets easier [Free] [Visual Novel],"Sat, 02 Oct 2021 00:23:52 GMT"
Scaramouche Wanderer Date [Free] [Visual Novel],"Sun, 15 Jan 2023 09:02:19 GMT"
Our Years Together (DEMO) [Free] [Visual Novel] [Windows],"Sun, 22 Jul 2018 03:40:08 GMT"
The Puppet Master [Free] [Visual Novel] [Windows],"Tue, 15 Sep 2015 14:31:02 GMT"
Forest Manager [Free] [Educational],"Mon, 12 Nov 2018 03:20:52 GMT"
The Remission of Sins [$11.99] [Visual Novel] [Windows] [macOS],"Thu, 12 Nov 2020 00:48:35 GMT"
Estimation VN [Free],"Fri, 01 Apr 2022 17:18:14 GMT"
Searching For Dove [Free] [Visual Novel] [Windows] [Android],"Mon, 15 Jun 2020 18:34:56 GMT"
Finals!Finals!Finals! [Free] [Visual Novel],"Tue, 13 Mar 2018 21:49:23 GMT"
Déjà-Vu Nightmare (Pre-Release Beta Build) [Free] [Visual Novel] [Windows],"Fri, 27 Dec 2019 20:45:09 GMT"
Pawsome Pals: A Dog Dating Agency [Free] [Visual Novel] [Windows] [macOS],"Mon, 20 Aug 2018 10:03:36 GMT"
Solo Q [Free] [Visual Novel],"Thu, 27 Oct 2016 22:38:09 GMT"
Nathalia Dating Simulator [Free] [Interactive Fiction] [Windows],"Tue, 06 Nov 2018 01:48:18 GMT"
Fiddlers' Green [Mini!] [Free] [Puzzle] [Windows],"Mon, 25 Jul 2022 01:49:38 GMT"
Four Horsemen [Free] [Visual Novel],"Sun, 22 Jan 2017 06:29:36 GMT"
Leave You Behind - HTML 5 EDITION [Free],"Sat, 19 Sep 2015 04:01:55 GMT"
Starting Stats Tyranobuilder Demo [Free] [Visual Novel] [Windows] [macOS] [Linux] [Android],"Wed, 24 Aug 2016 09:46:27 GMT"
Retro Game Aliens [Free] [Adventure] [Windows],"Thu, 18 Jun 2020 09:43:17 GMT"
One Order of Love To Go: An I-Goth Dating Sim [Free] [Visual Novel] [Windows],"Thu, 01 Apr 2021 19:45:35 GMT"
Tyrano Noir [Free] [Visual Novel] [Windows],"Wed, 16 Sep 2015 22:03:10 GMT"
From the Ashes [Free] [Visual Novel] [Windows],"Thu, 04 May 2017 21:57:48 GMT"
Bobby The Bladder [Free] [Educational],"Thu, 24 Mar 2022 16:09:24 GMT"
Lock & Key: Markings Side Story [Free] [Visual Novel] [Windows] [macOS],"Mon, 10 Feb 2020 00:48:29 GMT"
KOUKOU DABORA! [Free] [Visual Novel] [Windows] [macOS],"Wed, 27 May 2020 20:19:32 GMT"
Damocles Trial [Free] [Visual Novel] [Windows],"Thu, 24 Dec 2020 14:08:25 GMT"
KDA Hot Date [Free] [Visual Novel],"Thu, 16 Mar 2023 22:02:47 GMT"
The Gemini [Free] [Visual Novel],"Sun, 29 Aug 2021 01:22:53 GMT"
Suki Story VN [4.99€] [Visual Novel] [Windows] [macOS],"Thu, 17 Dec 2020 19:27:28 GMT"
Baggage [Free] [Interactive Fiction],"Sat, 30 Sep 2023 03:09:47 GMT"
Serendipia Beta [Free] [Visual Novel] [Windows] [Android],"Fri, 22 Oct 2021 01:58:51 GMT"
Competitive Endurance Manipulation [Free] [Visual Novel],"Sat, 11 Apr 2020 03:41:34 GMT"
L'affaire Powell [Free] [Visual Novel] [Windows] [macOS],"Mon, 12 Jul 2021 07:32:38 GMT"
A Life Fully Lived [Free] [Visual Novel] [Windows],"Thu, 20 Apr 2017 03:40:40 GMT"
logicarella [Free] [Visual Novel],"Thu, 03 Mar 2016 13:40:17 GMT"
PMQuest [Free] [Windows] [macOS],"Thu, 22 Oct 2020 20:28:38 GMT"
Thy Lacking Evidence [Free] [Visual Novel] [Windows],"Sun, 02 Apr 2023 04:27:35 GMT"
Old  World Blues: Update Simulator [Free] [Visual Novel],"Thu, 25 Jul 2019 10:35:27 GMT"
Fragmented Love [Free] [Visual Novel] [Windows],"Tue, 11 May 2021 00:42:11 GMT"
Zchool: The Secret Record [Free] [Visual Novel],"Fri, 10 Mar 2023 18:00:22 GMT"
The Seeds We Planted: A Dragon Moms Flashback [Free] [Other],"Mon, 25 Jul 2016 15:25:38 GMT"
Short Story [Free] [Visual Novel] [Windows],"Wed, 12 Feb 2020 20:48:33 GMT"
Personum Pauperis [Free] [Visual Novel] [Windows],"Thu, 25 Jun 2020 01:35:55 GMT"
Dillard What? [Free] [Visual Novel],"Tue, 31 Aug 2021 17:35:04 GMT"
i heart you... (Demo) [Free] [Visual Novel],"Mon, 26 Sep 2022 02:44:30 GMT"
Wished Away [Free] [Visual Novel] [Windows] [macOS],"Sun, 23 Sep 2018 08:39:23 GMT"
Kindness for the Dead [Free] [Windows],"Mon, 25 Sep 2023 04:44:36 GMT"
Veins - Episode 0 - Absent [Free] [Other] [Windows],"Mon, 08 Apr 2019 14:13:45 GMT"
Connor's House High 2 [Free] [Visual Novel],"Wed, 17 Nov 2021 15:53:23 GMT"
My University's Clubs Are Boring So I Decided To Make One Myself [Free] [Visual Novel] [Windows] [macOS],"Tue, 13 Apr 2021 05:39:05 GMT"
Cyberpunk Cop Killer [Free] [Adventure],"Thu, 23 Apr 2015 23:23:57 GMT"
Two and a Half Dino Men [Free] [Visual Novel] [Windows],"Fri, 28 Jan 2022 08:13:22 GMT"
Huehuecoyotl: ¿Can we see each other again after I die? [Free] [Visual Novel],"Tue, 23 Aug 2022 17:55:53 GMT"
Süleyman! He's the man! [Free] [Visual Novel] [Windows],"Mon, 04 Apr 2022 05:33:22 GMT"
Boyfriend In Space (Gay Romance Visual Novel) [$5.00] [Visual Novel] [Windows],"Sat, 27 Mar 2021 14:43:55 GMT"
Otometo [Free] [Visual Novel] [Windows],"Wed, 09 Dec 2020 07:08:28 GMT"
Fuseline [Free] [Visual Novel] [Windows],"Wed, 23 Sep 2020 14:52:59 GMT"
Eclipse [Free] [Simulation] [Windows] [macOS] [Linux] [Android],"Thu, 07 Sep 2017 16:24:07 GMT"
Tomorrow Never Comes [Free] [Visual Novel] [Windows],"Wed, 28 Jun 2023 18:15:19 GMT"
NULLIFIDIAN [Free] [Interactive Fiction],"Wed, 30 Nov 2022 20:46:06 GMT"
Dead River Prelude (Demo) [Free] [Visual Novel],"Mon, 12 Sep 2022 19:39:23 GMT"
talk to me [Free] [Visual Novel],"Wed, 21 Apr 2021 02:18:17 GMT"
The Sky Above [Free] [Visual Novel] [Windows],"Sat, 19 Feb 2022 10:04:11 GMT"
Return To Planet Zithon [Free] [Visual Novel] [Windows] [macOS],"Sat, 30 Jan 2021 14:55:44 GMT"
Spiderweb Sonnet (WIP) [Free] [Visual Novel],"Sun, 08 Jan 2023 13:51:35 GMT"
My Sister Decided To Listen to A Music Cd Backwards and Now She Turned Into a Cat Girl Do I comfort her? [Free] [Visual Novel],"Wed, 28 Nov 2018 19:24:58 GMT"
In Focus: Synerva - JP/HU [Free] [Visual Novel],"Sun, 30 Aug 2020 01:07:26 GMT"
::Seraphim torus:: [Free] [Visual Novel],"Tue, 10 Jul 2018 05:24:52 GMT"
Again to Roam: Prologue [Free] [Visual Novel] [Windows],"Mon, 07 Mar 2022 04:21:48 GMT"
Milkshakes Thorn scene WIP [Free] [Visual Novel],"Wed, 18 Jul 2018 05:16:32 GMT"
Senpai Mai Demo [Free] [Simulation],"Fri, 18 Mar 2016 00:34:50 GMT"
Keeping Watch [Free] [Visual Novel],"Thu, 07 Jul 2022 11:25:52 GMT"
Nibelung [Free] [Visual Novel] [Windows],"Tue, 17 Jul 2018 03:26:06 GMT"
How to become a good demon-daddy 1 v1.0 (GER) [Free] [Visual Novel],"Thu, 13 Feb 2020 15:01:19 GMT"
miyako and the stolen notebook [Free] [Other],"Sun, 05 Jan 2020 18:29:35 GMT"
mushroom flower [Free] [Visual Novel],"Wed, 23 Oct 2019 18:32:02 GMT"
AION [Free] [Interactive Fiction],"Tue, 18 Oct 2022 08:45:50 GMT"
LITOST [Free] [Interactive Fiction],"Tue, 02 Feb 2021 23:37:57 GMT"
Bestias Durmientes [Free] [Interactive Fiction] [Windows],"Mon, 29 Apr 2019 18:30:47 GMT"
A Demonstrative Apparition [Free] [Visual Novel] [Windows],"Mon, 14 Nov 2016 01:33:31 GMT"
Just an Average Man! [Free] [Visual Novel] [Windows] [Linux] [Android],"Tue, 16 May 2023 16:58:42 GMT"
VR szemüveg ajánló [Free] [Educational],"Mon, 28 Jun 2021 09:20:40 GMT"
False Summer Memories [Free] [Visual Novel] [Windows],"Fri, 22 Oct 2021 11:08:43 GMT"
The House of Youtubers (Visual Novel Demo) [Free] [Visual Novel],"Sat, 28 Dec 2019 18:00:06 GMT"
The Life Inside [Free] [Visual Novel],"Fri, 05 May 2017 22:28:21 GMT"
Edith Victoria (Demo) [Free] [Visual Novel],"Sun, 15 Sep 2019 16:50:45 GMT"
The Quest to the Heights [Free] [Visual Novel],"Tue, 03 Aug 2021 07:18:03 GMT"
Sacramento Jones [Free] [Adventure],"Mon, 12 Dec 2016 04:30:06 GMT"
CyTe City [Free] [Visual Novel],"Fri, 31 May 2019 10:50:05 GMT"
Chance (opening chapter only) [Free] [Visual Novel],"Fri, 12 Mar 2021 02:04:28 GMT"
Hoppu [Free] [Visual Novel],"Tue, 13 Apr 2021 08:30:46 GMT"
PAD 4th Anniversary [Free],"Wed, 09 Nov 2016 00:24:15 GMT"
Evil Pix [Free] [Visual Novel],"Tue, 10 May 2022 10:18:06 GMT"
Opinnäyteprojekti - Interaktiivinen Itch.io Ohje [Free] [Educational] [Windows],"Tue, 27 Apr 2021 06:35:32 GMT"
Gekka (月花) [Free] [Visual Novel],"Fri, 03 Feb 2023 13:02:21 GMT"
BLACK SPIRIT [Free] [Visual Novel],"Sat, 09 Oct 2021 00:59:23 GMT"
Grandes Pyramides [Free] [Visual Novel] [Windows] [macOS],"Tue, 15 Jun 2021 12:31:41 GMT"
First Date [Free] [Visual Novel],"Sat, 13 Feb 2021 06:40:20 GMT"
The Hobbit Game [Free] [Adventure],"Fri, 03 Aug 2018 23:43:09 GMT"
Duaility of Her [Free] [Visual Novel],"Thu, 08 Sep 2022 02:14:02 GMT"
What The Heck Are Bots!? (VN Pre-Alpha) [Free] [Visual Novel],"Mon, 11 Nov 2019 06:42:53 GMT"
De ti me enamore [Free],"Fri, 14 Apr 2023 15:58:44 GMT"
Thanksgiving at my House [Free] [Visual Novel],"Wed, 29 Apr 2020 02:59:40 GMT"
Frog or Toad [Free] [Educational],"Tue, 23 Jun 2020 00:08:43 GMT"
L'attaque des Gitans [Free] [Visual Novel],"Wed, 16 Sep 2020 12:32:18 GMT"
Blue [Free] [Simulation],"Tue, 02 Feb 2016 06:08:31 GMT"
Royal Silver Tin Cinema [Free] [Visual Novel],"Mon, 01 Jul 2019 04:28:04 GMT"
AnimeInReality [Free] [Other],"Wed, 04 May 2016 21:16:22 GMT"
Passing the Trash at So Fun University (SFU) [Free] [Visual Novel],"Thu, 16 Apr 2020 01:40:44 GMT"
Bunny Brown vs The Bake Sale [Free] [Visual Novel] [Windows] [macOS],"Sun, 30 Jun 2019 01:37:52 GMT"
PR-VN [Free] [Visual Novel],"Tue, 11 Apr 2017 16:15:02 GMT"
Re☆ch! [$5.00] [Visual Novel] [Windows],"Sat, 01 Oct 2022 09:30:49 GMT"
Reapers Critic [Free] [Visual Novel],"Fri, 25 Aug 2017 23:49:25 GMT"
Thank You Mr. Bell [Free] [Visual Novel],"Fri, 27 Aug 2021 02:24:32 GMT"
Heart's Confession (Test) [Free] [Visual Novel],"Sat, 23 Jan 2021 18:06:51 GMT"
Dream Seeker: PTIK UNJ [Free] [Adventure] [Windows],"Sun, 08 Nov 2020 05:26:37 GMT"
"My Friend, Yeti [Free] [Visual Novel]","Wed, 27 Feb 2019 21:41:27 GMT"
UM DIA NO MUSEU [Free],"Wed, 09 Jun 2021 21:43:15 GMT"
Last Hours [Free] [Visual Novel],"Sun, 04 Oct 2020 03:22:54 GMT"
How To Get To Hades'town [Free] [Role Playing],"Fri, 08 Jan 2021 20:18:38 GMT"
Death's Messenger [Free],"Sat, 29 May 2021 09:50:26 GMT"
Currency of Fate [Free] [Platformer] [Windows],"Mon, 09 Jan 2023 06:03:54 GMT"
Meet Cute the Game [Free] [Visual Novel],"Fri, 09 Jul 2021 20:00:15 GMT"
REM [Free] [Visual Novel] [Windows],"Mon, 28 Aug 2023 13:10:19 GMT"
Brisa de Verano [Free] [Visual Novel],"Tue, 30 Mar 2021 17:58:12 GMT"
Magia para o Amor(versão demo) [Free] [Visual Novel],"Sat, 03 Jul 2021 02:59:41 GMT"
Gone Gray Test Game [Free] [Visual Novel],"Sun, 16 Jan 2022 07:35:45 GMT"
Fairies vs Giants [Free] [Visual Novel],"Thu, 18 Nov 2021 01:51:13 GMT"
burmy berry hunt [Free] [Adventure],"Fri, 20 Dec 2019 21:38:01 GMT"
NETABOKU -A robot girl changes my life as a bedridden boy- [$9.99] [Visual Novel] [Windows] [macOS],"Mon, 21 Dec 2020 16:14:47 GMT"
Gigi Bungsuku [Free] [Educational],"Fri, 06 Nov 2020 09:38:06 GMT"
AlcoDream [Free] [Visual Novel] [Windows],"Thu, 03 Jan 2019 08:18:01 GMT"
Flower Office [Free] [Interactive Fiction],"Sat, 01 May 2021 00:03:40 GMT"
Ace Tolentino [Free] [Interactive Fiction],"Wed, 15 Jun 2022 02:30:06 GMT"
Nightshift At Fredbears [Free] [Visual Novel] [Windows],"Fri, 27 Jan 2023 02:43:01 GMT"
Eshu Elegbara: God of Crossroads [Free] [Visual Novel],"Mon, 25 May 2020 15:45:13 GMT"
きりんたんから逃げるな [Free] [Role Playing],"Sat, 17 Oct 2020 01:07:48 GMT"
The Butterfly And The Apple Tree (HTML) [Free] [Visual Novel],"Fri, 01 Jan 2016 20:02:39 GMT"
Patagonia: Journey to the Amazon Rainforest [Free] [Interactive Fiction],"Tue, 09 Jun 2020 13:01:22 GMT"
Demon Wraith (Demo web version) [Free] [Visual Novel],"Mon, 18 Feb 2019 03:31:40 GMT"
Basic English With Xero [Free] [Educational],"Wed, 12 Oct 2022 13:52:38 GMT"
{InsertNameHere} (Visual Novel) [Free] [Role Playing],"Sat, 30 May 2015 16:29:41 GMT"
The Ultimates [Free] [Visual Novel],"Mon, 12 Dec 2016 07:54:55 GMT"
Das Heinzelmädchen [Free] [Visual Novel],"Thu, 25 Apr 2019 16:16:59 GMT"
Vinolium [Free] [Visual Novel],"Mon, 24 Feb 2020 14:59:27 GMT"
Breaking the Thing at the Mall [Free] [Visual Novel],"Sun, 08 Oct 2023 04:00:36 GMT"
Começos [Free] [Visual Novel] [Windows] [Linux],"Fri, 04 Dec 2020 00:14:48 GMT"
CMYK Episode 1 [Free] [Visual Novel],"Wed, 11 May 2016 11:49:04 GMT"
A Bruxa [Free] [Simulation],"Sat, 17 Jun 2017 17:37:06 GMT"
4000 Earths Later [Free] [Visual Novel],"Fri, 30 Mar 2018 10:29:10 GMT"
Auto Save [Free] [Puzzle],"Wed, 09 Mar 2016 21:39:02 GMT"
The Scent of Strange Men DEMO [Free] [Visual Novel],"Mon, 30 May 2016 22:29:42 GMT"
The eye of curse - นิมิตรเนตรญาณ [Free] [Visual Novel],"Fri, 20 Jan 2023 11:52:14 GMT"
Explorando o tamanduá-bandeira [Free] [Educational],"Fri, 18 Jun 2021 23:47:56 GMT"
Final para un cuento fantástico [Free] [Visual Novel],"Mon, 17 Oct 2022 20:52:02 GMT"
Amy's Anxious Day [Free] [Visual Novel],"Sat, 19 May 2018 23:09:19 GMT"
My name [Free] [Visual Novel],"Sat, 25 Sep 2021 04:07:42 GMT"
Smart Life (Web Version) [Free] [Visual Novel],"Sun, 17 Jul 2022 16:28:54 GMT"
Curse of Raehn Test [Free],"Tue, 22 Sep 2020 22:46:54 GMT"
Trailer: Evolution Earth! [Free] [Adventure],"Sun, 13 Sep 2020 17:46:52 GMT"
Bloodied Downs: Thomorian Beachhead 2016 [Free] [Visual Novel],"Fri, 20 May 2016 02:45:22 GMT"
Game [Free] [Educational] [Windows] [macOS] [Linux] [Android],"Thu, 26 Nov 2020 12:15:53 GMT"
Project VA [Free] [Visual Novel],"Thu, 28 Jan 2021 15:23:53 GMT"
Excalibur OCT Round 1- Heliotrope Hart [Free] [Visual Novel],"Tue, 08 Feb 2022 04:37:39 GMT"
我要回家 [Free] [Role Playing],"Fri, 29 May 2020 05:46:35 GMT"
CheckyCheck(Proto-Alpha) [Free] [Interactive Fiction],"Sat, 10 Apr 2021 15:42:34 GMT"
Murder & Martinis 2.0 [Free],"Sun, 17 Oct 2021 02:09:34 GMT"
The Evil Forest [Free] [Interactive Fiction],"Wed, 19 May 2021 04:23:24 GMT"
Akron Art Museum Game [Free] [Interactive Fiction],"Mon, 02 Nov 2020 15:41:10 GMT"
help [Free] [Visual Novel],"Thu, 16 May 2019 05:33:29 GMT"
Ravia [Free] [Visual Novel],"Wed, 27 Apr 2022 19:25:36 GMT"
Proyecto Lovemaker [Free],"Tue, 02 May 2023 03:56:23 GMT"
Belle Époque [Free] [Educational],"Mon, 28 Oct 2019 11:33:14 GMT"
What No One Knows [Free] [Visual Novel],"Sun, 21 Jan 2018 20:28:37 GMT"
Emerald Eyes [Free] [Visual Novel],"Mon, 05 Apr 2021 21:29:50 GMT"
Interactive Storytelling Project [Free] [Visual Novel],"Mon, 10 Apr 2023 18:44:20 GMT"
The Marsh Demo [Free],"Wed, 18 Jan 2023 17:31:33 GMT"
Still Life: an inanimate love story (prototype demo) [Free] [Visual Novel],"Tue, 26 Jan 2021 15:33:01 GMT"
Flamas Negras: El Juego [Free] [Visual Novel],"Fri, 09 Sep 2022 22:18:22 GMT"
Comforting Stardust [Free] [Visual Novel],"Tue, 29 Nov 2022 13:37:58 GMT"
Heart On Ice [Free] [Visual Novel],"Thu, 28 Apr 2022 15:28:45 GMT"
Excalibur Experiment Round 6- Seed and Egg [Free] [Visual Novel],"Tue, 07 Feb 2023 03:41:36 GMT"
Trapped in Paradise [Free] [Visual Novel],"Sun, 23 Feb 2020 18:38:58 GMT"
Choose Your Own Cocktail [Free] [Visual Novel],"Thu, 13 Aug 2020 05:21:29 GMT"
Vincent Van Gogh Biography for Kids [Free] [Educational],"Fri, 15 Feb 2019 17:44:27 GMT"
Excalibur Experiment OCT Round 2- Skin Deep [Free] [Visual Novel],"Fri, 01 Apr 2022 02:29:10 GMT"
Mission ONE Don't Give Up [Free] [Interactive Fiction],"Sat, 07 Jan 2023 21:11:58 GMT"
Shepherd's Purse (Thistledown Short Story) [Free] [Visual Novel],"Mon, 21 Dec 2020 21:24:37 GMT"
Engineering Academy Simulator Plus [Free] [Visual Novel],"Wed, 25 Mar 2020 05:37:11 GMT"
Split [Free] [Visual Novel],"Mon, 10 Jan 2022 00:30:42 GMT"
Virtual hero - Beta [Free],"Thu, 06 Aug 2020 01:36:49 GMT"
Hardcore Trivia [$3.99] [Educational] [Windows] [macOS] [Android],"Mon, 13 Jun 2022 14:18:18 GMT"
From The Outside Looking In Intro [Free] [Visual Novel],"Tue, 13 Dec 2022 02:31:49 GMT"
los pollos [Free] [Visual Novel],"Sun, 07 May 2023 03:52:15 GMT"
Card Curse [Free] [Card Game],"Thu, 18 Nov 2021 01:57:17 GMT"
EDEN 1 [Free] [Visual Novel],"Mon, 12 Dec 2016 05:09:29 GMT"
Excalibur Experiment Round 7- Happy Birthday [Free] [Visual Novel],"Fri, 25 Aug 2023 23:13:54 GMT"
Bloodied Downs: Thomorian Advance 2017 [Free] [Other],"Thu, 20 Jul 2017 14:55:40 GMT"
Salvage [Free] [Visual Novel],"Wed, 07 Dec 2022 07:28:57 GMT"
Middle Ages [Free],"Thu, 18 Nov 2021 17:36:01 GMT"
Excalibur Experiment OCT Round 4- Bird In The Hand [Free],"Sat, 16 Jul 2022 19:59:47 GMT"
Teacher Leadership game [Free] [Educational],"Sat, 29 Apr 2023 23:38:33 GMT"
Mushy [Free] [Visual Novel],"Thu, 18 Nov 2021 02:04:51 GMT"
Diamond City Life [Free],"Thu, 18 Nov 2021 17:55:32 GMT"
Round 2: POOL SAFETY PSA [Free] [Visual Novel],"Mon, 06 Feb 2023 03:04:43 GMT"
Professor Quest's Games and Creativity Lesson [Free],"Tue, 28 Nov 2017 22:29:57 GMT"
Excalibur Experiment OCT Round 3- Cherry Tinted Glasses [Free] [Visual Novel],"Fri, 20 May 2022 00:53:36 GMT"
The Lucid Detective - Episode 0 [Free] [Visual Novel],"Wed, 27 Sep 2023 00:52:28 GMT"
Dirt Paths [Free],"Thu, 18 Nov 2021 17:02:56 GMT"
The Frogman of Marquette [$5.00] [Visual Novel] [Windows],"Mon, 05 Oct 2020 23:00:28 GMT"
Visual Novel Demo [Free] [Visual Novel],"Tue, 20 Dec 2022 20:02:44 GMT"
The Company Date - Browser Version [Free] [Visual Novel],"Sun, 13 Aug 2023 13:23:13 GMT"
Crimes Against Monsters [Free] [Visual Novel],"Tue, 08 Mar 2022 05:31:47 GMT"
Prologue: Lords of Agincrawe [Free] [Role Playing],"Tue, 21 Jul 2020 02:32:16 GMT"
The Hotel [Free] [Puzzle],"Wed, 11 May 2016 21:41:02 GMT"
New Introduction [Free] [Adventure],"Thu, 04 Jun 2020 20:57:55 GMT"
Final for CTCS 505 [Free] [Visual Novel],"Thu, 07 May 2020 05:34:15 GMT"
Similitude: Unroll the Scroll (web) [Free] [Puzzle],"Fri, 16 Dec 2022 19:30:27 GMT"
Flerte com a Morte [Free] [Interactive Fiction],"Thu, 14 Nov 2019 21:29:03 GMT"
TestForVideo [Free],"Thu, 23 Feb 2023 23:17:44 GMT"
解緣人 [Free] [Visual Novel],"Fri, 28 Apr 2023 16:25:26 GMT"
Concurrent Sentence [Free] [Visual Novel],"Sun, 04 Sep 2022 19:36:40 GMT"
Game of Doors [Free] [Visual Novel],"Mon, 22 Mar 2021 19:28:28 GMT"
Book Quest [Free],"Sun, 01 Aug 2021 06:48:24 GMT"
Into The Darkness [Free] [Visual Novel],"Mon, 12 Apr 2021 19:20:07 GMT"
Candy's Cafeteria - Browser Edition [Free] [Visual Novel],"Sun, 10 Apr 2022 17:50:17 GMT"
It's Your Move [Free] [Educational] [Windows],"Tue, 16 May 2023 17:41:41 GMT"
ESCAPE [Free],"Thu, 18 Nov 2021 17:39:24 GMT"
Dinosaur Savers: Communication [Free] [Windows],"Sun, 27 Aug 2023 11:50:28 GMT"
Untitled Visual Novel [Free] [Visual Novel],"Sun, 30 May 2021 22:46:34 GMT"
Salt talks to you [Free],"Mon, 22 Feb 2021 22:48:56 GMT"
Spongeboo b [Free],"Thu, 18 Nov 2021 16:43:36 GMT"
Slime Valley Adventure [Free] [Visual Novel],"Thu, 30 Mar 2023 19:06:01 GMT"
The Ocellus Care Wellness Centre [Free],"Mon, 14 Mar 2022 10:32:26 GMT"
Artist's Block [Free] [Visual Novel],"Thu, 10 Mar 2022 07:43:21 GMT"
KOUKOU DABORA-BROWSER EDITION [Free] [Visual Novel],"Sat, 20 Jun 2020 00:15:16 GMT"
The price [Free] [Visual Novel],"Fri, 15 Jan 2021 14:18:52 GMT"
bamboocut2 [Free] [Visual Novel],"Thu, 31 Jan 2019 04:45:20 GMT"
One hell of a day wip [Free] [Visual Novel],"Mon, 13 Jun 2022 01:26:58 GMT"
Elements Demo (v0.1.0) [Free] [Visual Novel],"Sat, 12 Aug 2023 18:14:58 GMT"
The Path to Virtue [Free] [Visual Novel],"Sat, 07 Dec 2019 20:01:46 GMT"
Blues Friday [Free] [Visual Novel],"Mon, 09 Nov 2020 03:25:23 GMT"
We Do Miracles [Free],"Thu, 06 Apr 2023 02:35:18 GMT"
Cold Friends [Free] [Visual Novel],"Thu, 28 Apr 2022 19:36:26 GMT"
Die Qual der Schöpfung [Free],"Thu, 23 Sep 2021 21:21:19 GMT"
Bloomin Onion [Free] [Visual Novel],"Mon, 27 May 2019 02:52:32 GMT"
yeehaw [Free],"Mon, 16 Mar 2020 23:40:23 GMT"
Conversation - CMP [Free],"Sun, 24 Apr 2022 22:08:45 GMT"
Autumn Forgotten [Free] [Visual Novel],"Tue, 10 May 2022 19:44:23 GMT"
An Argument For Non-Traditional Forms of Storytelling [Free],"Thu, 18 Apr 2019 17:50:15 GMT"
FirstDay [Free] [Visual Novel],"Tue, 09 Mar 2021 18:12:04 GMT"
S-Baka [Free],"Fri, 19 Nov 2021 19:35:32 GMT"
Purrfect Crime [Free] [Interactive Fiction],"Fri, 21 Apr 2023 14:30:12 GMT"
Las Flipantes Aventuras en el Reino Dorado [Free] [Adventure],"Sat, 04 Jun 2022 18:54:37 GMT"
Stability [Free],"Sat, 19 Dec 2015 09:44:25 GMT"
Kindness School [Free] [Educational],"Sat, 09 May 2020 03:13:53 GMT"
Clue: One Punch Man [Free] [Visual Novel],"Wed, 19 Oct 2022 19:15:47 GMT"
Project E [Free] [Interactive Fiction],"Tue, 16 Nov 2021 18:41:20 GMT"
About That Stealing Wedding Cakes Life... [Free],"Wed, 11 May 2016 20:43:32 GMT"
Keys To Nirvana = Heaven on Earth [Free] [Educational],"Thu, 02 Apr 2020 21:21:33 GMT"
The incredible story of Luis Fatio Pacheco [Free] [Educational],"Tue, 22 Jun 2021 18:54:06 GMT"
bamboocut3 [Free] [Visual Novel],"Thu, 31 Jan 2019 06:41:41 GMT"
Orpheus & Eurydice [Free] [Visual Novel],"Fri, 07 May 2021 09:08:04 GMT"
Blep [Free] [Visual Novel],"Thu, 23 Sep 2021 16:40:36 GMT"
GRIEVER [Free],"Thu, 06 Apr 2023 02:52:03 GMT"
New Draft (Interactive Storytelling) [Free] [Interactive Fiction],"Fri, 05 May 2023 17:28:07 GMT"
TLILearn [Free],"Mon, 19 Dec 2022 16:32:45 GMT"
Neuropsicologia PI3 Quiz [Free],"Tue, 24 Nov 2020 21:31:03 GMT"
Fool's Errand [Free] [Visual Novel],"Tue, 07 Sep 2021 16:19:08 GMT"
Sailor Cap's Entry! [Free] [Visual Novel],"Thu, 03 Jun 2021 22:03:12 GMT"
Death [Free],"Thu, 18 Nov 2021 17:57:57 GMT"
channal_test [Free],"Thu, 21 Apr 2022 08:42:12 GMT"
Just a test game. [Free],"Tue, 04 Aug 2020 07:21:26 GMT"
Martini's & Murder 2.0 [Free],"Sun, 17 Oct 2021 02:16:44 GMT"
CityTown Library [Free],"Fri, 29 Nov 2019 18:04:58 GMT"
Les aventures de la classe de Madame Martine [Free],"Sun, 03 May 2020 18:28:43 GMT"
櫻花樹下的國王遊戲 [Free],"Tue, 21 Feb 2023 22:39:12 GMT"
4WOTA [Free],"Thu, 18 Nov 2021 16:49:55 GMT"
The Yellow Wallpaper Ugly Wip [Free] [Visual Novel],"Tue, 24 Nov 2020 11:45:16 GMT"
A Tale [Free],"Thu, 18 Nov 2021 16:58:21 GMT"
Gamification Final Project [Free] [Visual Novel] [Windows],"Wed, 15 Dec 2021 12:13:47 GMT"
El Comienzo de la Estación [Free] [Visual Novel],"Tue, 02 Aug 2022 19:06:45 GMT"
SS Visual Novel [Free] [Role Playing],"Tue, 29 Mar 2022 11:58:51 GMT"
Meeting Marceau [Free] [Visual Novel],"Tue, 06 Dec 2022 14:10:20 GMT"
Through Empty Frames [Free],"Tue, 02 May 2023 15:56:38 GMT"
Of Capricorn [Free] [Visual Novel],"Sun, 10 Oct 2021 11:50:58 GMT"
PAD102 TRIAL [Free],"Tue, 27 Aug 2019 17:54:21 GMT"
Quiz_game [Free],"Fri, 03 Feb 2023 00:40:55 GMT"
Armor Legend VN Demo Web (be patient...) [Free],"Thu, 05 May 2022 09:32:40 GMT"
Necahual (DEMO) [Free] [Visual Novel],"Sun, 09 Oct 2022 07:08:57 GMT"
The Dark Secrets Of This School [French Demo] [Free] [Visual Novel] [Windows],"Fri, 07 Dec 2018 16:39:10 GMT"
Damona html [Free] [Visual Novel],"Fri, 09 Sep 2016 06:28:25 GMT"
SchoolGame [Free] [Educational],"Wed, 13 May 2020 00:17:55 GMT"
The Adventures of Luis Fonsi THE ARTIST OF DESPACITO [Free] [Visual Novel],"Thu, 07 Jun 2018 01:55:02 GMT"
Collateral Fates [Free] [Visual Novel] [Windows],"Fri, 18 Sep 2015 01:56:40 GMT"
Venus & Augustus [Free] [Visual Novel] [Windows],"Thu, 20 Sep 2018 22:52:37 GMT"
Repairalyzed [Free] [Visual Novel],"Wed, 16 Dec 2015 05:12:04 GMT"
Jrimp Gaiden (A Fan Project) [Free] [Visual Novel] [Windows],"Sun, 30 Apr 2017 23:35:51 GMT"
Armageddon [Free] [Visual Novel],"Mon, 05 Dec 2016 19:06:04 GMT"
Jrimp 2: Life on the Streets [Free] [Visual Novel],"Tue, 05 Jul 2016 04:44:14 GMT"
Dofeux game upload test [Free],"Thu, 21 Feb 2019 15:04:46 GMT"
Becoming a Rookie [Free] [Visual Novel],"Tue, 07 Jul 2020 18:34:41 GMT"
Dating Roulette [Free] [Visual Novel],"Wed, 08 Jan 2020 16:37:43 GMT"
KILLING QWEEN [Free] [Role Playing],"Wed, 16 Dec 2015 18:52:46 GMT"
Arcane Academy [Free] [Visual Novel],"Sun, 29 Apr 2018 13:41:15 GMT"
Universal Quiz [$1.49] [Puzzle] [Windows] [macOS] [Android],"Fri, 31 Jan 2020 16:25:51 GMT"
My Theory About The Universe [Free] [Visual Novel],"Sat, 21 Apr 2018 18:07:30 GMT"
Balls Of Heroes [Free] [Visual Novel],"Mon, 12 Dec 2016 08:01:53 GMT"
The ShuttleBae [Free] [Visual Novel],"Tue, 09 Jan 2018 19:59:45 GMT"
The Building [Free] [Visual Novel],"Mon, 12 Dec 2016 18:55:02 GMT"
Fierce Femme project [Free] [Visual Novel] [Windows] [macOS],"Thu, 21 Feb 2019 03:45:11 GMT"
shine [Free],"Sat, 17 Feb 2018 14:36:05 GMT"
cof [Free] [Adventure],"Tue, 23 May 2017 08:17:01 GMT"
mitsunari [Free] [Visual Novel],"Sat, 17 Feb 2018 21:20:03 GMT"
Arcane City: Universe Eroda 1982 [Free] [Visual Novel],"Tue, 31 Dec 2019 22:20:17 GMT"
The Man He Met [Free] [Other],"Wed, 16 Dec 2015 18:22:39 GMT"
Electric Field - Visual Novel [Free],"Sun, 06 Nov 2022 13:41:16 GMT"
GoldenSonders - Alpha [Free] [Simulation] [Windows],"Wed, 16 Dec 2015 18:22:32 GMT"
Starstruck v1.05 [Free] [Visual Novel],"Mon, 12 Dec 2016 16:44:05 GMT"
Test [Free],"Fri, 22 Dec 2017 23:34:28 GMT"
My life [Free] [Other],"Thu, 17 Dec 2015 18:02:29 GMT"
Death In Daylight [Free] [Visual Novel],"Fri, 14 Oct 2016 19:05:58 GMT"
Spiders [Free] [Other],"Tue, 02 May 2017 06:18:26 GMT"
신화와놀이문화 3조 [Free] [Visual Novel],"Sun, 26 May 2019 10:55:46 GMT"
Kaga-san's Daily Life: Kaga-san and Summer [Free] [Visual Novel],"Fri, 14 Jul 2017 15:13:27 GMT"
The Art of Negotiation [Free],"Sun, 19 Nov 2017 15:38:08 GMT"
Writing & Rhetoric: School Summer Festival [Free] [Visual Novel],"Wed, 12 Dec 2018 23:28:46 GMT"
A Turtle with Cowboy Boots [Free] [Visual Novel],"Mon, 14 Jan 2019 07:10:53 GMT"
Pepe the Poor Driver [Free] [Visual Novel],"Sat, 19 Dec 2015 06:28:30 GMT"
Crust prologue [Free] [Other],"Wed, 05 Jul 2017 04:36:31 GMT"
World Warp (Part 1) [Free] [Visual Novel],"Thu, 12 May 2016 18:17:24 GMT"
The Lovely Bones [Free] [Educational],"Fri, 30 Mar 2018 20:52:18 GMT"
Orden [Free] [Visual Novel],"Tue, 15 May 2018 12:05:53 GMT"
Hatred and an Ape [Free] [Survival],"Sun, 14 Jul 2019 18:23:13 GMT"
LIMA SILA [$5.00] [Visual Novel],"Tue, 09 Nov 2021 07:22:04 GMT"
Proto Demo [Free] [Other],"Sat, 23 Jan 2016 22:33:22 GMT"
Control Environment [Free],"Thu, 07 May 2020 15:30:51 GMT"
Into the Foramp [Free],"Mon, 14 Dec 2015 03:23:26 GMT"
P_AI_TIENT_ZERO [Free] [Visual Novel],"Mon, 20 Apr 2020 23:45:44 GMT"
Average Morning In My Algebra Class [Free] [Other],"Tue, 26 Apr 2016 02:23:27 GMT"
Return of a Soldier [Free] [Visual Novel],"Sun, 11 Dec 2016 16:12:40 GMT"
Let Me Live [Free],"Mon, 12 Dec 2016 02:27:07 GMT"
Meeting Amy [Free] [Role Playing],"Sun, 01 Oct 2017 01:28:38 GMT"
Test [Free] [Visual Novel],"Thu, 24 Mar 2016 11:21:24 GMT"
demo_v1.2 [Free] [Other],"Fri, 22 Dec 2017 22:13:54 GMT"
Game On!! [Free] [Other],"Tue, 25 Apr 2017 22:35:09 GMT"
Sanmer Ultimate Student (Smart Life Repack Edition) [Free] [Visual Novel],"Sat, 16 Jul 2022 18:40:02 GMT"
Second Colony [Free] [Role Playing],"Wed, 16 Dec 2015 17:57:08 GMT"
IGD_FinalProject [Free] [Other],"Wed, 16 Dec 2015 09:45:42 GMT"
Russia's Friendship Quest Demo [Free],"Tue, 12 Jun 2018 03:14:35 GMT"
Most Wanted [Free],"Wed, 16 Dec 2015 03:13:37 GMT"
Only In England [Free] [Other],"Wed, 04 May 2016 23:22:31 GMT"
Friendgang [Free] [Role Playing],"Sat, 22 Aug 2015 18:28:25 GMT"
Adler Jam Test #2: Midnight Adventure [Free],"Tue, 22 Dec 2015 17:57:50 GMT"
Mylifetranslated [Free] [Other],"Thu, 17 Dec 2015 18:15:48 GMT"
Adler Game Jam #3: Just Do It (corrupt) [Free],"Tue, 22 Dec 2015 18:06:48 GMT"
Adler Game Jam #1: Let's Go to the Beach [Free],"Tue, 22 Dec 2015 17:48:18 GMT"
Dress Code Prologue [Free],"Mon, 01 Feb 2021 00:17:23 GMT"
Attack on White Man [Free] [Sports],"Thu, 13 Aug 2015 17:54:53 GMT"
Story of Sharehouse1 [Free] [Visual Novel],"Wed, 22 Nov 2017 05:37:19 GMT"
A VERY Special Message. [Free] [Visual Novel],"Mon, 16 Dec 2019 21:37:57 GMT"
Dawn's VIP FF Browser [Free] [Interactive Fiction],"Tue, 06 Mar 2018 03:19:16 GMT"
Allyway 골목길 (Short Story) [Free] [Visual Novel],"Wed, 18 Oct 2017 06:24:40 GMT"
Mila's Game Demo [Free] [Visual Novel],"Thu, 20 Aug 2015 22:12:55 GMT"
Photos 사진들 (Short Story) [Free] [Visual Novel],"Wed, 18 Oct 2017 07:00:38 GMT"
Bad Luck 나쁜 운세 (Short Story) [Free] [Visual Novel],"Wed, 18 Oct 2017 06:52:15 GMT"
The Dark Secrets Of This School [English Demo] [Free] [Visual Novel] [Windows],"Wed, 26 Dec 2018 12:59:23 GMT"
Todd Howard Dating Sim [Free] [Visual Novel] [Windows] [macOS],"Sun, 25 Feb 2018 07:44:08 GMT"
Make A Sandwich And Save The World [Free] [Visual Novel] [Windows],"Thu, 18 Nov 2021 21:57:44 GMT"
How to become a good demon-daddy - Step 1: Travel to another world v1.0 (ENG) [Free],"Sat, 07 Mar 2020 16:52:37 GMT"
Butterfly Effect VN [Free] [Visual Novel],"Sat, 19 Sep 2015 03:36:23 GMT"
Analog Trendy Funtime Popcorn Movie Game [Free],"Mon, 18 Nov 2019 17:37:55 GMT"
Duke's Donuts [Free] [Visual Novel] [Windows],"Wed, 23 Aug 2023 14:00:21 GMT"
Dawn of Jrimp [Free] [Visual Novel],"Tue, 05 Jul 2016 03:37:47 GMT"
My Simple Life [Free] [Visual Novel],"Fri, 11 Dec 2015 12:28:59 GMT"
Illogical Love [Free] [Visual Novel],"Thu, 04 Jan 2018 02:22:08 GMT"
A Devil's Love Prologue [Free] [Visual Novel],"Fri, 31 Aug 2018 21:02:43 GMT"
Tomato Petting [Free] [Simulation],"Thu, 08 Jun 2017 22:24:12 GMT"
Hikikomori Simulator: Life in Reach [Free] [Simulation],"Thu, 02 Aug 2018 02:21:34 GMT"
Transmutation Omission [Free] [Other],"Sat, 25 Mar 2017 17:29:35 GMT"
O caso do roubo do ouro [Free],"Sun, 19 Feb 2017 13:42:19 GMT"
Secret Scandal [Free] [Simulation],"Fri, 28 Oct 2016 10:36:41 GMT"
Friday Night Dinner [Free] [Interactive Fiction],"Sat, 03 Apr 2021 23:59:53 GMT"
Three Wishes [Free] [Visual Novel],"Fri, 20 Nov 2015 03:28:20 GMT"
Paint By The Numbers [Free] [Visual Novel] [Windows],"Fri, 03 Mar 2017 03:04:16 GMT"
Original Diner Do Not Steal [Free] [Visual Novel] [Windows] [macOS],"Thu, 15 Dec 2016 19:58:07 GMT"
Cheap Room 값싼 방 (Sound Novel)_en/kr [Free] [Adventure] [Windows] [macOS],"Mon, 22 May 2017 06:36:41 GMT"
Bernie Sanders Dating Sim [Free] [Simulation],"Fri, 24 Jun 2016 08:04:02 GMT"
Jrimp 3: Jrimp 4 [Free] [Visual Novel],"Wed, 06 Jul 2016 03:04:38 GMT"
Timothy's Bean Romance [Free] [Visual Novel],"Mon, 11 Jan 2016 05:08:28 GMT"
The Lost Sign - Chapter I: Uzumaki Trolling [Free] [Visual Novel],"Tue, 15 Oct 2019 01:56:24 GMT"
**Eroda National Weather Service Update** [Free] [Visual Novel],"Sat, 30 Nov 2019 14:46:59 GMT"
The Void Club - ch.2 - 2.0 [Free] [Visual Novel],"Tue, 04 May 2021 16:58:25 GMT"
ID Card [Free] [Visual Novel] [Windows],"Mon, 31 Jul 2017 23:53:47 GMT"
kasane teto and hatsune miku are lesbians [Free] [Simulation],"Sun, 11 Feb 2018 01:54:08 GMT"
OPTIMIZER22 [Free] [Interactive Fiction],"Sat, 24 Jul 2021 11:12:46 GMT"
Dinosaur Savers [Free] [Visual Novel] [Windows],"Thu, 22 Feb 2018 02:18:02 GMT"
